rainfall_mm,river_level_m,drainage_capacity,soil_saturation,upstream_flow,elevation,slope,distance_river_km,past_rain_3day,past_rain_7day,humidity,month,flood
57.38,2.43,0.381,0.41,3433.5,425.8,3.34,1.437,260.94,1479.55,62.4,1,0
35.16,2.68,0.26,0.415,121.4,118.5,7.06,0.947,70.74,391.24,99.8,2,0
62.67,5.8,0.873,0.589,279.7,300.2,13.84,0.606,278.51,742.0,58.8,3,0
93.31,3.79,0.463,0.445,2668.1,428.1,4.46,2.014,230.51,620.89,51.0,3,0
31.8,3.35,0.459,0.101,963.3,205.0,13.58,0.906,154.53,604.15,94.8,8,0
31.81,7.92,0.253,0.759,3166.3,466.1,0.8,1.029,125.13,513.46,79.0,4,0
95.27,7.99,0.445,0.777,2765.4,451.6,1.25,0.1,275.99,928.59,67.6,1,1
66.86,9.98,0.884,0.772,2932.9,104.9,10.48,1.779,166.04,539.91,75.7,2,0
23.57,5.3,0.427,0.411,1519.3,130.2,2.86,0.26,54.76,204.0,63.0,9,0
58.99,1.34,0.956,0.57,3202.8,91.0,4.75,0.481,229.04,1090.68,81.7,2,0
23.78,3.65,0.952,0.424,4149.2,98.8,2.05,2.525,110.23,257.67,80.8,12,0
23.7,11.77,0.23,0.114,4990.4,454.0,4.98,0.752,98.17,475.37,54.0,9,1
48.47,7.36,0.26,0.606,4193.8,465.6,4.21,0.356,214.32,1222.67,95.5,5,0
26.96,8.66,0.876,0.211,2791.9,26.9,11.05,1.723,114.19,577.13,73.0,4,0
20.37,0.58,0.453,0.172,975.2,297.2,10.53,0.484,100.37,277.7,59.8,4,0
20.32,6.46,0.104,0.78,3410.4,282.6,14.32,0.632,84.37,198.27,65.4,3,0
4.55,0.93,0.346,0.109,4688.9,195.9,10.87,1.942,10.17,40.31,93.3,2,0
51.0,7.05,0.638,0.963,1067.2,316.2,10.42,2.693,217.79,1268.79,69.2,8,0
8.22,11.09,0.819,0.564,1287.4,473.7,10.41,2.692,21.59,113.93,78.1,6,0
9.43,11.64,0.22,0.985,753.6,86.0,13.24,1.317,47.01,199.86,97.4,9,1
91.3,6.72,0.199,0.152,3686.2,61.1,4.44,1.211,257.31,661.78,82.6,2,1
32.1,5.77,0.93,0.625,2038.7,17.7,4.5,3.099,81.04,393.48,83.8,12,0
42.36,11.37,0.776,0.414,322.9,182.6,11.12,0.429,99.01,520.02,62.4,1,0
9.87,8.25,0.631,0.859,4376.0,169.5,3.43,0.33,37.54,215.48,83.4,8,0
20.95,1.25,0.792,0.425,2792.8,216.0,13.68,2.185,39.43,175.39,69.7,8,0
43.88,5.86,0.486,0.334,1662.2,252.2,8.02,1.054,212.28,861.4,95.6,5,0
0.28,3.26,0.783,0.872,1726.5,379.2,4.5,2.476,0.72,3.23,56.5,2,0
53.15,5.9,0.435,0.437,1458.4,196.7,11.64,0.593,134.68,777.48,64.3,10,0
18.98,5.74,0.32,0.115,2282.8,166.0,4.68,0.786,31.53,142.26,53.3,5,0
29.79,7.19,0.756,0.451,1691.8,413.6,14.45,4.54,70.34,213.15,69.0,8,0
18.94,4.6,0.478,0.689,2744.3,425.0,14.74,1.095,56.18,255.34,57.4,4,0
104.83,2.39,0.983,0.329,3869.9,117.2,10.0,1.788,292.85,1616.26,92.3,2,0
39.53,6.29,0.415,0.489,3375.6,158.0,1.7,0.226,97.06,414.26,96.3,3,0
2.98,10.05,0.93,0.151,1479.3,412.7,3.95,0.394,4.9,19.63,83.5,3,0
68.79,8.14,0.94,0.629,2648.4,40.6,7.73,0.1,175.55,866.08,55.2,9,1
2.73,4.39,0.318,0.781,4202.2,163.6,12.77,1.105,11.53,53.54,67.1,12,0
47.31,11.26,0.818,0.472,350.3,224.7,2.77,9.005,143.62,319.81,98.2,3,0
28.59,10.99,0.49,0.478,400.7,94.3,1.57,4.141,71.98,352.78,56.8,1,0
6.49,2.91,0.926,0.179,2785.3,90.8,1.12,2.004,16.65,60.44,77.8,7,0
46.89,0.95,0.505,0.282,3199.2,213.0,7.6,3.948,161.33,929.82,67.6,1,0
65.85,9.03,0.77,0.239,1065.0,377.5,13.27,1.804,168.44,990.95,100.0,6,0
46.0,10.02,0.52,0.534,3728.6,420.3,0.64,0.92,170.55,647.23,64.3,10,0
35.95,11.63,0.305,0.576,3234.9,489.6,3.18,0.381,178.43,1048.34,52.4,4,0
29.46,10.73,0.279,0.954,4617.2,37.9,10.4,2.117,48.44,157.1,85.1,7,1
11.75,7.41,0.483,0.166,853.1,109.1,12.39,0.429,24.56,116.19,66.3,7,0
14.81,6.6,0.78,0.64,3759.4,378.6,12.11,1.081,31.49,72.43,82.9,7,0
23.88,0.82,0.645,0.574,427.4,270.8,11.78,3.495,73.18,188.8,55.2,6,0
77.0,3.34,0.72,0.565,2830.8,164.5,1.95,0.277,126.66,691.33,76.2,7,0
52.03,5.79,0.354,0.886,2764.0,103.6,5.96,0.276,164.99,919.86,68.8,8,1
21.71,7.73,0.533,0.285,1948.0,141.0,14.77,0.508,103.13,425.98,76.8,3,0
51.34,6.91,0.14,0.137,4224.4,215.2,14.83,1.606,79.09,265.68,92.7,5,0
26.52,9.04,0.836,0.705,31.8,89.4,9.04,0.58,73.66,280.21,98.6,10,0
16.31,3.72,0.991,0.411,2605.7,482.1,10.64,1.399,67.89,371.94,87.7,11,0
61.41,7.0,0.466,0.116,1093.6,54.7,14.27,0.719,125.32,356.4,88.3,9,0
76.08,1.51,0.11,0.326,3720.1,492.8,6.75,1.411,134.78,428.53,76.4,8,0
72.59,5.26,0.253,0.378,224.9,421.1,2.05,0.65,269.16,1383.97,54.9,6,0
10.63,9.13,0.687,0.655,4159.5,212.2,10.03,7.825,16.31,93.64,83.4,9,1
29.18,8.47,0.651,0.255,4192.1,370.2,14.4,1.357,125.64,297.99,57.4,10,0
51.59,11.89,0.809,0.472,4166.0,336.1,10.46,2.722,89.46,466.56,62.3,5,1
74.14,3.7,0.328,0.534,771.3,107.4,12.05,2.412,247.29,1132.65,85.4,2,0
23.23,6.23,0.787,0.513,3155.7,170.2,6.34,1.349,95.02,277.74,82.8,9,0
33.5,4.29,0.719,0.977,81.7,257.0,1.45,0.546,78.63,394.98,65.7,5,0
1.28,5.57,0.391,0.141,4241.3,319.3,2.53,1.43,2.38,11.69,88.6,8,0
1.87,10.35,0.591,0.956,3617.6,271.9,14.74,2.285,3.95,10.14,97.0,8,0
68.44,8.37,0.233,0.624,2660.5,237.0,7.4,1.232,307.38,1232.3,77.3,4,1
87.47,10.65,0.507,0.816,3655.7,222.1,0.18,0.171,347.27,1747.87,83.9,4,1
37.48,2.84,0.893,0.487,480.7,249.6,14.33,0.1,82.21,227.4,63.6,1,0
75.12,10.54,0.479,0.508,2648.0,217.7,7.47,0.795,300.98,1159.08,98.5,5,0
52.66,1.19,0.856,0.891,1463.5,271.1,12.54,0.326,209.58,520.39,63.7,9,0
17.42,10.72,0.631,0.906,4863.4,444.1,8.23,4.733,86.97,280.67,94.4,12,1
52.65,4.28,0.273,0.315,4287.0,316.8,1.53,0.387,151.13,434.0,96.4,5,0
93.83,4.12,0.623,0.279,3669.0,361.6,9.23,1.003,424.77,1707.71,86.0,5,0
38.75,6.39,0.555,0.547,4669.4,299.1,14.96,2.49,118.66,304.35,90.6,6,0
94.76,11.32,0.459,0.91,1740.7,321.9,0.52,3.379,439.9,1554.0,72.9,6,1
51.69,1.05,0.208,0.39,4505.4,289.6,12.63,1.299,94.11,291.8,96.0,8,0
68.77,4.55,0.475,0.687,1632.9,14.4,3.53,0.4,145.34,724.43,87.1,1,0
43.05,10.35,0.165,0.737,3666.7,499.8,5.91,0.632,192.63,924.35,66.3,5,0
29.53,5.05,0.189,0.801,3684.7,17.8,5.59,1.086,128.99,306.97,51.7,9,1
43.21,2.79,0.474,0.608,101.6,198.2,13.48,0.907,111.01,645.41,77.0,3,0
29.56,5.39,0.375,0.462,1811.7,53.5,7.57,0.857,106.1,528.26,92.0,11,0
32.31,4.93,0.933,0.97,107.0,49.4,6.71,0.283,91.75,409.54,93.0,7,0
52.5,11.03,0.438,0.65,4985.5,397.0,12.27,4.891,80.64,315.38,91.8,7,1
91.73,9.26,0.782,0.756,619.8,213.5,0.73,0.1,145.97,395.83,60.7,12,0
21.86,6.31,0.577,0.41,2718.6,400.8,1.3,1.16,36.94,216.04,71.3,12,0
11.7,11.87,0.734,0.703,3954.9,137.1,0.33,7.856,41.89,85.09,80.7,10,0
22.44,5.85,0.334,0.332,1014.3,129.0,10.32,2.156,55.59,265.15,83.4,3,0
72.04,1.17,0.948,0.321,2430.4,126.4,7.88,0.878,144.35,581.71,66.7,7,0
51.51,3.52,0.577,0.743,3041.1,308.5,13.14,0.316,246.92,1385.3,84.6,3,0
21.46,5.51,0.848,0.569,809.4,407.7,7.48,6.641,41.3,145.49,79.5,6,0
57.96,2.3,0.429,0.715,3895.0,226.7,3.33,0.1,223.68,911.4,78.3,8,0
43.4,11.4,0.19,0.342,1503.7,190.2,12.08,2.288,200.91,998.41,83.2,8,1
73.9,9.32,0.706,0.639,1063.0,486.8,4.41,4.243,153.23,335.61,80.2,6,0
15.43,3.59,0.107,0.5,2795.9,59.3,14.04,0.1,34.74,77.04,58.3,2,0
28.53,7.29,0.528,0.637,2057.5,243.8,3.76,2.583,100.1,284.95,93.7,1,0
26.28,8.8,0.274,0.362,4602.2,204.8,2.52,13.515,86.17,222.82,62.0,3,0
11.22,11.32,0.665,0.744,4401.5,50.0,7.4,2.041,37.3,75.56,87.2,3,0
50.36,10.64,0.981,0.825,2421.9,134.8,0.76,1.071,173.32,778.56,58.8,7,1
49.14,6.42,0.518,0.334,1802.7,15.2,0.55,4.149,237.07,1228.91,83.0,4,0
40.18,9.41,0.836,0.371,1634.3,438.6,7.44,1.616,67.84,395.4,94.8,2,0
31.79,6.96,0.557,0.695,1345.1,304.3,3.23,2.768,132.29,497.9,50.5,2,0
9.54,6.86,0.546,0.726,2727.3,407.7,0.14,1.772,22.07,68.83,99.0,12,0
25.28,1.82,0.937,0.734,4026.8,261.3,4.44,0.1,70.98,387.22,51.5,7,0
28.0,1.95,0.901,0.714,1560.7,300.2,7.16,0.479,50.76,272.96,50.6,8,0
11.92,6.59,0.807,0.454,958.6,350.7,5.91,0.164,36.47,164.1,92.9,11,0
34.36,3.59,0.367,0.455,2382.7,454.1,2.03,0.226,148.23,458.43,85.4,5,0
54.14,0.74,0.591,0.329,354.5,46.8,8.7,0.1,99.92,562.98,55.3,2,0
106.02,8.81,0.302,0.241,3509.4,166.1,10.65,1.093,261.29,709.04,96.9,3,1
46.11,0.87,0.5,0.723,2596.6,354.8,10.13,0.394,129.37,281.33,83.6,1,0
49.01,7.35,0.536,0.184,2486.9,479.2,5.91,3.872,91.35,473.76,55.6,10,0
37.39,6.7,0.848,0.944,1509.2,490.4,2.06,2.773,155.86,663.14,93.0,4,0
27.16,11.64,0.906,0.844,4524.3,319.4,7.49,1.703,115.53,344.97,74.0,7,0
39.07,6.07,0.473,0.872,461.5,97.6,13.36,1.343,172.92,809.88,63.9,10,0
42.11,1.23,0.116,0.916,4350.4,60.5,7.03,0.591,149.22,756.06,91.3,12,0
126.21,6.84,0.876,0.468,1889.8,473.1,2.94,1.289,413.39,2223.3,86.9,9,0
33.27,10.17,0.257,0.862,4404.3,217.5,1.4,2.05,80.47,251.76,81.2,3,1
50.55,11.96,0.66,0.242,3646.5,98.2,14.16,3.049,191.75,403.14,94.9,4,1
38.79,5.45,0.122,0.119,529.8,467.0,11.15,0.17,118.53,478.86,93.1,12,0
0.9,4.18,0.46,0.806,4159.4,53.2,4.69,2.465,4.43,24.01,61.3,6,0
80.0,10.93,0.987,0.167,3414.1,365.1,4.43,2.715,391.08,1107.27,93.9,1,0
66.32,2.7,0.191,0.99,171.2,313.0,13.43,1.637,309.59,1140.67,68.7,5,0
67.69,7.58,0.481,0.707,677.2,44.8,2.66,0.482,186.83,565.3,71.6,10,1
8.17,5.17,0.376,0.778,3181.8,170.0,8.03,1.55,22.78,46.78,98.6,5,0
89.1,0.97,0.915,0.321,3316.4,75.8,10.7,1.397,399.55,2235.1,88.0,10,0
9.06,4.49,0.882,0.706,3735.8,302.6,5.95,1.291,36.73,93.3,66.1,9,0
60.54,3.55,0.314,0.139,3604.0,239.1,0.6,1.235,240.06,1216.39,82.4,9,0
116.67,8.39,0.173,0.854,3301.0,3.1,3.42,0.235,289.17,979.26,77.0,1,1
5.33,11.41,0.664,0.253,3833.5,487.9,13.53,0.404,23.55,73.25,55.8,3,0
20.18,3.58,0.403,0.728,2879.7,175.4,7.85,0.205,71.19,410.36,94.4,4,0
43.49,9.83,0.705,0.302,1311.3,129.8,12.23,0.555,133.25,616.78,91.1,12,0
22.38,1.14,0.129,0.162,4562.8,112.0,8.34,0.612,101.35,481.18,88.9,1,0
14.27,6.69,0.22,0.533,100.9,80.2,14.15,0.562,41.1,207.1,78.0,9,0
42.4,1.31,0.718,0.252,1839.1,499.6,13.64,0.474,160.64,540.36,61.0,2,0
2.82,11.24,0.291,0.756,3647.1,148.3,7.24,2.659,8.83,37.55,94.2,5,1
56.58,9.31,0.872,0.314,2141.5,203.4,4.77,3.414,202.23,623.06,67.6,3,0
7.82,8.07,0.153,0.408,133.9,435.8,9.03,0.792,12.84,68.54,51.0,4,0
94.25,9.97,0.294,0.611,339.2,321.3,10.12,0.728,293.48,1290.49,99.1,4,1
12.59,7.95,0.999,0.356,3246.7,185.0,7.48,3.716,43.39,129.04,93.1,11,0
28.73,11.64,0.49,0.44,4824.7,449.3,12.33,1.956,92.63,518.66,81.1,2,0
68.47,8.71,0.733,0.834,2763.8,375.1,2.75,0.695,305.8,1322.07,50.6,11,0
3.08,11.13,0.264,0.261,2538.7,114.7,5.02,2.501,7.97,31.74,61.4,2,0
47.96,6.45,0.649,0.174,1598.4,322.2,10.3,0.845,220.35,471.09,72.6,8,0
85.75,1.85,0.753,0.396,1290.9,461.3,3.7,1.766,249.71,1408.19,81.4,2,0
16.26,6.57,0.383,0.482,114.7,248.7,6.6,9.822,63.92,371.34,85.4,10,0
46.46,1.96,0.846,0.588,1372.0,367.1,14.46,0.718,83.8,356.17,89.4,7,0
49.1,7.31,0.643,0.435,2251.1,485.6,9.39,5.334,108.04,407.31,77.8,1,0
67.36,6.05,0.45,0.811,997.8,345.5,14.24,0.773,280.51,964.46,82.8,1,0
3.29,7.66,0.602,0.135,445.9,52.1,10.84,1.554,5.08,15.61,90.6,10,0
6.22,0.62,0.619,0.489,3591.5,123.0,10.87,1.232,30.4,130.64,86.0,3,0
58.27,2.74,0.249,0.444,4474.2,298.0,8.88,3.057,126.28,317.26,97.7,3,0
50.39,6.15,0.462,0.683,4684.5,138.5,2.13,0.126,234.56,1331.55,93.7,11,0
48.77,11.43,0.409,0.97,3093.8,478.8,7.8,1.973,161.22,435.9,58.5,9,1
52.13,4.91,0.461,0.559,273.3,203.3,3.79,2.86,181.19,902.7,97.4,2,0
16.2,5.38,0.785,0.988,3706.9,229.2,14.98,1.278,29.07,93.82,60.2,4,0
48.13,8.72,0.534,0.372,559.4,351.1,4.0,0.223,133.71,388.35,99.6,3,0
50.26,7.44,0.946,0.128,3352.0,262.6,3.46,0.562,102.87,435.27,85.1,7,0
15.0,3.94,0.364,0.249,3899.0,191.7,9.36,2.277,50.1,253.55,81.4,6,0
105.3,5.22,0.474,0.456,3632.1,39.2,7.66,4.516,360.93,1771.06,66.2,9,1
56.58,3.0,0.808,0.385,4759.9,298.6,0.32,1.095,225.42,661.62,56.7,8,0
1.7,11.61,0.591,0.187,3693.3,433.9,1.94,1.644,7.76,25.76,56.3,2,0
62.98,2.0,0.592,0.489,3469.1,343.2,12.17,0.519,197.67,1082.3,93.3,3,0
5.89,4.78,0.148,0.404,1316.1,191.4,7.26,1.063,13.64,66.72,71.6,1,0
67.55,0.8,0.459,0.21,4624.6,64.7,2.19,0.821,180.18,874.03,78.0,8,0
80.55,3.05,0.344,0.367,905.9,408.4,6.98,2.131,359.64,1106.13,96.6,2,0
11.28,9.48,0.999,0.898,4525.4,470.9,3.8,8.36,22.67,117.16,62.8,4,0
73.72,2.81,0.378,0.372,1570.2,194.7,3.35,3.357,272.42,935.39,88.2,2,0
54.45,1.42,0.896,0.743,659.5,364.6,14.37,0.427,84.16,303.46,73.5,2,0
68.77,5.96,0.709,0.651,4135.1,206.0,5.43,1.724,162.29,511.26,60.6,3,0
106.39,0.61,0.407,0.484,22.5,251.6,0.7,0.137,379.8,944.01,92.6,10,0
31.41,1.47,0.589,0.315,4162.1,418.4,14.55,0.567,97.3,358.2,84.0,5,0
13.62,9.79,0.856,0.432,1318.9,42.6,11.92,0.378,43.96,90.89,54.7,8,0
8.87,9.37,0.895,0.633,4424.8,265.6,3.82,0.818,33.8,129.24,77.1,10,0
11.45,11.02,0.244,0.416,3460.5,108.1,6.13,2.271,26.57,130.19,92.6,2,1
37.3,10.33,0.406,0.293,3334.3,170.6,12.93,1.384,92.61,541.13,53.3,5,0
51.94,8.36,0.402,0.205,1832.9,322.6,5.36,5.403,202.34,468.3,70.8,11,0
49.68,1.1,0.138,0.892,306.4,14.6,8.51,0.478,168.13,525.44,90.3,12,0
68.95,9.5,0.638,0.496,4152.1,297.3,8.02,0.906,106.95,425.28,92.9,4,0
40.46,10.22,0.869,0.663,862.8,142.4,6.02,0.801,155.6,417.24,88.8,12,0
90.87,9.69,0.443,0.541,1867.6,335.1,9.59,0.538,333.54,822.94,65.3,3,1
30.74,6.35,0.766,0.885,3005.8,71.6,7.1,9.973,54.56,207.84,75.3,10,0
135.21,3.18,0.665,0.592,2416.4,368.2,0.32,0.98,556.55,2405.92,87.1,6,0
61.9,10.22,0.438,0.533,1001.3,323.2,12.22,5.644,205.96,1087.63,57.6,9,1
10.0,8.86,0.227,0.932,711.7,485.6,1.7,0.99,22.17,132.8,79.7,8,0
2.52,11.78,0.738,0.748,625.0,455.7,6.96,0.457,8.71,44.39,86.0,2,0
56.89,2.29,0.869,0.2,4316.4,142.4,8.7,0.254,203.89,588.29,92.5,1,0
32.18,3.1,0.717,0.26,167.5,14.6,10.58,3.87,151.9,758.26,55.6,8,0
64.99,2.94,0.116,0.808,4885.3,328.0,6.16,0.1,266.3,1104.76,66.5,5,0
56.56,9.61,0.295,0.852,1000.7,301.8,11.03,6.671,144.62,550.01,77.1,2,1
37.45,2.65,0.163,0.591,560.5,14.7,1.97,1.083,71.66,411.54,85.1,10,0
10.36,1.27,0.613,0.599,2889.1,62.2,9.8,0.568,46.49,223.52,86.5,1,0
13.02,11.98,0.781,0.669,409.1,292.8,12.4,1.922,58.08,274.55,62.7,11,0
24.37,0.79,0.2,0.495,3016.2,456.0,13.34,0.285,51.51,105.45,50.7,8,0
69.97,10.11,0.855,0.712,4254.6,453.3,8.69,0.15,120.18,656.2,84.7,8,1
47.49,4.7,0.6,0.198,249.0,76.6,4.69,3.518,189.57,980.69,95.5,6,0
3.6,10.18,0.721,0.965,4001.3,192.9,2.45,1.106,14.51,46.36,89.9,5,0
46.06,6.88,0.974,0.775,1978.4,22.6,5.18,1.461,97.65,309.4,81.1,5,0
53.49,10.87,0.175,0.668,805.9,235.2,8.1,0.389,205.32,454.56,98.9,6,1
9.06,11.15,0.911,0.385,888.7,376.8,2.94,0.127,22.45,49.46,71.7,5,0
45.38,0.6,0.213,0.245,4594.6,395.2,14.29,0.917,109.46,511.68,76.3,2,0
42.04,1.37,0.454,0.468,561.9,250.0,13.46,1.411,110.8,304.15,50.6,7,0
0.0,3.38,0.866,0.695,4335.2,48.8,0.49,2.9,0.01,0.07,97.3,4,0
52.52,8.2,0.916,0.67,2725.8,191.3,8.43,1.391,226.67,1217.11,79.2,7,0
59.63,10.72,0.556,0.444,204.9,466.1,11.84,3.051,193.51,657.06,69.5,1,0
77.91,5.79,0.635,0.652,2327.7,115.6,3.68,0.245,198.13,697.47,52.2,6,1
76.88,7.48,0.737,0.832,4089.1,160.6,7.86,0.132,353.19,1168.76,68.1,2,0
8.22,2.67,0.849,0.124,3633.8,373.7,6.09,0.346,13.91,32.97,50.2,3,0
7.18,9.76,0.209,0.506,2449.0,367.1,2.95,2.957,30.78,65.44,66.2,3,0
58.03,11.62,0.829,0.783,4301.6,456.2,9.22,2.849,246.34,938.2,97.6,10,0
57.98,3.59,0.533,0.592,610.6,194.7,14.91,0.305,138.43,799.03,57.7,1,0
58.03,6.19,0.506,0.686,4550.6,257.8,5.48,0.1,127.31,721.73,77.3,5,0
174.85,1.49,0.482,0.565,4233.7,234.2,8.29,2.312,797.55,4178.65,59.3,8,1
59.98,6.93,0.558,0.993,3544.3,463.9,4.92,3.866,207.3,935.82,89.2,12,0
79.74,6.28,0.951,0.149,4091.3,384.9,13.15,2.806,132.46,718.58,78.1,8,0
73.39,2.16,0.593,0.542,2723.6,415.9,12.97,0.453,338.91,1376.06,60.1,10,0
62.8,5.58,0.958,0.182,3379.1,67.4,2.68,1.753,170.91,464.98,93.3,12,0
28.97,4.34,0.262,0.244,2807.4,396.1,13.5,2.832,78.14,370.11,89.2,11,0
66.56,6.5,0.752,0.445,1783.6,217.1,2.27,0.591,249.72,1419.03,97.6,7,0
12.95,7.24,0.831,0.24,2848.6,12.6,1.43,1.5,49.4,102.68,50.0,7,0
31.71,0.6,0.711,0.967,1294.8,31.0,9.79,0.755,86.78,260.85,72.9,8,0
23.01,9.25,0.646,0.952,2207.0,339.3,5.79,0.511,46.06,141.02,100.0,8,0
42.87,8.7,0.608,0.402,1411.1,186.6,7.96,6.986,147.16,352.61,90.6,5,0
121.01,4.71,0.875,0.676,623.2,434.2,9.79,4.874,446.31,1295.19,91.6,7,0
25.35,1.11,0.839,0.58,1616.1,367.4,0.79,1.18,114.37,404.4,81.1,12,0
64.02,9.18,0.21,0.834,4261.4,11.8,4.39,0.294,204.58,1178.22,85.6,2,1
16.45,11.48,0.864,0.665,1911.6,343.8,6.91,2.603,61.83,336.43,90.3,4,0
23.48,3.26,0.473,0.1,3742.5,97.0,4.0,0.591,39.7,229.6,54.6,6,0
78.11,4.22,0.328,0.787,884.2,211.9,0.73,0.369,361.73,897.92,84.6,11,0
42.25,2.61,0.883,0.772,2127.9,312.7,1.3,0.961,111.76,236.06,90.8,10,0
2.28,7.13,0.489,0.559,583.1,436.5,12.03,1.509,8.46,20.64,52.0,3,0
14.96,2.28,0.828,0.913,701.7,228.6,13.67,0.205,70.43,398.41,64.9,2,0
63.79,4.6,0.337,0.918,3091.0,404.4,2.28,1.696,276.63,727.52,66.2,12,0
14.44,8.52,0.104,0.572,3041.3,391.7,3.74,0.1,53.88,231.17,92.7,1,0
47.58,6.94,0.546,0.647,1074.7,207.9,9.78,4.449,188.53,548.67,89.0,4,0
41.6,4.94,0.19,0.997,2377.4,251.0,14.31,5.07,196.46,409.14,82.8,2,0
17.19,5.33,0.779,0.369,4317.9,350.5,4.49,2.642,74.66,174.6,90.2,3,0
115.04,6.96,0.348,0.392,879.3,16.5,12.83,1.257,418.11,2023.3,72.7,12,0
62.19,0.57,0.499,0.264,105.9,445.5,7.59,0.588,236.65,645.93,93.7,10,0
30.88,1.4,0.178,0.906,3263.5,385.1,14.35,2.726,62.24,181.52,61.7,11,0
46.53,10.63,0.358,0.77,277.0,125.5,2.04,5.371,146.35,513.55,85.2,11,1
16.84,1.4,0.803,0.195,4899.9,490.6,14.61,0.345,42.99,199.02,62.1,11,0
69.84,8.63,0.236,0.984,3052.0,90.5,6.61,1.254,210.34,815.58,52.0,6,1
12.26,11.08,0.682,0.758,2357.3,457.1,14.29,0.757,46.81,270.51,64.2,10,0
35.98,3.61,0.926,0.865,2155.7,162.9,6.88,0.882,72.76,271.89,74.6,3,0
57.67,4.76,0.712,0.143,2869.6,381.8,7.95,1.041,90.02,251.74,92.2,3,0
70.3,7.04,0.83,0.554,462.2,228.7,12.07,6.065,203.12,841.83,75.4,4,0
2.01,10.64,0.198,0.729,4650.8,368.5,10.84,0.599,5.28,20.09,59.0,3,0
28.29,11.33,0.326,0.589,3132.0,78.7,9.29,1.357,84.07,432.85,99.6,6,1
23.38,9.0,0.905,0.7,928.1,135.5,6.25,6.052,111.26,638.67,63.5,9,0
17.13,1.5,0.744,0.836,2817.3,50.8,11.89,1.293,68.1,364.02,99.3,8,0
101.79,8.2,0.676,0.437,674.9,432.7,14.22,3.984,269.35,957.85,96.8,2,0
54.17,5.22,0.697,0.864,97.6,148.9,0.15,0.121,115.25,330.14,77.1,3,0
4.13,5.91,0.473,0.247,3156.3,347.5,8.82,6.117,15.14,85.65,54.6,8,0
72.13,1.07,0.14,0.344,3245.9,410.3,12.99,0.415,274.19,971.65,84.8,3,0
114.28,2.7,0.806,0.139,2922.6,450.8,9.8,7.818,364.84,1853.71,92.3,5,0
76.14,9.59,0.711,0.428,925.6,54.0,12.01,0.386,170.9,1018.24,72.3,12,0
13.18,5.72,0.526,0.442,3021.1,446.6,13.43,1.175,21.08,90.87,62.0,11,0
23.05,3.97,0.91,0.825,292.0,99.4,11.26,0.738,56.01,219.54,90.1,12,0
84.34,4.92,0.403,0.688,3050.1,368.7,10.76,1.136,261.47,1254.91,77.3,12,0
15.23,10.33,0.365,0.493,2774.5,364.7,14.47,0.577,64.85,180.01,59.9,9,0
55.53,9.11,0.886,0.687,3279.7,5.2,12.96,6.723,249.24,985.25,97.5,2,0
67.11,3.63,0.817,0.148,4478.4,111.1,12.23,0.73,197.66,642.27,97.4,9,0
7.56,1.85,0.563,0.262,4253.3,246.5,1.3,2.118,32.39,86.07,68.4,10,0
37.92,3.4,0.218,0.664,4903.5,210.6,3.59,0.296,188.7,837.94,53.2,5,0
73.44,11.09,0.294,0.677,4881.4,459.4,8.35,3.479,294.37,1266.64,81.5,9,1
4.15,7.19,0.691,0.797,3863.9,180.5,10.64,1.564,16.79,84.72,65.9,4,0
31.16,6.64,0.447,0.463,4782.5,468.6,4.55,7.769,145.93,801.46,53.3,8,0
3.67,7.36,0.853,0.75,4337.7,230.3,1.4,1.101,9.85,28.4,94.6,8,0
97.13,4.71,0.955,0.716,3640.6,482.2,4.67,0.435,149.51,765.32,99.9,3,0
10.05,9.78,0.825,0.967,386.2,368.9,11.57,0.849,49.82,172.84,67.5,5,0
24.6,6.52,0.44,0.294,254.8,414.8,13.16,2.671,79.12,357.26,87.2,10,0
44.58,1.84,0.81,0.597,4189.6,53.3,13.69,2.152,189.44,1023.17,53.3,1,0
90.44,1.98,0.416,0.642,2453.4,293.5,5.68,3.013,392.87,1188.32,68.5,6,0
10.26,6.67,0.25,0.999,4074.9,72.2,5.59,0.153,29.65,130.58,55.4,9,1
80.71,11.27,0.13,0.281,1571.5,149.5,6.1,1.737,273.97,1074.31,52.8,12,1
40.36,4.05,0.447,0.571,1994.3,312.2,5.64,5.381,136.8,706.22,79.4,1,0
5.65,10.5,0.913,0.412,3503.9,363.4,9.99,0.228,12.82,61.41,90.1,2,0
56.17,9.29,0.315,0.573,4577.5,20.6,5.37,0.198,107.39,545.38,72.6,7,1
46.97,3.35,0.286,0.309,447.9,265.9,0.31,2.522,159.81,503.67,76.2,6,0
18.99,0.92,0.973,0.143,4308.8,283.1,6.59,0.757,36.47,175.72,63.5,10,0
42.44,1.67,0.123,0.615,3967.1,40.3,3.36,2.149,115.08,509.01,86.8,11,0
26.51,8.88,0.807,0.402,1584.5,250.8,0.43,1.577,57.04,218.27,68.1,3,0
43.97,2.8,0.389,0.264,1782.5,357.2,7.06,8.547,174.76,613.99,53.4,2,0
63.17,4.77,0.134,0.392,241.8,27.6,3.09,4.397,287.57,956.58,58.3,7,0
95.51,6.27,0.926,0.144,88.5,380.4,6.79,2.267,336.46,685.93,56.4,10,0
3.32,8.84,0.226,0.955,2390.3,288.6,4.17,0.607,9.76,26.13,71.8,10,0
114.66,1.8,0.597,0.623,486.7,416.8,9.06,0.607,571.93,1278.79,53.3,5,0
28.32,5.17,0.347,0.833,978.1,109.8,14.86,4.278,44.59,240.48,90.3,6,0
34.69,6.08,0.159,0.481,4235.4,416.8,8.21,1.761,88.98,484.08,95.4,9,0
60.59,6.72,0.145,0.913,2859.4,48.2,9.7,3.114,149.98,807.63,62.4,7,1
49.83,9.91,0.204,0.535,3171.8,202.5,13.79,1.195,136.88,721.6,74.3,4,0
18.21,2.47,0.164,0.617,945.5,100.5,5.61,0.218,42.0,121.19,76.0,11,0
32.72,9.79,0.785,0.543,4145.0,438.1,2.5,0.809,79.33,314.73,99.3,9,0
22.74,8.47,0.537,0.76,4341.2,352.8,4.24,0.351,54.63,307.64,53.3,3,0
19.37,6.89,0.409,0.61,2621.4,13.7,6.04,3.045,63.35,319.22,83.4,4,0
69.74,8.54,0.477,0.344,4563.7,5.8,9.68,2.411,200.05,401.56,67.3,10,1
52.5,5.24,0.936,0.231,4225.7,146.3,0.07,0.185,196.2,752.96,75.1,3,0
15.75,2.09,0.92,0.646,3659.3,72.5,12.8,1.942,51.98,106.17,60.9,10,0
71.49,8.16,0.744,0.54,3673.0,315.5,1.14,4.145,153.12,478.14,58.0,11,0
50.76,6.53,0.896,0.186,535.9,332.2,13.51,2.39,220.03,823.59,62.2,12,0
68.45,7.85,0.388,0.456,1361.5,471.0,14.24,1.431,215.8,1202.36,53.6,3,0
62.04,4.39,0.443,0.563,343.6,476.1,14.85,0.748,126.33,583.32,63.9,12,0
10.99,10.93,0.652,0.844,53.3,329.8,12.14,4.362,22.89,78.98,84.5,1,0
20.39,7.25,0.661,0.168,800.0,3.8,2.13,1.099,87.48,346.64,82.6,5,0
66.16,1.48,0.534,0.414,4403.6,180.1,10.59,3.867,262.01,1380.66,77.7,4,0
61.36,5.67,0.461,0.84,1207.0,257.1,3.05,3.056,200.83,642.38,50.0,11,0
39.27,9.2,0.988,0.684,4851.1,250.1,13.46,3.388,100.97,450.34,56.3,9,0
44.11,9.63,0.839,0.361,2990.5,302.1,4.75,9.17,137.25,418.48,92.1,4,0
84.72,6.19,0.491,0.861,1193.9,480.3,4.9,2.763,315.8,1237.9,63.6,3,0
19.3,10.79,0.755,0.544,2490.7,442.7,13.76,0.1,88.32,185.36,95.6,6,0
59.15,3.58,0.343,0.549,1103.3,55.3,0.2,0.46,203.8,1102.36,93.7,12,0
32.92,5.22,0.19,0.979,4920.0,133.7,2.91,0.1,81.27,178.26,57.7,12,0
32.38,10.83,0.417,0.952,4237.9,416.7,6.33,0.421,53.42,154.77,94.9,10,1
78.46,10.81,0.463,0.423,140.9,412.3,10.51,0.127,165.87,553.0,81.4,11,0
68.89,8.39,0.115,0.227,4739.4,138.4,9.71,1.393,260.1,1170.62,81.5,5,1
68.47,10.38,0.833,0.393,3608.1,365.6,10.04,0.1,141.16,688.87,92.6,4,0
85.69,1.52,0.423,0.127,421.1,336.3,13.2,1.28,272.96,633.76,70.3,1,0
40.74,10.45,0.622,0.119,3356.5,237.3,1.82,4.582,160.75,349.46,86.8,11,0
63.87,4.19,0.167,0.456,3238.2,101.5,7.83,2.761,164.7,855.79,83.4,3,0
29.14,2.55,0.257,0.947,1101.8,444.4,10.88,5.763,111.95,542.83,88.6,4,0
51.35,3.25,0.901,0.884,3794.6,339.2,9.54,0.514,181.44,966.4,83.0,10,0
35.44,5.31,0.648,0.56,444.5,85.3,6.72,1.515,107.62,506.48,54.0,11,0
43.39,3.39,0.955,0.609,2452.3,352.7,0.26,0.767,201.37,1007.65,64.6,8,0
60.83,4.19,0.999,0.105,59.5,371.0,0.91,1.362,238.59,838.92,97.0,9,0
11.36,2.05,0.435,0.294,4844.0,443.6,1.78,1.629,31.38,136.86,61.2,8,0
113.23,3.91,0.369,0.122,3760.3,112.2,5.15,0.1,488.59,2551.23,73.6,9,0
4.79,7.08,0.873,0.779,802.7,494.4,1.76,0.531,19.56,52.58,67.8,10,0
2.5,5.58,0.999,0.231,1715.0,77.5,6.39,2.44,10.66,39.36,54.3,1,0
80.53,4.49,0.667,0.882,811.2,300.7,2.68,2.965,301.47,1495.86,59.1,11,0
67.71,9.08,0.816,0.679,3835.4,328.9,11.69,1.685,191.47,790.86,64.3,1,0
61.84,10.78,0.804,0.306,303.9,210.1,13.07,0.632,168.22,795.1,73.2,3,0
61.99,9.2,0.42,0.242,4203.6,238.0,5.84,1.039,234.92,745.05,93.7,4,0
39.57,4.32,0.617,0.665,4711.6,445.6,7.67,0.202,77.49,165.0,75.8,2,0
8.6,9.06,0.85,0.911,3386.4,323.0,14.3,6.123,37.56,79.5,82.6,10,0
42.65,2.25,0.719,0.747,1072.7,249.0,8.03,4.06,119.27,688.3,71.3,7,0
16.3,2.0,0.119,0.414,1806.8,65.0,14.93,0.136,60.41,349.06,93.5,9,0
74.13,4.47,0.403,0.629,2391.4,4.7,2.13,0.364,240.68,684.76,83.1,11,0
34.85,9.79,0.23,0.38,3027.1,63.4,12.93,1.74,115.63,299.47,54.5,6,1
11.11,3.33,0.31,0.999,3346.6,478.1,7.46,0.529,45.35,94.0,73.9,4,0
28.75,1.23,0.915,0.774,2775.5,382.3,0.34,5.448,106.19,310.61,91.4,6,0
54.45,2.01,0.133,0.653,1763.1,483.6,14.58,2.818,129.38,431.81,86.7,1,0
20.27,10.38,0.298,0.481,4455.7,18.8,14.48,0.638,35.67,105.76,95.3,6,1
11.22,7.79,0.379,0.656,416.1,340.4,5.75,0.1,49.84,258.63,61.4,4,0
48.53,3.41,0.655,0.407,2336.6,23.1,14.31,3.213,223.09,1114.96,98.9,3,0
48.57,6.89,0.581,0.126,3880.1,391.2,2.12,1.104,100.83,234.33,64.3,6,0
22.26,6.57,0.296,0.456,313.8,191.1,10.2,2.057,57.49,275.35,52.5,9,0
23.51,8.04,0.248,0.937,3529.6,48.8,2.88,0.676,58.51,238.84,74.8,8,1
48.12,3.18,0.313,0.664,4100.4,284.5,3.7,0.308,230.07,581.78,55.5,8,0
10.68,10.44,0.552,0.176,3307.5,140.8,11.69,2.25,23.68,117.41,84.1,9,0
9.26,4.06,0.344,0.896,74.6,330.1,5.66,1.197,19.29,45.22,95.0,6,0
14.85,8.48,0.953,0.342,908.9,329.4,0.11,0.536,31.74,85.96,96.1,8,0
32.53,0.69,0.517,0.319,1717.1,352.8,6.21,0.296,131.89,342.51,80.4,7,0
50.88,4.79,0.153,0.367,1176.1,496.2,3.42,1.737,234.47,1349.62,76.8,12,0
91.64,4.54,0.756,0.619,4813.6,194.0,10.25,2.586,263.62,1263.44,99.7,1,0
70.02,6.75,0.396,0.59,3261.5,233.2,2.92,0.668,138.38,504.4,79.0,6,1
34.4,1.34,0.688,0.542,1491.9,402.5,12.63,2.657,122.13,645.92,96.4,12,0
39.33,9.59,0.352,0.746,4649.2,289.6,4.01,0.405,87.9,251.74,95.8,11,1
4.91,3.0,0.614,0.385,3705.6,19.6,5.9,0.826,8.47,48.49,64.5,4,0
39.35,8.29,0.795,0.804,1430.2,421.7,4.47,2.732,181.09,867.06,50.7,3,0
29.9,9.74,0.935,0.258,1900.6,26.7,9.66,2.158,135.97,576.28,72.0,3,0
51.3,6.96,0.335,0.804,1005.2,86.2,1.52,0.631,252.15,1305.79,93.1,12,0
11.05,9.02,0.401,0.697,4855.7,51.9,7.17,0.261,34.9,159.8,91.8,10,1
58.18,8.11,0.518,0.715,2591.3,39.9,5.02,0.1,147.13,816.34,80.2,12,0
93.65,4.59,0.934,0.533,4481.3,13.8,13.26,3.639,392.77,2088.22,57.8,8,1
36.19,9.8,0.911,0.7,1739.0,28.5,1.1,0.156,77.15,215.36,55.4,1,0
54.06,3.89,0.181,0.172,4305.6,221.8,12.45,0.244,127.12,376.11,97.7,7,0
64.16,7.07,0.219,0.866,278.9,127.2,2.52,0.543,153.64,347.3,71.1,11,0
25.96,9.07,0.546,0.15,4910.6,64.1,1.33,1.18,125.39,361.23,82.4,10,0
47.84,4.86,0.196,0.234,4561.1,329.7,3.03,3.119,193.97,654.46,95.3,4,0
40.44,3.98,0.411,0.619,1822.4,113.8,1.54,0.569,79.58,168.35,93.5,1,0
43.42,5.78,0.234,0.765,3875.9,10.5,7.81,1.568,79.24,258.3,78.3,2,1
12.94,9.91,0.672,0.169,3763.8,209.8,14.82,0.189,57.6,292.97,74.4,7,0
40.86,11.19,0.955,0.929,4507.3,155.9,0.51,1.249,176.01,943.67,86.8,10,1
57.43,6.77,0.997,0.976,1543.2,160.0,6.92,0.391,221.02,449.88,67.5,1,0
90.79,8.11,0.438,0.645,2332.9,223.2,5.79,0.474,198.5,402.67,81.3,6,1
73.57,10.89,0.639,0.533,4326.3,334.8,5.09,0.914,234.04,605.05,51.2,4,0
115.36,1.63,0.871,0.767,3895.1,308.6,4.98,2.865,416.4,2286.17,91.2,3,0
13.14,3.17,0.206,0.396,1973.4,468.7,13.43,2.725,62.59,242.68,99.9,7,0
70.53,8.65,0.721,0.544,4230.2,259.3,0.28,1.072,147.62,875.63,97.7,9,1
46.42,9.97,0.468,0.925,244.3,236.8,11.62,0.253,153.36,851.07,68.0,5,0
116.64,10.36,0.286,0.96,3912.4,107.5,3.79,0.659,239.37,1331.0,76.6,6,1
11.71,5.27,0.462,0.934,1041.8,377.9,5.75,1.408,35.75,89.88,61.8,7,0
10.61,1.53,0.168,0.336,1437.7,71.2,6.3,4.071,23.35,91.07,65.1,10,0
19.02,5.53,0.726,0.309,2471.1,246.1,4.57,6.9,84.2,503.04,72.9,12,0
34.34,3.15,0.327,0.368,2254.2,211.2,1.4,2.029,82.12,213.19,87.4,6,0
21.6,3.85,0.38,0.497,2607.6,329.5,1.71,0.864,63.93,274.7,50.9,6,0
13.43,9.38,0.209,0.383,2728.4,458.9,4.47,2.365,39.31,132.77,69.7,3,0
45.26,1.37,0.878,0.437,1664.3,473.4,12.33,0.82,205.14,728.53,77.8,11,0
51.96,10.02,0.544,0.659,884.4,84.7,2.02,1.964,215.76,1200.3,60.8,3,0
105.67,5.42,0.615,0.786,3844.7,131.6,11.14,0.559,179.79,782.39,53.9,5,1
73.26,7.35,0.612,0.762,2005.9,406.0,4.33,0.621,127.1,639.96,77.0,7,1
19.81,1.53,0.469,0.833,2534.1,259.6,13.25,0.156,67.93,318.78,81.9,12,0
8.56,4.38,0.273,0.129,3227.0,227.1,6.42,1.09,25.64,105.54,82.1,6,0
57.22,1.53,0.771,0.143,4549.1,355.6,2.58,1.926,141.01,728.6,67.8,2,0
6.21,11.56,0.214,0.81,3540.7,301.4,14.79,3.11,26.53,156.1,61.9,3,1
104.1,9.78,0.193,0.58,236.8,485.4,2.65,3.325,203.02,1191.18,61.0,12,0
81.28,5.79,0.739,0.62,4194.4,292.4,8.51,9.771,399.02,2058.08,52.0,5,0
23.58,3.07,0.288,0.147,4946.9,233.5,8.54,0.184,37.36,147.54,59.2,7,0
19.96,11.23,0.376,0.33,2367.7,271.9,5.59,1.359,38.2,101.33,90.9,6,0
87.39,4.46,0.528,0.675,4848.3,404.5,14.27,1.474,226.29,492.84,50.2,10,0
35.99,2.35,0.504,0.873,2741.2,306.7,12.66,3.265,118.12,345.6,52.2,3,0
83.32,6.98,0.738,0.925,2303.5,323.9,12.45,0.619,188.02,631.93,56.4,7,1
15.8,11.35,0.661,0.55,1663.7,485.7,14.61,0.144,64.43,162.33,71.0,5,0
19.02,0.54,0.68,0.591,3291.2,309.6,6.86,0.753,52.34,151.73,66.7,10,0
40.18,3.24,0.743,0.85,1156.8,190.8,1.46,8.261,65.7,153.35,58.9,4,0
41.64,11.29,0.363,0.584,533.6,346.0,11.48,4.594,190.4,779.63,55.5,12,0
24.25,2.47,0.39,0.565,145.9,330.1,5.71,1.006,116.47,291.8,96.9,6,0
61.8,1.8,0.494,0.915,1469.0,7.9,2.86,4.179,226.49,1125.92,95.6,2,0
2.63,7.06,0.377,0.811,1984.9,234.2,7.25,0.1,11.38,37.91,88.6,7,0
35.02,10.41,0.986,0.918,2764.9,371.7,13.89,0.754,67.37,315.84,62.6,2,0
44.21,5.99,0.833,0.296,1470.8,250.0,2.57,2.595,107.91,596.76,66.2,7,0
58.01,11.94,0.248,0.572,4920.5,390.0,12.73,0.501,153.04,358.73,83.3,8,1
64.91,8.31,0.105,0.858,1465.8,226.0,6.27,0.442,315.62,1879.81,64.6,2,1
0.64,1.35,0.139,0.2,2210.5,491.7,2.05,3.958,2.1,9.62,76.5,8,0
13.69,11.92,0.32,0.815,525.3,147.2,12.73,1.914,20.9,46.25,82.6,12,0
84.72,5.19,0.203,0.265,1310.5,47.0,14.54,9.024,239.81,780.82,76.0,7,1
51.63,3.81,0.58,0.827,251.2,215.6,4.37,0.289,78.85,437.21,70.7,3,0
13.8,6.92,0.872,0.651,2801.9,271.3,4.55,0.881,32.19,141.16,67.4,7,0
94.29,4.0,0.763,0.274,3757.8,175.2,5.86,0.746,291.49,917.88,88.9,1,0
44.05,1.49,0.294,0.526,986.6,121.9,12.21,4.243,115.93,667.99,86.9,2,0
81.28,0.52,0.459,0.714,1845.9,336.4,0.16,0.59,131.22,675.68,84.8,5,0
42.36,5.67,0.557,0.67,92.9,189.2,3.36,0.872,80.79,399.3,68.7,11,0
112.13,10.12,0.829,0.485,4199.2,316.1,10.59,0.308,384.38,2134.73,88.8,9,1
101.44,7.08,0.855,0.909,3902.0,389.8,6.08,2.987,399.12,2027.16,97.9,1,0
31.29,11.99,0.919,0.567,325.6,380.7,4.95,0.543,91.23,287.09,84.4,5,0
74.0,3.8,0.558,0.555,1830.7,188.3,13.08,0.142,300.47,1302.72,70.4,6,0
62.59,3.73,0.725,0.156,4776.9,284.4,13.76,1.142,129.66,696.17,89.8,3,0
87.9,2.34,0.201,0.93,1966.2,225.4,14.22,0.993,169.41,461.36,80.5,5,0
6.23,2.39,0.609,0.259,2635.8,435.5,4.09,0.391,27.64,73.3,93.9,2,0
64.01,3.78,0.324,0.576,1782.7,439.5,13.69,0.287,172.02,453.42,85.7,11,0
77.04,9.62,0.489,0.823,2984.7,172.5,11.05,4.537,232.13,644.62,88.5,8,1
21.56,10.92,0.671,0.294,4891.0,46.8,2.31,0.141,103.82,250.52,83.4,12,1
1.41,11.71,0.331,0.575,4987.5,84.6,9.15,0.209,4.22,22.58,54.6,3,0
31.37,3.17,0.147,0.317,3875.8,184.1,0.4,0.562,47.44,250.18,74.3,5,0
30.57,10.63,0.109,0.784,2027.5,282.6,10.63,6.108,146.22,380.96,52.8,12,0
65.11,4.27,0.12,0.608,2477.2,328.7,11.0,0.179,100.89,486.5,72.4,1,0
92.58,1.8,0.108,0.87,1790.1,166.4,11.84,3.386,353.48,1593.45,85.8,5,0
42.59,10.51,0.199,0.905,4928.0,334.1,2.59,4.452,112.03,347.81,71.1,1,0
97.0,7.82,0.316,0.684,3541.7,468.9,9.42,0.949,305.2,887.98,50.1,9,1
8.3,2.39,0.299,0.753,2250.2,326.4,2.68,0.696,28.36,85.15,68.5,2,0
19.62,5.44,0.988,0.594,70.5,80.1,14.2,2.263,57.47,282.92,53.4,6,0
38.06,3.8,0.375,0.446,2607.2,290.3,10.13,2.426,160.23,525.1,89.0,9,0
53.44,8.97,0.215,0.683,4919.8,271.4,1.43,3.028,254.25,791.19,89.2,3,1
38.86,5.71,0.591,0.917,2620.1,435.5,2.81,3.551,70.04,146.37,90.3,6,0
32.36,11.88,0.872,0.475,920.3,175.8,9.95,0.625,139.18,783.99,51.5,1,0
36.88,1.13,0.71,0.383,120.2,212.0,7.15,2.323,71.93,360.43,51.6,7,0
5.66,4.58,0.366,0.45,1780.0,299.7,11.04,0.29,10.07,39.2,95.2,2,0
63.44,6.04,0.605,0.492,4592.0,262.7,4.21,1.43,307.39,1774.14,56.2,5,0
52.83,6.29,0.743,0.166,4982.8,359.8,9.87,1.898,169.72,538.72,83.5,5,0
7.1,4.13,0.755,0.549,4727.4,21.2,2.65,0.353,14.45,67.9,89.8,12,0
22.01,8.89,0.7,0.545,3649.8,282.2,8.16,0.159,76.94,247.79,72.4,1,0
2.93,10.56,0.884,0.63,2795.1,61.7,14.37,0.433,7.09,23.1,77.3,11,0
37.81,11.3,0.883,0.427,2957.5,158.3,9.42,1.091,118.15,635.5,61.4,7,1
73.43,9.76,0.621,0.652,2699.6,331.2,0.75,4.376,270.69,1393.51,96.2,4,1
5.5,10.28,0.487,0.89,3538.2,79.5,14.83,1.518,24.98,79.35,65.1,4,1
57.64,6.83,0.677,0.96,2100.2,155.1,2.35,2.761,87.08,202.52,60.9,7,1
21.44,10.0,0.836,0.625,3349.3,351.8,10.77,0.383,48.23,165.45,76.3,10,0
12.25,3.99,0.105,0.138,616.8,325.8,7.99,0.224,22.5,113.41,59.5,1,0
36.25,5.08,0.993,0.972,1335.8,46.4,4.42,0.548,66.7,160.23,84.3,6,0
3.77,4.14,0.265,0.735,4181.7,289.1,2.66,0.753,18.12,84.94,75.8,1,0
20.62,5.87,0.523,0.402,4519.7,74.5,2.67,1.589,98.5,547.56,57.4,6,0
1.93,3.78,0.885,0.232,2699.7,126.9,12.88,4.261,7.94,21.57,53.4,10,0
108.77,11.56,0.303,0.229,167.9,230.1,13.09,1.111,407.95,2222.84,56.8,2,1
41.23,4.1,0.529,0.251,4635.6,55.6,6.98,1.463,184.23,406.31,56.8,10,0
15.51,1.63,0.219,0.141,3513.3,496.8,1.55,0.1,26.44,123.39,65.6,11,0
47.49,6.56,0.456,0.912,2076.0,83.5,13.26,0.1,91.09,470.42,91.7,1,0
36.07,1.16,0.259,0.587,2995.9,390.9,7.31,0.175,94.14,355.74,52.9,8,0
32.27,1.77,0.427,0.73,2154.6,415.1,6.58,2.401,142.41,400.88,56.4,7,0
61.5,3.02,0.436,0.845,2332.0,497.2,6.11,1.332,193.88,1104.93,65.1,2,0
66.51,5.84,0.994,0.812,4435.2,214.9,5.48,0.429,217.0,451.33,77.7,2,0
21.43,5.48,0.995,0.894,813.8,437.2,7.89,1.796,49.35,208.26,88.1,5,0
19.85,9.7,0.203,0.971,527.3,478.8,9.07,1.573,74.81,261.18,96.1,4,0
30.37,9.0,0.753,0.495,23.6,87.3,7.0,0.186,139.94,537.97,70.6,12,0
40.57,5.4,0.147,0.955,1576.9,240.2,13.45,2.046,107.64,446.29,55.3,4,0
13.03,4.34,0.127,0.751,745.6,30.9,4.76,2.915,47.79,197.8,60.7,9,0
87.84,4.14,0.195,0.164,1107.7,310.7,8.67,0.675,233.82,658.07,64.4,11,0
97.57,9.4,0.969,0.714,66.1,291.1,4.5,2.326,417.08,1968.13,89.3,1,0
31.28,1.1,0.947,0.718,1143.7,102.9,11.3,0.446,98.93,205.44,84.3,10,0
60.18,0.65,0.275,0.915,1670.2,399.2,1.53,2.827,161.77,337.25,60.5,9,0
50.89,9.65,0.246,0.436,167.5,19.6,2.83,4.856,151.16,591.64,91.9,12,1
147.76,5.99,0.316,0.626,3043.4,403.3,12.02,1.166,268.82,1120.34,93.0,3,1
79.19,2.01,0.564,0.111,2848.3,14.3,2.75,0.561,358.82,1112.18,94.1,8,0
35.52,3.21,0.613,0.399,494.2,328.8,9.39,1.019,172.4,725.24,63.8,5,0
6.56,11.22,0.299,0.156,2979.1,40.3,14.55,0.576,20.79,84.5,56.7,10,0
16.23,10.38,0.781,0.57,4993.3,126.4,7.84,0.1,36.91,125.37,55.2,3,0
47.12,8.66,0.379,0.836,4722.9,361.2,2.81,2.102,180.3,830.66,70.0,9,1
13.53,6.05,0.93,0.286,23.3,140.9,4.81,0.1,41.71,243.25,71.5,9,0
9.78,6.48,0.691,0.575,3978.9,256.1,12.35,0.472,23.3,92.36,93.4,8,0
17.37,11.72,0.493,0.284,1774.5,457.7,5.27,2.564,28.39,146.05,63.4,3,0
2.15,11.61,0.811,0.209,327.6,25.8,10.85,2.192,9.9,29.61,81.3,3,0
99.05,2.98,0.836,0.56,1487.0,405.7,11.66,0.152,424.78,2144.22,89.4,10,0
70.86,9.83,0.361,0.171,1615.5,33.6,7.52,2.158,311.88,1433.28,63.5,12,0
39.72,2.77,0.406,0.629,2621.0,64.3,11.75,5.335,120.73,550.38,63.4,11,0
91.8,2.96,0.942,0.128,3308.8,60.5,4.75,0.155,379.71,2115.81,83.5,10,0
42.71,8.28,0.248,0.196,3747.8,497.1,7.74,1.075,150.94,442.77,86.3,3,0
9.86,5.16,0.138,0.595,1237.1,90.9,10.3,2.614,27.71,96.26,98.0,11,0
93.31,11.21,0.509,0.632,1615.6,448.5,2.52,2.204,415.19,968.33,92.5,6,1
58.86,1.52,0.821,0.126,1548.8,495.5,4.1,0.514,294.05,1442.18,91.1,12,0
3.7,6.38,0.795,0.616,1820.1,192.5,9.78,0.356,17.18,92.34,84.6,2,0
33.34,11.06,0.928,0.855,4998.3,315.9,9.83,3.067,140.58,509.35,55.9,9,1
9.35,10.9,0.58,0.75,3891.9,389.8,7.4,6.258,38.5,131.95,90.5,2,0
8.4,2.3,0.19,0.218,4875.2,196.9,11.93,2.918,31.71,146.96,96.8,10,0
72.42,4.72,0.63,0.633,3468.6,81.7,7.23,6.605,324.98,748.22,69.5,8,1
106.83,7.62,0.801,0.705,2037.3,217.4,13.22,1.858,344.61,1094.26,65.7,10,0
8.95,2.33,0.184,0.134,1954.8,386.2,11.04,5.293,19.12,66.24,76.1,4,0
59.7,11.63,0.255,0.87,2448.0,390.6,4.72,2.345,250.05,1018.8,97.8,4,1
17.23,11.02,0.111,0.916,2090.2,116.0,5.93,4.791,81.28,317.52,52.5,5,1
22.95,2.42,0.634,0.865,4143.3,88.3,10.02,0.352,61.85,175.32,85.4,1,0
19.27,1.89,0.898,0.842,2330.4,460.4,13.42,3.381,81.7,340.12,90.7,4,0
9.76,1.48,0.704,0.77,1485.1,23.0,2.68,0.438,23.99,136.83,89.4,6,0
41.7,10.96,0.984,0.67,3876.6,367.6,7.72,0.1,200.11,421.91,78.3,12,0
10.92,2.73,0.157,0.711,4273.6,24.2,1.78,1.458,42.49,200.6,96.0,10,0
49.47,5.29,0.913,0.826,2107.9,419.1,4.19,0.766,172.76,777.21,56.7,2,0
38.24,5.66,0.833,0.696,3342.4,452.8,10.29,0.1,161.74,921.58,62.3,11,0
31.64,7.39,0.383,0.395,303.4,149.4,1.17,7.855,137.5,629.96,65.3,3,0
8.24,1.32,0.976,0.438,2652.0,37.9,9.94,2.196,38.07,171.31,50.4,11,0
19.81,3.11,0.359,0.907,234.5,240.9,13.51,4.642,92.21,468.35,68.5,4,0
66.44,11.21,0.9,0.115,155.7,149.9,14.54,13.988,111.91,343.7,58.0,3,0
57.53,10.95,0.893,0.729,3068.5,209.2,3.25,0.995,111.05,486.71,86.2,9,1
5.79,9.48,0.782,0.959,1523.6,332.8,11.23,0.588,25.41,103.6,70.7,6,0
43.48,0.72,0.607,0.736,3715.3,105.7,13.9,0.406,209.17,785.22,85.2,11,0
66.3,4.26,0.208,0.995,4481.5,179.1,1.37,1.448,170.84,396.0,64.7,5,1
18.43,7.72,0.579,0.719,705.6,391.5,6.21,1.863,28.2,89.4,56.6,5,0
59.02,3.66,0.421,0.131,3625.4,322.2,13.79,1.279,155.18,484.17,56.6,2,0
16.81,10.96,0.813,0.844,2577.5,163.8,3.04,0.98,47.74,233.76,60.2,12,0
59.97,7.79,0.782,0.356,569.5,332.5,14.01,0.369,249.7,1418.93,55.8,9,0
13.29,1.33,0.92,0.501,3261.4,382.9,7.91,1.166,22.14,64.72,61.0,2,0
23.17,10.95,0.113,0.381,3051.2,296.7,1.5,0.178,52.0,119.52,79.0,5,1
16.96,11.51,0.828,0.342,2583.1,120.5,6.75,4.006,78.52,471.13,62.8,7,0
41.68,1.39,0.945,0.488,4633.1,1.1,4.89,0.1,85.11,405.54,67.1,3,0
49.09,6.62,0.81,0.441,2610.2,401.6,4.23,0.958,204.09,1131.84,52.6,8,0
8.35,3.99,0.217,0.67,4952.7,411.5,8.12,0.211,23.08,59.45,94.6,5,0
62.35,5.02,0.173,0.832,2551.1,349.1,7.25,2.983,238.14,1239.04,56.9,10,0
18.15,2.57,0.119,0.367,588.1,39.2,7.23,0.75,31.92,167.69,67.4,12,0
37.69,7.15,0.666,0.292,2357.7,293.0,1.32,0.24,94.33,245.82,69.0,3,0
2.39,11.52,0.667,0.7,919.8,410.7,12.03,1.516,7.13,18.85,88.6,3,0
17.19,6.29,0.988,0.703,2989.7,195.4,7.22,4.96,77.34,246.08,74.2,3,0
41.66,1.45,0.458,0.911,3468.7,99.8,12.31,4.786,144.65,414.73,69.1,11,0
9.89,7.63,0.399,0.114,2347.5,294.2,12.37,0.574,16.39,96.75,84.8,12,0
26.54,4.41,0.662,0.868,497.5,413.3,4.76,2.544,114.3,394.53,79.9,3,0
75.22,10.34,0.843,0.569,2348.5,25.4,0.07,0.1,127.18,641.67,53.9,4,0
19.81,5.5,0.943,0.659,416.5,298.9,13.67,0.283,94.49,493.28,65.6,10,0
69.25,2.72,0.823,0.182,3413.8,321.9,11.41,1.384,155.19,549.95,98.9,1,0
0.46,2.7,0.484,0.489,3953.9,301.6,1.61,0.52,1.48,6.98,74.2,12,0
58.54,9.34,0.671,0.305,4812.3,325.4,10.53,3.202,102.63,249.5,71.2,3,0
90.45,3.55,0.871,0.329,752.5,316.1,0.3,5.349,313.52,1124.85,57.5,10,0
46.51,9.32,0.542,0.554,2666.8,66.1,0.42,0.1,150.7,884.49,92.0,10,0
12.11,2.87,0.295,0.831,2842.0,118.2,7.89,0.53,35.55,95.06,56.7,5,0
60.2,4.2,0.253,0.769,4613.2,309.9,1.44,1.158,97.79,346.46,55.3,8,1
32.89,5.85,0.1,0.632,3140.1,9.8,14.47,1.656,150.53,777.05,72.0,8,1
52.99,11.35,0.746,0.585,736.1,317.7,13.41,4.952,228.35,1064.48,71.8,9,0
18.86,11.21,0.2,0.485,2187.4,333.0,9.75,4.449,70.08,317.18,99.1,9,0
43.03,2.88,0.319,0.975,3277.3,120.3,0.96,2.028,150.73,815.89,56.4,6,1
34.55,4.62,0.368,0.604,3504.4,299.5,4.87,0.595,135.87,287.54,74.2,10,0
80.87,2.22,0.604,0.329,4316.7,267.5,5.58,3.058,162.07,824.05,60.1,7,0
48.9,6.36,0.458,0.307,910.7,131.1,7.21,0.453,232.99,1288.51,85.1,12,0
51.82,5.8,0.707,0.65,4758.2,232.0,2.53,6.715,129.35,267.07,69.6,11,0
25.58,10.86,0.15,0.571,305.1,454.9,8.66,0.1,97.16,411.56,82.4,12,0
22.93,11.2,0.212,0.107,4919.0,213.9,6.54,1.687,83.1,282.08,66.9,4,0
24.86,4.91,0.549,0.847,4290.3,315.3,14.21,0.185,92.68,204.19,78.2,3,0
53.81,6.15,0.403,0.734,3304.8,18.6,14.04,1.047,246.23,903.92,73.5,11,0
25.27,10.81,0.366,0.696,3677.6,39.8,8.48,2.015,64.07,293.17,68.7,3,1
50.14,9.78,0.16,0.162,372.7,41.6,9.67,2.34,206.65,1172.97,76.9,2,0
112.64,0.54,0.906,0.426,217.0,389.3,2.07,3.08,404.87,1814.66,69.2,8,0
70.49,4.18,0.723,0.942,517.8,175.8,3.35,1.799,124.5,675.65,90.3,7,0
28.59,5.35,0.209,0.876,445.9,114.6,13.51,0.579,84.32,209.66,74.8,8,0
82.04,3.14,0.159,0.357,2741.4,373.9,10.49,4.401,363.68,1033.61,95.2,6,0
25.72,2.8,0.977,0.241,1085.1,85.8,2.84,3.333,66.96,393.81,61.1,10,0
31.33,0.93,0.713,0.504,4302.4,124.0,8.55,0.349,99.89,554.36,55.6,12,0
4.72,7.9,0.476,0.42,2234.3,216.0,14.02,3.503,15.14,44.53,69.0,10,0
25.48,3.52,0.732,0.714,3480.6,166.4,5.18,7.198,93.33,418.46,59.2,5,0
27.7,1.1,0.781,0.97,3267.8,293.1,2.79,2.028,127.24,439.05,69.7,1,0
40.64,3.16,0.802,0.427,1606.1,169.6,14.13,0.662,85.65,331.86,60.4,8,0
98.68,9.72,0.53,0.156,1223.4,197.1,6.92,1.866,322.29,1754.39,93.4,2,1
51.44,10.29,0.487,0.908,1718.9,431.6,6.26,0.839,153.55,758.99,78.4,1,1
32.33,6.06,0.11,0.134,3985.3,442.4,4.01,2.254,81.98,242.16,74.9,9,0
69.03,5.28,0.934,0.957,2935.5,414.0,13.37,1.574,325.72,1063.15,89.4,11,0
37.39,11.75,0.643,0.698,1275.2,432.6,12.68,5.304,57.15,180.54,56.5,11,0
48.25,2.81,0.283,0.948,4091.1,285.3,6.04,1.924,92.99,476.35,92.9,8,0
66.98,2.98,0.928,0.28,283.2,323.5,0.46,0.482,272.39,1078.76,74.2,11,0
11.75,3.86,0.923,0.137,3498.9,279.0,6.7,2.583,28.46,165.15,56.8,9,0
80.03,2.49,0.99,0.539,2201.1,393.0,2.71,0.716,322.62,1699.14,91.0,5,0
51.85,4.86,0.887,0.506,3659.1,275.9,2.14,0.636,228.8,650.88,73.0,3,0
25.46,10.97,0.998,0.398,4638.0,56.4,5.9,0.994,60.89,313.21,80.2,11,0
62.15,7.58,0.32,0.962,3752.7,405.0,1.49,0.1,134.97,543.17,94.7,8,1
119.47,5.24,0.858,0.84,2215.4,380.5,14.36,6.957,239.97,723.47,94.5,4,0
46.37,11.25,0.841,0.695,763.4,410.3,0.71,1.52,102.02,352.3,94.6,1,0
48.69,1.06,0.308,0.247,4033.7,96.0,6.02,2.97,118.56,698.15,70.8,9,0
23.92,2.92,0.189,0.761,2308.9,136.5,2.44,0.596,108.62,427.52,87.5,11,0
10.26,7.01,0.981,0.754,385.8,148.6,10.33,2.746,43.02,209.88,61.7,4,0
69.06,7.58,0.366,0.483,3598.1,254.5,1.18,1.675,104.04,406.62,91.6,12,0
10.04,0.95,0.884,0.932,1466.3,67.8,8.2,1.104,45.76,159.54,67.1,2,0
42.5,5.13,0.104,0.25,254.0,193.3,11.6,7.058,75.48,391.42,73.2,10,0
23.28,7.97,0.119,0.341,4514.7,91.9,14.25,1.362,88.32,476.33,94.6,3,0
56.76,8.53,0.519,0.157,2420.7,133.1,10.48,2.143,115.24,263.62,90.3,6,1
51.68,7.84,0.315,0.816,1412.0,353.5,1.49,0.1,88.78,276.63,97.6,9,1
76.31,4.19,0.721,0.66,3584.8,427.6,1.33,0.718,317.4,1279.61,68.2,6,0
22.15,1.58,0.609,0.383,4430.7,12.4,10.97,4.391,69.44,226.8,57.6,12,0
30.55,5.41,0.17,0.247,11.5,283.4,3.23,2.846,109.9,564.24,95.5,12,0
5.74,1.98,0.246,0.136,3442.4,19.0,6.71,1.539,17.17,42.21,74.7,4,0
24.45,11.4,0.449,0.25,3837.4,43.5,14.65,4.608,42.42,220.22,94.5,1,0
53.21,5.96,0.267,0.508,1057.5,352.8,12.3,1.332,217.54,972.74,86.6,2,0
66.49,4.15,0.813,0.322,2453.2,368.1,12.7,1.672,290.66,917.76,93.7,7,0
7.72,9.31,0.474,0.333,455.5,407.2,12.91,0.963,12.71,42.92,82.7,3,0
70.44,6.23,0.184,0.888,3736.3,237.6,9.29,1.935,198.28,541.62,90.6,2,0
87.45,4.07,0.536,0.564,4238.8,430.0,11.16,0.768,301.75,908.35,56.0,12,0
54.47,9.84,0.182,0.756,549.9,84.3,5.38,0.974,197.08,959.6,98.4,6,1
105.69,10.47,0.216,0.132,4084.1,125.6,14.98,6.782,372.39,1304.7,59.0,4,1
12.92,8.24,0.316,0.429,3860.1,68.1,4.19,0.236,50.7,240.84,51.2,1,0
3.56,1.04,0.874,0.531,1741.1,399.0,8.85,0.222,17.4,70.58,76.5,9,0
22.26,7.01,0.932,0.268,3454.5,115.1,4.23,0.1,63.81,164.7,85.6,9,0
92.36,9.28,0.844,0.208,10.2,78.6,1.68,0.771,318.48,1272.73,85.8,11,0
62.9,2.07,0.401,0.883,4659.7,311.9,8.51,1.016,248.26,1247.74,67.0,5,0
38.05,3.13,0.345,0.945,2756.4,39.5,5.3,0.199,135.99,433.89,87.7,8,0
49.8,10.65,0.594,0.171,3105.5,23.4,8.75,1.593,142.11,652.6,92.1,6,1
0.61,0.73,0.75,0.414,3326.7,54.3,8.38,1.751,2.24,6.26,80.5,7,0
125.6,9.16,0.994,0.962,2811.2,1.1,8.13,2.781,474.19,1205.78,69.3,6,1
44.52,5.95,0.218,0.175,4285.3,348.8,1.85,7.457,157.94,543.45,80.7,7,0
43.83,5.64,0.144,0.679,3052.4,281.6,6.6,1.932,97.21,345.75,93.1,3,0
65.4,0.58,0.725,0.975,4539.7,105.7,12.18,0.237,213.93,1079.05,95.0,11,0
56.84,9.92,0.849,0.98,2915.8,117.3,4.73,0.185,261.17,1002.98,51.6,3,0
47.84,4.64,0.862,0.524,863.9,405.7,6.66,3.006,217.18,504.93,56.1,10,0
12.33,6.72,0.711,0.246,4568.7,251.4,7.41,2.102,50.91,230.92,50.2,3,0
56.5,8.29,0.959,0.282,3411.3,349.6,12.94,0.353,222.63,863.12,74.6,10,0
105.87,8.58,0.56,0.901,3499.2,226.9,9.83,0.584,215.6,717.22,71.8,6,1
87.09,11.49,0.922,0.921,4927.6,119.6,1.5,2.775,270.69,1409.97,77.3,1,1
95.76,6.61,0.971,0.647,385.2,485.2,12.98,1.67,180.83,473.33,84.2,12,0
22.11,5.1,0.862,0.79,2148.7,283.3,12.48,1.759,96.4,544.93,68.3,12,0
5.36,11.47,0.379,0.766,1203.1,66.4,11.3,0.471,13.51,45.07,60.4,9,1
35.6,7.88,0.277,0.696,3155.8,203.6,6.99,1.983,148.94,572.49,69.7,9,0
41.95,3.93,0.593,0.845,4036.0,165.3,11.36,2.945,182.53,1043.5,50.5,4,0
78.3,1.95,0.508,0.717,4831.9,107.8,7.18,4.33,362.02,1826.39,91.5,2,0
19.24,10.19,0.89,0.581,2278.4,466.8,11.05,2.669,79.61,182.88,69.2,7,0
93.53,4.67,0.19,0.313,3933.2,440.6,13.2,1.718,325.18,1402.55,81.1,7,1
34.47,8.1,0.332,0.769,4586.1,100.4,13.36,2.237,123.87,401.53,66.2,6,1
25.06,5.91,0.777,0.526,3419.8,176.7,6.82,1.328,65.71,265.06,80.7,8,0
4.58,2.79,0.185,0.365,1221.2,381.4,12.89,0.515,9.7,48.22,77.0,3,0
17.92,7.42,0.389,0.822,3043.2,105.0,1.52,4.278,35.07,139.76,60.4,2,0
68.81,1.2,0.448,0.727,4850.1,296.2,1.53,1.521,147.05,335.89,81.3,10,0
42.57,5.25,0.66,0.944,4937.9,350.2,8.22,1.804,202.99,836.31,55.5,1,0
5.15,6.79,0.242,0.249,3215.4,327.3,9.78,9.232,10.69,22.4,74.1,12,0
5.33,5.51,0.875,0.684,4436.1,353.5,2.29,8.402,21.49,72.92,86.0,3,0
28.25,9.11,0.503,0.32,1009.7,353.6,7.08,1.765,60.62,237.17,77.5,8,0
98.42,10.02,0.925,0.913,1237.9,482.4,1.42,0.1,483.57,2214.11,87.3,12,0
30.91,9.37,0.521,0.19,4764.9,173.9,9.03,1.009,86.04,346.28,63.7,8,0
12.61,0.95,0.348,0.691,684.8,439.4,12.83,5.539,37.1,96.76,52.4,7,0
31.4,2.73,0.228,0.812,963.6,11.9,11.06,0.68,91.55,524.49,52.8,12,0
30.45,6.67,0.103,0.419,2108.5,144.8,5.67,14.441,132.71,610.62,63.4,2,0
54.39,11.25,0.579,0.959,2952.0,25.3,14.91,0.176,123.14,402.41,70.4,3,1
38.1,10.1,0.196,0.866,3023.0,326.0,9.94,1.679,167.97,984.91,76.9,7,1
31.92,10.19,0.453,0.365,1467.0,51.3,12.23,1.449,121.28,670.7,87.9,11,0
64.37,3.99,0.63,0.107,4603.9,423.0,10.05,0.59,146.18,376.25,92.0,8,0
104.71,5.44,0.348,0.367,4576.3,323.6,14.84,5.937,181.04,836.72,84.7,9,1
79.43,5.91,0.258,0.353,1966.4,15.4,12.32,1.931,334.6,1418.78,73.2,6,1
30.59,2.31,0.797,0.901,2177.1,357.7,7.79,0.523,69.33,192.12,63.2,10,0
1.27,0.86,0.952,0.97,3515.5,431.2,5.5,0.969,5.86,17.21,71.4,3,0
130.07,11.39,0.19,0.163,3318.3,330.9,10.23,2.555,254.18,1081.58,63.7,9,1
42.07,3.27,0.24,0.524,1917.7,16.2,8.85,0.707,153.87,505.49,81.2,5,0
40.49,3.26,0.964,0.593,2077.1,429.1,9.44,4.234,158.82,847.97,90.9,12,0
39.16,1.46,0.134,0.184,1746.7,366.5,5.15,0.362,148.87,355.94,75.9,4,0
46.93,11.18,0.98,0.44,1184.6,189.8,6.43,0.614,122.31,691.81,52.3,9,0
34.95,7.17,0.104,0.385,2296.1,165.0,8.37,0.313,159.51,855.33,97.0,10,0
19.92,8.17,0.886,0.582,3435.3,240.4,12.59,0.22,83.56,413.99,64.7,12,0
20.86,10.98,0.377,0.695,3712.4,433.7,11.44,0.714,68.54,209.07,95.7,2,0
38.85,4.47,0.945,0.733,3896.6,126.8,1.78,14.209,140.32,681.94,90.7,10,0
20.98,7.65,0.385,0.223,1879.9,51.4,3.68,0.198,73.06,274.34,70.7,4,0
15.05,0.95,0.689,0.832,3825.5,432.5,0.4,0.479,72.44,328.54,52.8,6,0
43.73,2.65,0.172,0.711,42.5,14.1,0.12,0.634,202.77,659.06,97.4,11,0
31.08,10.06,0.318,0.9,2390.5,455.6,3.37,1.931,72.23,385.94,83.0,6,1
92.64,9.32,0.796,0.504,3971.6,153.6,11.99,2.736,224.16,484.69,62.5,12,1
52.78,4.53,0.576,0.905,3153.9,254.6,13.57,2.788,260.49,1241.46,76.7,11,0
78.2,4.83,0.935,0.879,2375.6,67.0,5.88,0.1,182.05,967.53,81.8,10,0
83.61,6.64,0.486,0.495,3226.8,451.2,8.45,2.11,404.45,1854.7,61.3,5,0
32.57,0.5,0.883,0.443,4535.7,375.2,10.59,1.992,122.92,340.23,54.7,10,0
28.01,3.27,0.504,0.94,2836.2,462.2,14.29,1.458,46.92,147.33,63.4,7,0
27.0,2.89,0.981,0.744,4000.9,341.9,13.69,0.954,72.23,293.21,52.4,5,0
9.26,3.38,0.964,0.935,4903.9,93.2,0.86,3.193,29.33,97.32,53.5,6,0
12.78,9.77,0.396,0.817,3530.8,154.8,3.72,0.843,56.42,113.95,57.8,1,0
1.13,3.72,0.897,0.648,2870.9,243.9,0.74,0.523,2.99,6.48,57.9,8,0
101.33,2.7,0.863,0.204,197.1,304.0,9.25,0.742,262.14,1329.34,62.4,5,0
72.75,6.3,0.29,0.362,1878.6,463.3,10.66,1.158,343.44,801.88,96.9,5,0
84.5,10.45,0.662,0.972,2831.6,192.6,4.62,0.482,150.13,857.57,78.8,10,1
65.26,3.28,0.165,0.387,3988.1,351.8,12.81,1.871,223.86,844.16,71.1,6,0
0.48,1.4,0.853,0.184,2196.1,480.5,6.79,4.312,1.58,7.94,78.2,6,0
21.64,4.6,0.257,0.737,4800.7,77.0,14.98,1.81,36.81,92.09,50.3,8,1
57.13,9.1,0.164,0.761,1366.3,431.5,0.01,1.184,103.24,589.09,94.7,4,1
2.77,6.83,0.46,0.357,3725.4,210.9,1.64,3.188,7.87,16.81,76.6,4,0
64.95,9.89,0.619,0.368,2101.0,366.5,4.53,2.757,127.93,277.43,72.6,3,0
31.59,11.54,0.869,0.522,2435.1,147.5,0.38,0.915,100.24,222.36,97.1,9,1
26.88,9.62,0.977,0.12,4014.5,167.7,11.74,1.853,97.61,235.59,86.5,8,0
64.88,7.44,0.496,0.81,1488.1,14.5,0.79,2.618,254.34,1003.95,66.9,5,0
55.55,6.17,0.154,0.385,493.1,485.7,11.23,0.563,189.57,976.87,96.8,11,0
27.37,0.96,0.774,0.868,2606.1,406.9,0.79,0.912,77.41,243.06,92.6,8,0
80.58,11.82,0.609,0.822,2648.7,47.9,3.79,0.224,157.46,784.64,97.7,6,1
2.16,4.91,0.503,0.695,3987.9,499.8,12.62,8.793,5.12,26.08,54.8,5,0
61.56,2.25,0.378,0.392,4841.9,302.9,14.27,0.18,182.7,1029.18,97.8,9,0
60.76,8.17,0.552,0.565,286.0,427.0,6.22,0.369,287.66,747.16,77.1,9,0
29.17,3.77,0.405,0.5,2962.5,34.3,14.55,1.307,64.43,163.79,83.6,11,0
51.41,7.24,0.781,0.405,3409.6,195.3,9.4,4.009,151.5,377.0,60.6,8,0
3.79,7.25,0.59,0.863,4929.1,335.2,6.24,0.88,15.39,52.92,57.0,12,0
72.34,5.63,0.889,0.535,4713.5,54.1,12.04,2.927,287.06,1136.1,54.0,10,0
33.53,10.12,0.589,0.849,3565.1,245.0,4.43,2.254,163.6,629.29,71.1,3,1
21.7,3.55,0.314,0.195,2613.7,221.9,3.99,2.036,47.06,142.5,61.1,9,0
76.72,5.66,0.866,0.227,816.0,108.8,9.85,3.729,119.51,536.34,54.1,6,0
15.35,6.68,0.601,0.98,1927.0,150.8,5.86,0.1,40.34,135.25,97.8,9,0
9.3,8.13,0.286,0.629,2929.8,483.6,2.04,5.294,18.81,65.18,86.7,1,0
14.48,9.52,0.661,0.559,3628.7,145.0,1.0,3.535,49.52,119.95,75.9,1,0
61.21,5.04,0.422,0.571,3180.6,107.5,11.82,5.557,284.37,1242.38,87.2,6,1
4.82,7.93,0.86,0.294,3573.5,268.6,10.14,3.156,18.82,86.97,80.6,12,0
101.42,2.23,0.508,0.747,2151.5,335.8,6.18,4.217,200.33,1008.02,58.9,4,0
32.87,11.23,0.754,0.176,3640.9,362.8,13.44,0.454,62.66,351.88,81.7,5,0
99.38,4.91,0.186,0.616,727.3,377.4,6.16,0.769,466.08,2360.24,84.1,5,1
47.39,8.89,0.456,0.614,821.3,19.4,10.65,0.757,151.95,447.18,61.9,3,0
36.62,0.73,0.985,0.923,822.5,197.5,13.64,0.231,173.29,509.94,66.0,9,0
20.93,2.86,0.828,0.574,4455.4,387.2,12.61,2.616,85.32,482.93,69.2,1,0
53.97,6.1,0.244,0.223,389.4,452.5,7.67,0.293,268.59,1386.08,80.1,6,0
38.68,10.6,0.35,0.615,4009.5,301.5,10.21,0.108,175.98,902.6,56.3,2,1
78.62,6.56,0.397,0.182,1175.5,27.1,6.2,2.987,231.9,1131.39,87.2,2,0
44.0,11.19,0.685,0.283,2347.5,198.9,9.71,4.701,182.76,560.85,67.3,9,0
45.26,6.06,0.781,0.128,4580.6,38.0,3.86,2.889,142.54,768.23,84.6,10,0
27.27,6.14,0.775,0.562,2933.8,374.5,6.52,3.49,63.16,162.42,96.6,2,0
38.01,1.88,0.559,0.176,1058.5,32.7,3.14,1.811,89.07,302.85,93.5,9,0
50.77,9.73,0.83,0.522,1427.6,93.7,0.57,4.374,146.77,496.93,86.9,12,0
19.86,3.34,0.493,0.94,4603.0,209.1,8.83,1.373,37.53,159.15,59.7,12,0
7.19,10.85,0.211,0.748,2141.4,231.9,12.97,8.9,15.25,58.77,86.6,8,1
66.01,10.97,0.608,0.17,2939.1,203.8,0.38,0.218,214.69,824.23,81.8,7,1
45.98,11.35,0.957,0.302,2305.1,232.2,2.94,3.313,222.49,937.62,88.6,8,0
33.56,6.48,0.814,0.706,1898.4,356.9,6.9,2.051,118.2,432.8,93.4,12,0
40.65,8.29,0.621,0.905,1124.2,185.3,9.99,1.738,119.08,357.23,65.6,9,1
52.17,9.45,0.682,0.13,3434.1,274.3,2.57,2.588,122.56,570.7,82.2,10,0
21.11,2.01,0.938,0.831,3594.0,152.4,0.85,3.669,46.14,238.18,63.8,9,0
12.76,7.41,0.486,0.606,1381.7,177.5,7.79,3.974,48.54,190.09,67.3,3,0
46.85,0.89,0.398,0.591,3947.2,307.3,12.28,0.386,209.4,962.81,76.0,10,0
5.76,6.22,0.98,0.962,4274.1,245.8,0.53,0.439,16.67,69.05,71.7,1,0
54.29,2.28,0.877,0.773,4604.2,361.8,5.24,0.1,186.06,416.04,80.0,8,0
19.59,2.6,0.391,0.865,814.4,280.7,9.95,0.283,77.84,287.42,87.9,10,0
76.02,4.7,0.517,0.419,1526.6,402.0,1.96,0.613,129.54,264.19,80.3,4,0
56.54,5.47,0.474,0.599,4303.2,222.3,3.54,2.553,154.25,716.89,98.5,5,0
48.96,7.67,0.234,0.654,1000.7,246.0,8.03,1.292,198.49,800.46,86.9,11,0
74.39,1.36,0.962,0.389,27.3,335.3,14.3,2.837,289.85,726.75,99.3,6,0
98.29,6.29,0.464,0.613,4355.4,111.4,4.31,1.333,165.79,691.14,87.2,6,1
75.5,2.6,0.888,0.313,1639.0,193.6,7.31,1.622,176.1,985.05,75.4,7,0
24.43,7.1,0.27,0.229,2078.3,312.8,6.0,0.235,94.79,318.67,70.6,10,0
4.79,7.83,0.593,0.437,2237.2,15.4,13.46,2.997,11.72,69.51,86.8,3,0
18.13,6.9,0.122,0.765,4242.9,219.0,1.08,2.839,78.88,460.46,84.4,2,0
40.91,8.99,0.788,0.925,1696.1,299.8,8.49,0.735,65.59,337.24,83.4,12,0
58.12,4.36,0.623,0.512,4462.5,483.7,12.69,0.797,125.9,661.61,86.1,9,0
14.6,9.3,0.663,0.679,3088.5,438.6,14.82,0.496,36.27,132.11,93.6,2,0
46.54,5.48,0.147,0.193,2641.2,141.1,10.48,3.362,220.52,796.1,61.4,9,0
13.56,6.07,0.29,0.914,1634.8,254.1,5.7,2.749,58.14,338.24,78.2,10,0
18.6,7.95,0.167,0.612,1226.1,29.2,6.18,1.879,85.44,296.04,80.2,4,0
9.23,0.71,0.36,0.802,3124.1,121.1,5.28,0.546,28.08,67.05,64.6,11,0
7.69,8.02,0.665,0.815,2240.0,387.7,9.05,0.377,33.66,87.88,99.4,1,0
7.31,7.61,0.61,0.331,4553.5,62.5,11.09,0.103,32.8,158.79,89.3,3,0
5.84,4.06,0.651,0.576,2463.3,129.6,12.29,0.1,16.95,59.86,66.1,10,0
76.88,1.49,0.594,0.964,2563.9,472.1,6.25,0.414,382.9,1071.11,67.9,2,0
6.77,1.55,0.346,0.181,2089.4,412.1,10.75,0.212,30.33,159.39,85.9,4,0
132.13,11.12,0.32,0.715,3948.4,391.1,13.74,1.624,648.69,2565.36,50.6,2,1
57.27,8.43,0.223,0.966,2129.9,432.4,13.81,0.887,259.57,1108.52,73.2,12,1
46.47,1.96,0.864,0.371,1354.0,375.1,10.56,1.177,195.95,512.56,67.2,10,0
9.96,4.6,0.655,0.875,4311.5,61.2,9.55,1.803,47.83,132.54,92.7,6,0
64.51,7.31,0.268,0.94,2988.2,258.8,7.97,2.152,191.56,479.55,89.6,11,1
19.85,10.11,0.259,0.772,2961.6,222.7,2.75,2.089,84.21,341.73,66.6,10,0
44.27,1.0,0.886,0.308,3058.0,156.3,1.85,0.605,99.39,507.16,93.2,1,0
129.6,3.22,0.768,0.401,3597.0,417.2,7.29,3.318,526.81,2596.71,95.7,5,0
36.64,10.73,0.693,0.132,1572.2,232.6,2.39,4.995,155.66,473.99,77.6,9,0
80.22,0.61,0.466,0.848,178.9,31.1,8.65,0.759,321.53,1738.24,58.0,1,0
15.39,2.82,0.336,0.865,4054.9,138.2,9.69,0.1,68.85,166.81,88.5,4,0
38.78,11.53,0.982,0.669,653.2,115.1,7.88,4.588,114.26,280.64,66.0,2,0
101.98,7.55,0.818,0.417,3611.9,443.9,0.55,5.142,347.41,1875.03,76.4,11,0
18.06,3.51,0.372,0.169,420.8,324.1,0.87,0.105,27.76,82.66,52.3,2,0
103.44,1.27,0.863,0.778,1882.8,280.6,1.7,0.1,208.03,1005.29,75.0,5,0
64.77,0.82,0.783,0.754,324.5,253.8,2.3,3.39,243.2,495.22,69.0,2,0
20.31,3.31,0.367,0.921,2615.8,325.4,14.85,0.718,70.45,167.28,84.3,5,0
62.13,10.64,0.484,0.757,3269.1,377.7,5.17,4.92,136.12,603.96,52.0,1,0
74.04,5.28,0.267,0.846,865.5,277.6,4.38,0.489,174.15,475.37,81.2,5,0
61.76,8.78,0.2,0.771,1864.4,469.2,0.78,3.949,167.03,352.9,88.6,3,0
14.96,11.06,0.75,0.668,4651.9,488.4,9.53,0.142,59.94,231.85,50.6,12,0
14.55,5.19,0.341,0.484,2217.5,497.7,9.78,0.604,52.88,175.66,87.5,2,0
31.34,2.7,0.838,0.912,4014.7,335.0,2.63,7.233,54.64,284.6,56.5,11,0
37.39,6.45,0.996,0.686,4636.7,466.4,13.79,0.526,155.55,820.6,84.9,4,0
61.72,10.94,0.169,0.459,4872.0,202.8,12.01,0.285,149.33,665.66,72.8,1,1
46.22,9.75,0.526,0.175,4492.6,429.9,3.45,3.891,178.0,564.64,77.6,3,0
6.74,1.26,0.822,0.362,1593.9,454.7,7.29,0.251,13.01,50.06,66.9,11,0
53.31,8.46,0.81,0.589,4813.2,452.2,6.88,0.205,266.15,1279.91,62.3,1,0
61.37,7.08,0.784,0.348,4063.9,415.6,5.23,0.781,109.31,248.93,53.6,8,0
59.59,10.94,0.414,0.299,4187.5,203.9,12.26,2.018,244.1,812.84,93.2,5,0
77.83,1.91,0.508,0.575,85.7,80.3,1.64,2.481,264.2,1397.46,80.5,1,0
69.19,6.64,0.635,0.253,4771.7,167.6,6.23,4.261,124.59,451.53,99.1,2,0
56.07,10.61,0.977,0.82,3892.7,383.9,6.42,1.557,89.37,402.04,92.5,9,1
37.54,5.22,0.395,0.536,3842.2,117.2,7.03,1.0,103.97,248.01,93.5,7,0
18.13,6.04,0.931,0.616,416.8,239.7,12.92,0.889,78.12,399.03,79.9,3,0
55.04,1.31,0.342,0.233,1170.5,283.1,3.27,3.753,90.48,217.32,54.0,1,0
47.27,3.7,0.99,0.392,4811.7,302.3,1.54,2.573,187.44,1020.82,95.7,2,0
49.51,4.23,0.703,0.469,2508.4,467.9,9.27,4.717,187.81,455.71,55.9,7,0
4.69,11.37,0.517,0.827,1995.3,331.1,2.61,6.65,11.38,63.34,75.9,8,1
2.16,3.75,0.652,0.793,4201.3,393.4,1.12,0.713,3.83,13.24,92.8,5,0
76.86,5.8,0.345,0.301,445.8,291.4,6.4,1.509,361.52,1626.17,73.6,12,0
38.62,8.22,0.347,0.655,2090.5,417.0,3.29,1.998,98.52,530.63,58.3,4,0
63.85,2.37,0.202,0.319,1884.7,132.6,5.42,0.358,120.67,246.29,68.7,10,0
40.99,6.09,0.203,0.989,1755.8,105.7,3.9,0.11,159.26,487.79,99.4,4,0
41.04,8.99,0.413,0.957,1545.4,463.2,1.39,4.046,92.69,522.14,100.0,5,0
72.84,10.47,0.787,0.607,1058.3,347.0,8.41,1.534,230.52,818.96,85.5,7,1
21.94,7.7,0.647,0.729,872.8,336.1,0.41,1.692,36.78,177.47,94.4,7,0
43.36,8.19,0.192,0.821,3205.6,234.2,14.5,1.619,215.76,552.35,52.2,4,0
23.82,1.95,0.867,0.749,4597.8,189.0,5.12,2.813,73.05,344.32,63.8,1,0
24.79,11.38,0.641,0.73,2549.2,278.3,10.43,0.314,123.89,284.03,68.4,5,0
29.18,2.02,0.965,0.963,1496.9,61.2,12.16,1.904,83.16,404.91,50.6,7,0
47.77,9.41,0.703,0.637,804.2,227.9,4.19,1.268,129.83,427.81,68.8,12,0
23.24,3.55,0.258,0.673,4152.4,228.2,11.23,4.545,109.27,422.15,54.7,4,0
83.95,11.24,0.526,0.864,4857.7,269.6,12.49,1.466,222.73,593.6,75.9,7,1
8.69,8.78,0.684,0.703,1752.3,317.7,3.62,5.727,26.17,118.07,50.2,8,0
33.46,9.17,0.125,0.76,1461.8,478.7,14.89,0.872,59.34,198.79,63.5,2,0
24.61,3.02,0.113,0.311,3011.4,326.4,0.31,6.816,119.21,421.23,93.3,2,0
90.64,5.59,0.216,0.434,3878.9,442.0,3.26,4.161,162.98,751.14,60.7,5,0
46.88,7.6,0.326,0.233,2282.5,278.6,11.7,1.755,196.85,534.55,53.2,3,0
76.11,9.35,0.487,0.555,3154.1,313.8,2.91,0.873,257.66,1393.43,62.5,4,0
11.99,1.7,0.539,0.51,3585.6,35.8,10.47,0.943,20.57,101.97,91.4,1,0
49.35,11.57,0.224,0.997,4803.4,67.5,12.83,2.963,74.31,320.36,79.4,11,1
71.14,10.74,0.706,0.65,833.5,290.3,14.39,1.738,339.64,853.63,79.3,4,1
42.88,3.61,0.637,0.808,4986.9,198.5,7.11,1.027,175.71,834.33,50.0,11,0
77.29,9.96,0.365,0.401,1966.9,399.6,14.57,2.022,301.63,625.1,73.6,4,0
21.89,6.46,0.112,0.848,3618.8,272.0,6.17,2.643,66.45,346.71,63.3,4,0
89.33,5.81,0.17,0.654,2866.3,441.3,3.27,0.1,208.59,670.66,66.8,3,0
120.46,4.12,0.453,0.727,2438.5,486.2,7.71,0.188,467.33,1153.77,79.9,2,0
27.3,7.18,0.239,0.365,3493.4,74.7,9.75,0.199,99.08,263.34,93.7,4,0
24.41,8.89,0.439,0.594,1984.8,198.0,6.87,0.528,98.66,577.41,59.1,8,1
90.87,5.23,0.665,0.671,639.3,332.8,8.5,1.114,252.64,1287.28,88.4,3,0
95.29,7.74,0.593,0.63,2449.6,153.4,6.25,3.256,472.06,1393.29,52.4,6,1
21.7,8.54,0.308,0.924,2614.4,134.2,7.87,0.865,37.64,220.33,66.3,2,1
25.29,8.68,0.409,0.908,1017.5,407.1,14.29,0.1,45.0,115.21,60.9,1,0
30.14,1.1,0.653,0.974,4678.7,490.2,7.5,1.321,141.92,700.25,95.8,7,0
7.06,10.39,0.875,0.701,1145.1,387.1,3.8,11.385,26.58,122.98,58.9,12,0
7.85,5.77,0.778,0.975,2052.0,262.3,11.38,0.859,20.73,109.6,78.9,12,0
4.86,3.52,0.598,0.849,783.1,221.8,5.06,6.501,20.23,71.35,58.2,6,0
13.13,3.28,0.426,0.344,2683.6,270.3,12.24,0.214,40.49,146.07,73.7,10,0
38.79,6.05,0.429,0.485,1545.1,232.0,0.85,0.38,61.05,274.6,70.7,4,0
48.2,10.7,0.891,0.315,2451.5,251.9,4.98,2.576,182.13,654.37,52.1,7,1
94.27,4.85,0.135,0.104,1130.8,102.5,1.42,1.391,221.61,479.88,91.3,6,0
5.06,9.12,0.989,0.269,278.3,452.0,1.28,2.897,9.63,47.36,89.0,2,0
74.45,1.61,0.698,0.104,3898.3,377.5,9.88,3.984,170.38,777.57,63.9,4,0
32.51,5.97,0.713,0.748,3209.0,340.8,5.78,0.578,102.95,380.37,80.7,9,0
38.27,11.9,0.134,0.483,1710.3,475.0,13.07,2.297,64.08,205.78,68.1,8,1
63.62,9.36,0.645,0.381,247.0,142.9,7.75,1.871,292.08,958.86,88.5,6,0
0.7,2.92,0.536,0.786,4329.2,41.5,4.43,3.954,2.44,12.1,84.6,1,0
53.38,6.27,0.195,0.849,857.3,413.2,10.81,1.125,134.82,662.87,54.5,7,1
45.83,3.19,0.35,0.978,4654.4,499.2,9.36,0.107,178.93,943.96,92.2,1,0
57.24,5.21,0.901,0.678,2398.2,289.6,11.99,1.708,246.96,1246.85,59.0,8,0
50.12,9.47,0.595,0.515,1708.5,30.3,9.65,6.382,182.88,920.2,58.7,3,0
125.94,9.37,0.472,0.375,3711.4,390.5,2.51,0.1,278.16,836.45,86.7,9,1
17.68,3.12,0.165,0.3,4385.4,37.8,10.05,0.55,33.34,80.24,59.2,5,0
21.42,11.11,0.743,0.292,1859.9,270.5,5.87,0.76,96.57,487.41,56.1,6,0
18.19,7.31,0.733,0.468,2042.6,139.5,6.95,2.903,42.23,101.11,66.8,4,0
20.56,4.87,0.653,0.993,2171.5,457.6,13.82,0.781,32.28,191.38,91.9,6,0
17.69,6.27,0.559,0.101,4612.4,226.2,5.4,0.546,66.35,364.93,58.8,9,0
81.62,7.46,0.49,0.277,3465.9,449.3,9.18,2.091,166.1,686.61,67.0,7,0
89.72,6.94,0.634,0.27,1245.8,150.2,5.45,0.1,445.75,1519.45,64.3,2,1
20.02,6.09,0.31,0.745,933.1,194.3,1.42,0.374,90.99,373.73,67.8,11,0
10.87,6.31,0.947,0.417,1159.5,473.6,6.8,1.049,39.44,194.75,85.7,6,0
56.5,2.53,0.63,0.512,1325.2,101.5,8.96,0.879,249.64,1254.55,70.3,11,0
20.67,9.85,0.38,0.234,1158.6,289.7,6.11,0.853,65.05,149.27,88.0,11,0
62.15,6.73,0.505,0.464,3295.9,194.9,5.86,0.23,264.75,1381.85,82.0,12,0
47.1,2.01,0.825,0.193,588.5,387.3,12.31,0.895,177.24,809.27,68.1,9,0
13.05,9.31,0.245,0.58,1942.9,65.5,0.45,3.199,20.89,45.16,71.6,8,1
94.16,11.22,0.364,0.188,3129.0,219.2,4.43,1.068,453.93,1476.46,85.2,11,1
102.86,11.39,0.712,0.811,1461.4,349.8,12.18,1.765,464.21,1876.6,76.7,1,1
18.55,4.74,0.384,0.61,335.7,204.1,13.81,0.357,89.74,247.12,93.4,5,0
26.43,2.06,0.813,0.752,418.3,30.2,6.18,0.145,107.3,281.23,96.7,6,0
50.01,6.46,0.217,0.477,638.6,352.9,13.33,4.24,147.13,302.66,85.9,9,0
51.71,1.8,0.786,0.443,4180.9,252.1,2.98,0.805,115.02,649.41,99.5,4,0
63.05,11.24,0.162,0.188,3292.7,6.6,3.32,0.863,134.29,298.73,79.8,1,1
110.36,2.61,0.111,0.571,332.0,306.7,12.69,4.202,221.51,767.32,52.0,6,1
33.81,3.41,0.908,0.563,1961.4,460.0,13.55,2.46,76.81,216.85,75.2,9,0
12.06,5.18,0.623,0.521,1400.1,56.4,3.34,2.823,41.33,205.17,61.5,6,0
8.28,4.91,0.417,0.766,2894.4,295.7,0.89,2.291,32.22,155.58,66.7,7,0
14.42,9.64,0.309,0.849,2618.8,364.6,1.35,0.224,37.47,195.8,74.5,10,0
38.84,5.75,0.655,0.776,2410.8,36.3,3.92,6.34,132.86,593.51,64.8,4,0
102.81,2.46,0.558,0.229,1579.4,12.3,11.42,4.797,277.01,1209.59,65.5,2,0
21.88,3.57,0.992,0.66,697.6,232.6,7.65,0.539,86.17,312.67,70.1,3,0
47.83,6.35,0.985,0.172,3714.5,395.8,6.83,3.259,237.24,1078.34,64.3,11,0
39.43,2.2,0.672,0.725,4400.5,81.2,8.76,1.053,154.21,379.49,58.5,1,0
81.59,7.53,0.499,0.444,4721.3,418.5,13.35,2.303,139.25,659.77,88.3,2,0
128.44,7.01,0.542,0.219,302.5,328.6,1.36,0.362,407.2,983.64,69.8,7,1
21.42,8.72,0.714,0.876,3702.1,166.8,10.42,1.547,89.88,489.6,91.6,9,0
22.87,11.28,0.191,0.653,3635.3,258.4,13.9,0.271,77.71,312.6,94.1,9,1
76.55,10.99,0.396,0.419,4736.1,482.8,3.2,1.536,369.62,1523.35,87.5,9,1
63.87,11.38,0.168,0.128,1272.0,109.0,12.57,0.558,108.04,468.84,69.8,11,1
104.63,3.31,0.166,0.584,3713.5,250.3,10.47,1.205,263.58,1345.37,86.1,1,1
60.44,2.01,0.276,0.931,282.6,312.6,0.22,2.205,137.34,537.55,57.8,7,0
27.42,3.98,0.537,0.637,3159.9,69.9,3.47,4.192,114.82,426.02,83.1,7,0
60.67,10.79,0.806,0.974,1760.7,22.7,9.09,0.361,202.24,637.73,70.3,9,1
78.8,11.68,0.537,0.223,3846.9,7.7,7.54,4.475,156.36,392.81,82.8,9,1
68.72,10.38,0.402,0.611,4317.9,163.0,7.92,0.989,171.76,474.3,87.7,1,1
57.75,1.77,0.174,0.818,1830.5,37.9,3.48,3.713,192.28,384.97,78.1,10,0
77.33,11.4,0.595,0.573,2632.7,402.1,10.13,1.437,385.62,2112.31,82.1,5,0
80.93,5.37,0.344,0.182,595.8,498.7,4.0,3.964,224.57,1136.29,60.7,2,0
88.38,0.61,0.653,0.625,2090.4,31.6,5.84,2.174,181.07,520.53,79.6,12,0
62.7,5.59,0.979,0.651,1810.4,216.9,5.53,1.421,203.15,408.24,73.0,6,0
34.15,1.03,0.2,0.756,923.8,13.8,10.08,0.749,88.3,350.42,71.4,2,0
45.13,6.75,0.291,0.785,4473.4,67.9,1.35,6.942,157.11,573.5,70.5,6,1
82.23,4.39,0.526,0.794,749.0,162.1,3.08,3.228,257.66,1315.1,65.5,7,0
11.41,5.94,0.972,0.697,3182.3,197.5,3.01,0.96,44.64,161.22,65.3,6,0
52.9,7.55,0.795,0.294,4451.8,470.0,1.63,0.365,248.65,1356.73,85.0,12,0
26.23,10.49,0.908,0.464,4560.7,198.5,3.11,3.024,57.76,137.66,77.9,11,0
41.01,8.11,0.4,0.799,3968.3,248.6,9.11,9.199,179.37,621.22,51.5,1,0
84.75,5.49,0.993,0.958,888.9,123.5,10.98,0.654,408.68,2344.1,52.4,4,0
46.69,9.92,0.193,0.171,4089.0,1.1,9.9,4.951,131.08,268.32,78.5,3,0
41.63,10.91,0.148,0.582,1390.1,449.8,7.13,0.268,79.0,281.48,92.3,5,1
7.59,1.88,0.87,0.381,4612.8,41.8,0.79,6.082,33.24,101.01,52.2,7,0
66.12,6.62,0.935,0.303,3548.3,482.2,14.39,2.736,261.42,1079.01,75.4,12,0
62.59,3.77,0.182,0.555,3928.5,66.3,2.52,0.851,140.49,437.63,92.6,3,0
115.71,1.04,0.202,0.645,434.3,302.8,10.03,0.727,353.89,1939.16,50.2,1,0
29.23,8.19,0.13,0.109,2918.0,499.7,13.69,2.062,102.97,591.92,63.8,11,0
47.67,10.42,0.194,0.802,4107.5,70.1,10.47,1.8,99.84,538.82,96.0,11,1
48.73,2.37,0.288,0.838,4309.3,212.5,3.27,5.025,195.02,700.96,54.1,9,0
95.21,9.84,0.973,0.969,152.9,390.4,4.74,2.907,372.71,2221.26,80.3,6,0
36.66,10.31,0.701,0.263,4696.4,17.1,0.45,1.555,168.84,834.09,75.4,6,1
49.77,11.01,0.801,0.635,226.3,345.2,9.19,5.25,173.46,593.64,57.6,4,0
61.28,3.55,0.799,0.484,3076.4,41.1,9.19,1.797,215.09,510.78,52.1,11,0
46.53,10.9,0.582,0.401,3470.0,119.0,10.88,3.79,170.67,796.72,75.1,1,0
24.37,4.19,0.818,0.609,545.7,80.9,0.16,3.677,59.92,294.46,86.8,12,0
46.79,6.85,0.636,0.804,249.6,453.8,12.27,5.031,194.43,484.1,58.9,9,0
77.58,1.08,0.383,0.121,3926.7,91.0,11.08,0.14,296.25,1243.93,84.6,10,0
4.07,1.0,0.605,0.972,1929.5,21.2,2.11,1.753,18.07,107.47,77.3,7,0
44.65,8.78,0.58,0.829,544.5,294.2,5.21,1.264,187.1,618.37,67.9,12,0
15.5,5.61,0.841,0.776,3815.7,173.7,9.58,1.349,57.88,185.64,83.2,10,0
81.83,3.45,0.984,0.784,4247.3,203.4,7.44,1.232,168.82,947.61,59.6,7,0
13.31,2.69,0.47,0.45,2941.1,60.4,1.73,3.634,62.79,155.07,72.8,11,0
20.44,8.2,0.787,0.776,814.6,374.4,1.31,0.767,56.92,326.41,77.5,7,0
53.2,0.5,0.19,0.448,86.0,301.2,11.72,1.243,259.36,1327.41,72.9,7,0
94.79,9.77,0.799,0.909,3507.0,182.7,2.34,0.448,275.52,981.78,69.9,8,1
37.7,1.41,0.434,0.26,2755.2,86.6,2.58,0.58,75.8,176.94,87.0,11,0
20.57,2.7,0.135,0.363,3257.5,297.1,12.46,2.16,94.55,196.35,82.8,8,0
105.84,4.94,0.427,0.596,4067.8,389.5,9.18,0.249,453.28,1588.0,82.0,3,1
10.68,6.08,0.65,0.387,2176.8,156.9,9.07,0.416,45.41,218.96,94.6,8,0
36.96,4.58,0.207,0.482,631.3,13.9,7.19,1.502,67.0,264.67,99.7,4,0
55.4,4.19,0.932,0.543,4700.5,108.0,8.53,0.1,253.59,1256.46,78.4,7,0
22.43,11.59,0.17,0.871,2730.9,341.5,9.03,0.271,80.46,376.73,67.4,5,1
4.26,7.88,0.937,0.571,3080.3,494.6,14.52,3.981,13.39,57.48,88.9,12,0
64.79,0.77,0.736,0.426,4667.7,7.7,3.34,3.744,304.27,1786.08,57.1,4,0
48.53,5.45,0.397,0.323,4658.6,153.8,3.22,0.855,185.94,913.61,75.6,4,0
20.26,10.56,0.452,0.468,2864.8,31.9,0.86,0.855,39.82,225.31,76.2,6,1
4.81,3.97,0.767,0.564,1495.1,158.9,9.87,5.514,15.96,47.39,99.2,2,0
70.54,1.59,0.641,0.772,4985.6,203.6,8.24,0.1,262.97,1276.6,99.6,5,0
62.76,9.22,0.704,0.209,3407.3,460.5,1.67,1.736,291.5,1280.05,90.0,8,0
36.53,7.47,0.45,0.299,2048.1,41.2,5.47,1.82,90.58,516.04,73.7,2,0
104.63,7.06,0.539,0.442,2803.6,388.8,2.68,3.101,447.81,1809.95,77.4,5,0
2.55,1.12,0.991,0.424,2085.0,198.4,4.97,6.063,10.95,34.15,66.0,7,0
13.39,2.12,0.293,0.453,4442.6,405.8,14.27,0.88,26.09,92.35,91.5,5,0
15.78,7.66,0.476,0.814,2417.7,257.2,10.25,1.152,24.63,70.81,87.3,10,0
38.4,2.89,0.363,0.392,4119.4,20.6,0.11,2.225,135.76,390.97,88.6,9,0
48.52,6.3,0.789,0.552,4202.5,473.2,3.79,6.839,206.84,802.87,56.9,9,0
31.56,6.77,0.788,0.662,4123.4,42.3,0.16,4.429,108.57,604.77,69.9,8,0
52.32,3.76,0.363,0.309,3613.7,299.2,10.72,2.2,227.43,629.4,76.9,9,0
3.8,11.41,0.173,0.747,4275.8,439.0,7.04,3.886,13.99,44.09,56.2,2,1
90.53,10.19,0.11,0.592,1942.3,40.8,14.91,0.178,342.8,1855.22,68.4,3,1
37.12,8.81,0.485,0.502,582.2,277.4,11.0,0.947,59.35,199.22,54.4,4,0
79.11,1.4,0.469,0.829,4213.8,412.3,7.77,0.1,143.19,837.6,97.9,5,0
52.0,1.72,0.99,0.319,2495.9,493.2,12.07,0.391,209.94,645.7,87.6,10,0
55.99,6.17,0.523,0.895,645.6,362.4,10.57,1.991,233.46,879.81,81.0,12,0
59.94,2.35,0.331,0.605,585.4,139.9,3.66,4.335,203.66,485.21,60.2,2,0
55.67,11.75,0.902,0.648,804.6,350.1,7.95,2.004,198.5,1184.76,66.7,11,0
62.5,2.32,0.542,0.888,3757.4,353.2,8.34,2.182,228.13,1268.51,57.2,10,0
86.52,6.11,0.639,0.836,3557.2,350.3,6.77,0.219,161.57,851.54,76.8,4,0
46.88,4.69,0.186,0.641,1027.1,427.3,2.69,2.186,179.9,473.03,91.0,4,0
64.82,7.85,0.445,0.778,4236.1,44.6,3.35,1.212,205.77,1209.37,51.0,5,1
36.86,1.98,0.95,0.49,1413.7,55.1,4.22,2.108,133.02,760.42,55.2,6,0
90.4,5.45,0.631,0.593,3967.0,320.7,0.15,0.79,313.79,1174.43,61.5,1,0
16.33,3.66,0.41,0.156,2449.1,477.0,13.75,1.742,68.09,321.82,85.7,6,0
103.03,10.71,0.663,0.181,3660.4,233.5,10.29,1.104,269.43,1608.45,94.7,9,1
38.59,0.97,0.919,0.846,1913.1,480.3,10.34,1.636,108.35,394.28,87.7,3,0
10.08,11.01,0.347,0.154,1742.2,469.1,8.58,0.318,28.93,70.94,76.2,2,0
44.48,10.08,0.555,0.252,4208.4,451.6,10.34,1.008,185.43,1014.53,55.3,12,0
16.16,3.92,0.963,0.816,186.2,455.0,14.73,0.938,48.63,189.96,87.7,8,0
69.42,9.58,0.255,0.101,4873.9,449.3,5.78,2.667,147.16,875.28,55.3,2,0
17.16,0.86,0.748,0.354,3244.4,410.1,10.69,2.451,84.77,356.35,67.4,8,0
24.38,11.62,0.653,0.626,2168.1,347.8,5.39,4.791,78.68,166.64,65.4,10,0
26.13,6.56,0.712,0.636,3144.0,13.2,12.81,2.0,49.19,195.15,68.0,4,0
24.17,3.99,0.416,0.799,622.5,67.0,12.87,0.755,92.95,452.9,66.5,9,0
44.84,4.67,0.382,0.555,2575.1,68.0,13.53,3.058,183.25,385.57,88.5,4,0
15.44,1.26,0.716,0.558,4925.6,12.7,0.08,1.374,50.18,183.35,58.6,1,0
66.61,11.88,0.294,0.753,1184.0,59.2,4.47,0.43,250.64,657.25,92.3,8,1
67.5,0.95,0.478,0.549,3614.2,460.0,2.01,2.752,142.05,649.51,92.9,1,0
54.89,8.03,0.269,0.648,2180.5,332.2,6.81,0.284,153.02,892.02,74.5,5,1
6.16,5.59,0.107,0.908,3265.8,156.7,7.43,0.392,12.72,57.22,55.3,7,1
38.33,11.41,0.973,0.461,1032.4,396.9,3.84,2.844,109.44,523.09,78.8,3,0
39.87,3.33,0.489,0.447,2357.6,244.7,10.85,2.941,138.35,496.17,91.0,6,0
0.54,6.62,0.972,0.103,4900.7,71.9,4.05,3.129,1.65,7.04,64.5,11,0
92.62,6.05,0.226,0.652,984.5,442.4,12.81,0.694,331.23,1383.02,91.9,1,0
70.71,8.58,0.629,0.127,3185.9,170.0,2.66,4.029,230.24,1160.02,83.8,6,0
32.27,1.28,0.281,0.554,2882.2,349.7,5.51,2.565,84.29,457.5,99.4,5,0
40.94,2.73,0.811,0.824,2829.6,146.0,9.33,3.591,81.96,381.25,91.2,2,0
47.29,2.97,0.805,0.595,3079.5,250.5,9.08,2.466,112.76,667.48,60.1,4,0
31.46,8.99,0.201,0.343,2516.2,408.3,1.17,1.733,69.29,368.16,72.5,12,0
31.35,2.68,0.921,0.808,94.5,79.2,12.69,0.232,124.64,311.43,55.2,12,0
16.13,7.1,0.275,0.343,4501.5,488.6,8.97,2.482,70.49,284.06,53.5,11,0
4.94,2.98,0.652,0.76,4136.6,36.0,13.05,2.345,19.88,111.58,85.3,12,0
30.16,10.41,0.987,0.649,879.1,267.5,13.01,0.749,113.2,653.8,95.6,11,0
102.92,11.34,0.894,0.253,2072.2,458.1,8.19,2.662,265.27,933.97,98.7,11,0
62.43,6.46,0.961,0.915,3855.0,472.9,13.66,1.599,249.0,1220.79,63.5,7,1
20.01,4.55,0.408,0.281,4900.5,116.8,12.73,1.639,72.39,263.65,60.1,6,0
60.04,3.19,0.195,0.991,4756.2,72.8,14.37,0.916,99.91,249.25,78.0,11,0
88.98,1.07,0.27,0.107,4497.8,362.5,12.76,0.248,416.12,2304.63,60.0,10,0
72.36,3.59,0.55,0.337,800.3,21.9,12.32,0.489,128.79,737.7,64.8,6,0
42.09,8.02,0.814,0.28,4573.2,243.1,7.04,2.929,137.18,551.33,91.9,9,0
17.36,6.64,0.235,0.113,4393.4,398.4,3.18,0.633,57.2,118.6,90.5,2,0
64.44,11.36,0.694,0.759,1891.0,280.6,13.66,0.1,285.43,1502.54,94.8,1,0
53.77,5.06,0.391,0.724,1978.7,94.8,10.84,11.63,252.5,986.73,74.1,2,0
71.33,8.48,0.407,0.813,2304.9,244.0,4.23,0.473,341.6,785.71,78.2,3,0
62.23,6.13,0.696,0.331,3284.3,460.7,5.11,2.131,217.43,599.57,88.5,9,0
76.73,6.39,0.52,0.5,1311.6,309.0,10.29,5.232,297.47,775.95,62.0,12,0
21.27,3.58,0.831,0.693,124.5,361.0,7.17,1.831,38.49,182.63,91.2,10,0
86.11,5.73,0.24,0.496,714.7,168.8,1.22,3.209,276.21,883.22,50.9,9,0
46.92,5.91,0.811,0.728,2206.2,95.1,2.12,7.491,217.81,546.86,89.9,12,0
112.63,8.63,0.158,0.671,1417.2,128.6,11.18,3.937,348.6,1976.75,88.8,5,1
15.88,11.32,0.275,0.203,3824.9,267.1,4.93,1.632,27.69,161.3,65.1,7,1
100.76,4.29,0.691,0.803,542.4,140.8,7.61,0.904,221.9,566.79,86.4,3,0
46.93,0.99,0.869,0.749,4588.2,271.4,11.5,1.317,140.93,411.66,60.7,10,0
17.2,6.21,0.327,0.69,4477.7,354.2,11.27,3.688,40.1,175.18,78.8,2,0
23.06,6.76,0.394,0.24,4544.7,367.5,2.51,3.839,66.26,172.42,85.0,6,0
28.79,2.44,0.583,0.341,3700.7,83.2,1.48,3.74,76.73,202.14,85.7,6,0
54.85,9.25,0.29,0.454,543.9,375.5,8.87,1.819,143.49,480.16,99.1,5,0
58.3,11.83,0.83,0.352,2196.3,336.7,11.12,1.296,106.05,614.74,59.1,1,0
19.92,11.38,0.796,0.305,665.7,7.0,2.24,0.746,91.43,534.82,74.0,10,0
39.15,2.77,0.231,0.825,4938.6,30.4,5.58,0.1,153.63,824.58,94.0,2,0
114.98,10.57,0.517,0.674,1671.9,323.5,13.05,2.892,423.34,2024.75,78.1,7,1
100.46,8.6,0.797,0.609,2930.8,192.5,14.16,0.649,363.95,1777.03,93.8,10,1
55.27,5.72,0.404,0.303,3899.2,73.9,6.81,0.8,159.61,619.01,71.7,2,0
41.33,6.72,0.67,0.926,4603.9,23.2,1.19,3.709,181.09,746.21,89.8,5,0
44.2,10.27,0.145,0.272,3780.2,80.5,3.87,0.107,210.18,953.77,93.5,11,1
61.47,6.02,0.648,0.815,3375.8,478.8,3.49,5.252,93.42,460.1,92.3,10,0
4.2,4.79,0.237,0.97,2335.2,364.1,3.58,0.1,7.47,17.83,93.6,4,0
30.99,6.17,0.848,0.754,3030.9,264.3,7.41,5.599,119.7,347.09,61.0,10,0
18.4,7.16,0.42,0.994,479.9,470.8,8.75,1.213,42.8,250.48,71.9,1,0
53.97,2.67,0.353,0.686,4420.8,309.9,1.84,0.215,253.18,845.78,58.7,5,0
62.65,10.86,0.857,0.296,2723.4,363.1,13.34,2.243,240.33,738.75,59.0,1,0
23.09,8.25,0.145,0.283,210.3,142.0,9.3,4.524,64.39,237.46,74.4,3,0
95.09,7.78,0.457,0.392,4600.3,294.9,8.96,1.153,280.85,888.51,98.0,12,0
2.9,1.64,0.433,0.106,2451.6,72.6,14.81,2.351,11.37,26.89,79.6,9,0
11.25,7.45,0.356,0.714,4344.3,202.8,9.42,7.761,22.43,63.52,92.7,7,0
47.86,1.89,0.921,0.342,4285.9,17.6,13.93,0.551,219.75,1002.21,96.9,2,0
76.65,1.41,0.776,0.834,4080.6,109.1,4.29,3.435,116.25,336.29,54.3,5,0
98.94,6.56,0.158,0.423,316.4,38.4,3.6,0.7,487.4,2237.48,58.1,4,0
23.94,5.13,0.743,0.532,1242.9,194.5,7.75,1.111,49.96,119.91,64.5,7,0
77.75,7.27,0.575,0.969,4379.0,421.7,7.63,0.662,318.59,690.54,80.8,4,0
38.65,1.53,0.911,0.318,4496.0,189.6,3.4,1.181,63.38,345.18,53.1,9,0
33.96,5.46,0.382,0.749,2295.8,416.0,10.49,0.1,102.21,515.17,89.3,3,0
70.93,2.51,0.617,0.78,2205.8,328.6,0.44,0.723,262.87,1226.04,53.2,6,0
62.83,11.85,0.551,0.299,884.0,255.3,10.36,1.179,109.69,232.94,57.9,5,0
15.17,6.95,0.541,0.551,4842.4,119.2,6.86,2.001,46.3,136.94,69.1,10,0
91.68,8.41,0.51,0.415,1073.6,461.2,10.34,2.029,234.79,1232.46,77.9,8,0
88.3,4.24,0.285,0.795,962.8,28.0,7.16,1.753,286.44,738.64,94.1,11,1
18.11,1.59,0.78,0.66,3307.0,344.8,14.66,0.694,59.13,310.53,98.2,1,0
53.85,11.72,0.506,0.528,1221.8,311.0,5.02,5.89,228.78,992.22,94.2,10,0
57.29,3.79,0.963,0.801,4694.5,221.1,14.74,0.995,110.7,549.24,55.4,2,0
49.12,5.37,0.335,0.312,64.4,120.9,0.97,0.489,87.91,402.44,81.6,7,0
20.74,7.97,0.714,0.778,38.7,215.9,10.26,1.617,60.28,221.11,72.1,1,0
16.49,0.78,0.947,0.879,2529.3,436.5,6.81,2.764,75.97,240.68,56.3,5,0
39.11,9.82,0.697,0.891,2445.4,418.5,12.33,0.1,175.72,824.28,77.8,8,0
81.05,6.67,0.884,0.805,825.2,470.7,11.84,0.647,280.42,1465.91,67.8,10,0
59.03,3.7,0.845,0.467,2477.7,154.6,12.0,3.486,272.15,593.0,67.3,5,0
27.03,1.21,0.424,0.984,2064.2,194.2,1.42,1.415,116.73,410.84,54.7,5,0
67.01,2.37,0.64,0.442,4452.7,10.3,12.34,1.05,165.7,563.86,98.9,9,0
59.7,10.79,0.241,0.675,56.2,471.5,3.21,5.344,125.09,530.12,86.3,11,0
80.21,8.39,0.582,0.245,4881.6,165.4,0.39,0.188,204.85,503.06,64.0,11,0
20.89,3.37,0.307,0.982,3125.7,202.7,3.27,1.912,47.94,274.88,95.9,5,0
27.31,1.25,0.769,0.734,767.7,454.0,7.19,0.838,100.5,421.52,97.4,1,0
0.81,8.44,0.575,0.778,243.3,263.8,11.13,0.147,2.88,16.39,90.5,3,0
5.31,7.08,0.47,0.159,2695.1,283.5,3.28,0.481,19.1,100.62,83.0,5,0
80.63,5.15,0.342,0.787,1182.1,88.9,1.7,1.977,174.37,482.39,68.8,8,1
23.63,4.68,0.999,0.797,1512.8,249.8,9.69,0.1,100.94,255.31,71.7,10,0
52.13,2.99,0.165,0.705,1233.2,459.2,14.76,1.794,157.31,856.53,72.8,2,0
38.36,8.2,0.139,0.363,3254.4,279.8,9.01,6.286,120.96,501.32,97.4,4,0
56.7,11.66,0.296,0.541,2772.1,128.3,10.37,3.17,282.88,588.1,88.0,12,1
42.69,2.52,0.974,0.199,399.1,16.6,8.42,0.848,106.21,609.3,64.6,4,0
4.9,7.37,0.981,0.524,2637.4,168.8,11.74,0.297,14.12,54.97,81.2,3,0
74.87,5.38,0.689,0.319,3958.0,286.7,14.64,1.251,289.57,927.7,79.7,6,0
22.72,5.64,0.892,0.414,415.2,22.3,8.16,0.998,104.08,423.24,90.6,10,0
14.48,3.42,0.293,0.246,4449.8,305.3,6.25,7.132,28.15,148.94,54.8,2,0
25.02,9.99,0.975,0.307,2895.8,262.2,12.91,9.184,101.88,248.71,85.1,3,0
92.53,6.08,0.229,0.169,4753.6,391.9,14.55,1.057,436.17,1498.56,66.6,2,0
69.76,6.75,0.191,0.928,749.2,15.4,1.94,0.322,207.89,680.95,56.5,10,1
27.8,4.0,0.201,0.577,4967.9,390.6,8.67,4.829,69.59,372.91,86.6,8,0
27.78,2.59,0.616,0.457,3224.9,260.9,11.89,3.155,107.55,550.0,66.6,2,0
28.74,1.49,0.803,0.582,2841.8,185.9,8.0,1.432,67.87,244.36,86.5,5,0
112.69,8.71,0.43,0.665,2581.2,482.7,6.14,0.909,320.59,1493.31,58.1,4,1
53.37,2.76,0.98,0.93,128.0,80.9,9.83,1.189,247.58,885.8,99.3,1,0
55.05,8.44,0.491,0.261,4698.8,271.1,4.05,4.643,196.32,841.29,90.2,7,1
76.06,4.99,0.235,0.366,3223.5,161.2,5.24,0.408,139.37,831.35,64.5,6,1
48.36,5.28,0.519,0.978,467.2,264.2,14.88,3.288,128.34,531.62,87.0,10,0
30.93,5.9,0.711,0.434,114.6,276.6,9.55,0.1,114.31,680.65,56.8,12,0
33.13,4.73,0.849,0.12,263.4,45.6,13.09,5.066,105.52,526.42,82.7,1,0
37.49,1.66,0.513,0.233,3050.9,330.9,12.12,1.387,142.9,354.8,53.0,9,0
38.7,4.06,0.634,0.124,3073.9,317.6,9.78,0.514,161.18,835.51,66.7,12,0
65.47,8.13,0.341,0.991,2503.3,385.0,12.61,0.1,208.33,551.05,98.9,4,1
41.82,8.16,0.681,0.351,1540.8,46.2,4.31,1.64,207.18,855.51,56.0,1,0
65.64,3.79,0.987,0.931,2663.4,149.3,9.56,0.561,308.61,1374.23,79.9,8,0
37.17,5.79,0.144,0.996,2586.3,325.4,8.86,1.995,63.56,353.94,53.5,1,0
42.75,2.72,0.898,0.64,106.9,69.2,9.34,0.66,104.0,295.52,83.5,2,0
29.94,2.92,0.606,0.13,1419.5,339.1,2.53,0.184,76.4,420.47,63.9,5,0
72.07,0.77,0.327,0.173,275.4,30.5,4.16,1.407,154.59,887.06,65.5,1,0
52.13,10.81,0.959,0.533,4501.8,168.1,4.3,1.662,135.12,318.6,66.9,1,0
74.93,2.92,0.535,0.466,3628.9,423.5,9.03,1.205,223.81,1240.15,60.3,6,0
61.37,3.12,0.399,0.646,4980.6,387.4,14.59,1.225,103.13,313.17,97.1,11,0
113.09,3.72,0.263,0.495,1517.8,322.7,14.31,1.781,220.03,511.35,95.3,1,0
35.11,1.97,0.32,0.941,4393.6,435.4,3.41,1.495,64.5,376.31,93.5,5,0
78.79,7.85,0.85,0.581,3019.2,354.9,4.57,0.284,130.95,467.34,55.3,10,0
3.6,1.36,0.653,0.724,2271.1,260.2,0.54,0.439,11.48,51.56,61.7,11,0
61.45,2.04,0.922,0.907,1120.6,489.9,5.98,0.306,163.96,690.52,80.6,5,0
3.13,7.91,0.309,0.232,3694.6,347.7,12.52,2.364,14.94,42.63,98.5,2,0
18.17,4.41,0.209,0.307,4521.7,301.1,13.74,1.504,33.79,158.06,80.2,11,0
106.99,8.64,0.105,0.197,1184.2,205.0,3.55,1.124,507.26,1108.08,66.4,3,1
33.33,6.91,0.557,0.226,885.2,451.3,3.99,3.202,60.08,168.98,90.9,3,0
47.61,3.44,0.998,0.561,3484.1,148.6,3.31,0.788,174.6,1008.95,56.8,3,0
70.45,7.98,0.725,0.389,4885.1,5.6,5.25,1.679,166.76,969.58,94.1,3,0
57.35,1.84,0.378,0.481,3752.3,99.2,12.07,0.155,251.98,990.44,98.7,11,0
45.26,6.67,0.889,0.984,1430.1,55.6,9.7,2.728,77.64,207.78,98.4,4,0
52.77,5.53,0.804,0.241,2105.6,160.2,11.79,2.376,255.1,940.41,57.4,10,0
124.12,3.58,0.114,0.587,1927.7,413.1,8.75,3.243,206.71,1138.61,77.5,1,0
37.98,7.45,0.835,0.189,4262.0,326.1,3.87,4.317,89.03,203.08,79.2,4,0
47.04,10.52,0.37,0.387,3859.1,85.3,3.42,2.838,146.98,369.13,59.7,4,1
76.77,11.99,0.235,0.575,2949.0,394.6,0.14,3.722,318.32,1777.03,77.3,8,1
78.69,7.49,0.304,0.952,1382.0,252.6,11.71,0.848,380.0,1391.39,82.3,11,1
81.55,5.15,0.522,0.452,4690.6,256.8,12.71,0.841,244.49,570.59,66.4,4,0
62.36,3.09,0.482,0.158,3270.0,181.7,11.52,5.776,258.81,661.74,65.8,5,0
0.01,3.46,0.36,0.449,4852.7,432.4,1.12,4.92,0.02,0.12,53.0,4,0
97.17,6.01,0.255,0.231,2904.8,159.8,11.43,1.59,340.01,1346.57,97.8,5,0
0.12,4.72,0.786,0.307,4107.8,48.0,0.69,0.913,0.48,1.27,90.2,3,0
50.59,11.01,0.991,0.656,4067.4,152.1,1.58,4.02,82.63,460.76,88.0,3,0
13.6,4.74,0.8,0.161,1693.3,358.0,6.61,0.781,41.42,222.89,51.1,8,0
37.76,4.79,0.366,0.518,4820.5,329.1,7.14,0.334,160.48,335.74,81.2,12,0
51.51,4.91,0.32,0.649,119.5,94.8,12.24,2.04,162.75,703.72,59.0,1,0
51.25,10.12,0.296,0.48,3845.9,56.8,10.19,0.1,233.55,695.35,83.1,3,1
54.77,7.98,0.223,0.117,4828.1,330.8,2.3,0.953,241.95,999.86,81.1,2,0
96.48,7.56,0.596,0.987,1701.2,338.5,3.39,3.297,436.29,1359.94,92.6,10,0
55.87,4.34,0.645,0.43,3244.1,183.7,4.29,0.7,109.23,356.48,62.8,11,0
31.45,9.91,0.735,0.801,2815.5,421.6,1.86,5.356,74.06,326.41,51.4,6,0
73.74,0.94,0.712,0.393,3809.9,489.1,4.31,6.239,118.25,491.4,95.7,8,0
81.63,10.51,0.363,0.528,4332.2,103.6,10.93,3.384,403.24,1443.92,95.4,6,1
2.97,6.4,0.397,0.45,3019.2,289.0,3.62,8.787,6.9,16.77,72.8,4,0
60.91,5.08,0.713,0.408,4081.4,3.7,12.53,1.513,169.62,996.98,53.9,3,0
64.54,6.22,0.415,0.12,1568.3,356.8,7.04,1.684,158.92,428.82,74.9,4,0
29.59,8.18,0.291,0.424,1150.6,207.7,4.84,3.618,48.5,219.82,76.2,8,0
88.15,0.65,0.437,0.901,2159.0,97.4,6.19,1.358,212.83,496.1,91.1,9,0
34.75,10.52,0.345,0.721,3391.9,376.4,10.64,1.044,64.06,304.51,85.9,8,1
44.4,5.64,0.179,0.231,944.4,405.5,7.75,1.908,127.86,304.22,53.5,9,0
33.94,4.44,0.847,0.632,3405.0,56.5,0.11,2.144,165.77,483.73,85.3,8,0
40.55,2.09,0.868,0.903,1976.5,21.5,13.83,2.78,159.91,733.64,56.8,5,0
1.63,5.55,0.298,0.73,3979.9,167.7,0.99,2.206,6.48,20.29,54.5,5,0
10.4,6.21,0.158,0.234,193.8,313.4,14.08,2.739,32.1,132.62,69.9,1,0
95.81,5.14,0.765,0.881,3343.2,396.9,0.42,2.245,415.76,1038.59,53.9,8,1
10.36,8.3,0.29,0.371,3252.6,273.5,11.56,1.31,48.46,136.15,91.5,11,0
5.3,5.34,0.454,0.509,4705.3,290.8,8.02,0.29,25.79,127.29,73.2,2,0
35.37,11.56,0.158,0.574,3569.7,400.1,7.59,3.078,65.31,139.79,79.4,6,1
17.64,7.39,0.304,0.865,3983.5,264.9,1.09,0.1,80.75,197.62,78.8,6,1
6.31,9.79,0.814,0.938,4523.9,306.0,3.58,9.786,14.43,41.27,98.9,12,0
97.47,1.76,0.824,0.937,3378.5,258.6,11.66,3.526,281.73,586.22,95.8,10,0
75.34,5.07,0.286,0.107,1457.9,440.3,13.37,2.223,204.12,486.11,92.5,4,0
15.91,4.37,0.402,0.93,4350.2,118.5,7.94,6.799,61.48,192.15,69.2,9,0
118.84,7.05,0.221,0.149,3740.4,132.7,5.3,1.896,426.94,1012.57,57.3,3,1
74.36,10.4,0.167,0.339,2127.9,64.9,0.9,0.116,139.94,764.69,79.6,8,1
28.63,1.4,0.993,0.563,3555.5,409.9,10.23,1.639,121.39,274.87,72.0,2,0
47.48,1.33,0.69,0.532,4339.8,206.5,4.18,0.649,144.28,785.44,61.3,5,0
120.18,10.28,0.588,0.644,4878.5,174.6,0.83,0.922,181.21,958.86,54.9,6,1
8.64,2.95,0.789,0.532,4762.2,490.7,9.99,1.231,25.48,61.23,71.8,2,0
17.59,8.19,0.856,0.941,1633.4,463.5,7.29,2.98,58.17,122.2,82.5,7,0
75.79,6.74,0.826,0.316,2114.3,486.0,0.18,1.398,131.95,290.3,81.3,11,0
125.39,10.08,0.115,0.347,556.6,72.0,1.66,1.287,254.42,1109.64,88.7,11,1
88.45,1.94,0.268,0.929,1245.2,445.7,10.49,0.719,440.26,2061.03,73.3,5,0
59.74,1.99,0.689,0.169,4413.3,165.0,0.96,1.553,271.75,1218.17,66.1,10,0
60.82,6.9,0.438,0.649,1810.6,7.3,12.99,0.571,119.6,498.26,76.9,4,0
69.87,11.38,0.984,0.714,3106.6,196.3,4.67,0.605,246.72,665.82,98.8,4,1
66.56,5.27,0.699,0.555,3333.2,255.1,1.33,2.832,188.2,1009.45,52.3,2,0
49.84,4.26,0.961,0.725,3911.3,55.0,11.4,0.839,169.62,561.47,76.4,12,0
43.65,7.48,0.281,0.255,922.2,269.3,7.87,0.106,137.35,816.52,66.5,9,0
37.81,11.2,0.878,0.867,1531.0,409.9,4.6,0.842,63.09,223.29,55.3,1,0
13.61,10.12,0.389,0.226,2247.2,189.4,6.09,2.035,35.44,108.17,71.7,1,0
30.18,11.95,0.991,0.461,1830.6,177.0,0.32,3.364,58.52,326.38,82.1,4,0
19.25,0.76,0.242,0.168,4914.7,170.1,9.94,6.537,61.83,263.99,76.4,3,0
36.56,1.8,0.565,0.591,4176.4,461.6,5.49,2.743,170.93,835.41,51.5,9,0
5.4,7.51,0.814,0.703,2403.6,25.3,10.71,1.12,26.91,97.79,79.0,7,0
1.37,9.94,0.489,0.947,4397.6,223.1,9.42,0.711,6.6,36.64,61.6,11,0
46.3,3.78,0.521,0.765,1744.8,133.0,9.77,0.278,229.16,1299.57,67.1,2,0
88.72,3.25,0.988,0.587,3931.3,447.0,11.89,1.976,137.81,516.4,65.6,4,0
72.14,9.55,0.483,0.939,1126.1,48.9,9.47,1.426,292.39,866.33,92.9,5,1
14.97,1.15,0.644,0.531,3863.9,206.3,6.28,2.265,36.75,168.71,52.4,10,0
5.36,4.75,0.149,0.605,2287.7,204.0,5.85,0.541,24.29,141.34,67.4,12,0
72.93,6.32,0.858,0.636,546.4,444.3,1.79,0.782,317.09,1423.67,69.7,4,0
5.61,6.94,0.683,0.469,1373.6,108.5,11.69,0.691,16.74,97.39,80.9,4,0
32.14,8.88,0.464,0.855,2017.4,322.8,11.42,3.196,101.44,342.38,89.4,4,0
59.25,4.58,0.115,0.267,3749.0,68.1,3.69,0.376,143.85,814.25,86.4,8,1
6.11,7.55,0.633,0.599,374.2,477.0,12.94,1.875,15.34,37.58,87.6,7,0
43.69,7.23,0.111,0.75,3301.1,296.9,8.84,0.105,215.56,740.53,59.6,4,0
6.69,6.8,0.101,0.914,3582.9,313.5,7.18,1.595,30.85,122.72,95.6,11,0
18.95,7.87,0.654,0.896,3273.1,217.5,0.26,0.132,41.16,189.83,70.7,1,0
51.19,3.48,0.27,0.558,3805.7,171.8,5.74,0.387,126.16,400.74,50.6,6,1
15.75,1.47,0.273,0.679,899.1,107.1,9.61,0.24,29.62,168.76,83.4,5,0
55.42,1.87,0.688,0.455,2939.6,302.4,1.35,0.852,274.92,1543.42,80.2,11,0
39.31,3.08,0.148,0.521,4706.3,477.3,6.89,0.842,183.8,955.25,56.3,5,0
59.34,6.25,0.382,0.916,3057.8,180.5,14.9,3.502,203.67,500.5,98.0,11,0
47.84,10.17,0.234,0.938,3060.6,441.7,10.75,0.512,187.77,434.33,78.1,12,1
87.74,8.56,0.622,0.906,3684.8,75.2,8.2,0.181,361.32,1442.57,73.5,6,1
44.38,9.57,0.696,0.225,1672.7,468.1,8.0,1.85,98.23,497.2,69.9,12,0
24.97,4.54,0.749,0.865,3505.4,175.9,0.66,2.326,119.14,297.02,60.5,8,0
44.28,5.15,0.33,0.954,4582.0,190.5,14.36,0.699,148.06,675.99,97.6,6,1
59.02,5.03,0.18,0.425,64.4,232.0,13.92,1.847,107.62,442.47,85.1,6,0
41.71,2.71,0.171,0.567,4351.9,359.4,10.24,2.993,120.53,591.09,78.4,7,0
41.42,1.2,0.484,0.801,1100.9,360.1,1.49,0.854,149.35,558.81,81.6,11,0
15.43,7.3,0.951,0.606,2285.1,240.3,3.12,1.49,42.2,201.43,92.0,8,0
16.8,11.88,0.296,0.994,4263.2,262.1,2.76,0.317,66.31,174.95,81.8,4,1
9.09,2.42,0.331,0.51,4121.3,16.0,7.79,0.1,41.7,119.2,55.7,7,0
101.24,1.04,0.191,0.743,4460.7,152.8,3.12,7.966,425.35,2387.64,84.9,8,1
3.54,9.46,0.645,0.813,4702.7,173.7,10.44,0.713,13.25,43.97,78.2,6,1
15.75,3.4,0.712,0.545,2241.3,279.8,8.18,0.654,51.85,308.11,98.3,9,0
14.86,10.04,0.679,0.871,3285.3,279.6,0.26,7.242,35.51,77.59,86.7,6,1
71.32,8.6,0.875,0.592,1958.5,355.2,11.16,2.606,220.55,878.57,67.2,4,0
29.68,11.38,0.538,0.47,1760.1,358.8,2.83,1.76,74.94,247.31,56.8,6,0
83.67,5.2,0.221,0.197,2163.7,118.4,12.37,2.403,399.03,2387.76,74.1,2,0
16.43,8.11,0.36,0.454,3717.9,385.3,5.33,2.475,76.81,457.8,84.0,11,0
49.76,5.85,0.696,0.761,2512.2,10.8,5.08,2.882,101.79,299.36,58.9,8,1
10.76,7.75,0.652,0.929,4072.2,358.4,0.18,0.139,47.13,144.65,82.5,11,0
115.08,5.67,0.578,0.327,3728.6,51.9,14.82,1.065,455.74,2278.11,91.3,6,1
1.57,2.67,0.715,0.42,112.2,365.1,9.18,0.699,7.69,42.77,57.9,4,0
50.84,6.34,0.674,0.239,3154.9,264.0,6.34,0.146,158.71,738.77,85.3,7,0
62.18,6.58,0.893,0.722,2188.5,219.2,1.45,1.064,250.45,1367.14,53.4,8,0
54.48,9.82,0.627,0.964,2288.6,345.6,10.49,1.915,180.48,406.65,50.4,3,0
33.51,8.96,0.801,0.677,4093.7,19.1,4.24,0.393,58.41,266.49,51.6,10,0
35.46,8.13,0.324,0.655,2742.6,112.5,14.82,0.728,58.99,283.18,81.6,3,1
41.53,1.8,0.71,0.598,4429.3,308.6,14.26,2.039,80.05,221.04,98.7,10,0
34.85,8.79,0.912,0.18,3566.9,423.8,11.03,1.732,88.42,451.97,88.6,3,0
73.74,6.25,0.447,0.757,2768.7,191.2,14.57,4.062,177.47,1025.28,62.7,3,1
117.37,10.78,0.801,0.642,3775.1,130.1,1.58,3.133,475.24,2657.48,53.6,2,1
20.49,11.08,0.752,0.695,201.4,259.8,4.2,6.74,82.07,244.55,80.8,5,0
7.94,1.13,0.154,0.909,145.1,311.5,3.8,1.819,38.92,128.28,50.2,6,0
36.91,9.94,0.623,0.806,425.9,210.6,1.08,2.398,95.46,381.7,89.6,1,0
130.29,0.93,0.217,0.803,2193.5,438.5,14.58,3.939,623.38,1641.64,62.2,6,1
11.87,4.72,0.971,0.934,1184.9,262.2,0.9,3.665,43.27,251.66,65.0,7,0
97.37,6.74,0.83,0.991,4921.5,18.9,12.85,2.537,314.85,833.22,67.2,2,1
98.72,2.2,0.199,0.623,2716.0,112.3,11.52,1.387,378.83,1911.46,88.2,1,0
20.62,9.08,0.21,0.198,3315.5,225.9,5.64,0.638,81.67,274.86,63.3,7,0
59.91,0.6,0.635,0.513,1401.3,349.2,0.28,4.195,125.93,540.83,64.2,6,0
96.99,2.44,0.41,0.809,1615.8,110.7,0.09,2.998,400.68,876.97,77.0,3,0
26.73,7.18,0.131,0.125,1684.0,488.2,3.06,3.639,107.94,304.4,73.2,2,0
32.87,8.72,0.587,0.151,3496.7,160.0,7.41,0.303,164.09,619.86,97.8,2,0
19.64,11.04,0.449,0.16,2373.8,266.7,6.87,0.756,92.15,433.93,63.2,12,0
4.48,8.61,0.191,0.758,2593.2,10.5,8.78,1.106,17.47,89.27,54.6,2,0
17.28,8.23,0.822,0.551,2964.1,442.6,11.58,3.645,68.98,146.29,77.0,8,0
2.84,5.03,0.924,0.432,3846.4,394.6,5.66,4.468,13.65,35.63,59.2,1,0
41.19,0.51,0.781,0.195,460.9,98.5,2.41,0.671,201.23,989.9,70.7,12,0
13.05,1.88,0.84,0.759,3886.6,466.7,12.0,2.319,57.35,301.22,59.4,3,0
48.18,6.65,0.295,0.389,2820.5,158.6,4.99,0.162,201.69,594.22,94.0,8,0
14.46,8.26,0.337,0.339,3348.8,346.4,4.3,1.054,27.32,79.73,66.4,6,0
51.58,5.3,0.288,0.687,1644.5,409.7,11.46,1.334,227.27,534.57,88.7,7,0
69.17,8.9,0.789,0.603,2052.8,370.7,14.01,2.902,165.06,429.35,97.4,2,0
29.78,6.5,0.953,0.426,1163.5,458.9,13.72,4.451,103.44,210.19,97.0,9,0
53.09,1.35,0.745,0.677,4896.7,432.3,2.06,0.823,154.97,675.54,76.2,7,0
82.97,2.71,0.893,0.344,2490.0,497.3,7.55,1.5,224.81,1262.45,99.2,3,0
2.34,10.16,0.675,0.815,4980.4,92.1,1.39,2.085,6.04,15.7,82.8,9,1
98.54,8.84,0.449,0.306,2454.0,153.1,14.41,0.797,442.84,2216.75,56.4,3,1
54.67,10.79,0.483,0.243,1106.6,318.5,3.23,8.472,229.16,984.15,94.4,10,0
15.32,1.85,0.168,0.804,2542.2,366.8,2.96,4.171,51.06,294.1,73.4,8,0
38.05,11.89,0.128,0.737,207.6,267.8,13.33,0.703,145.56,755.82,57.6,7,1
59.54,2.91,0.726,0.264,4524.8,37.9,14.52,1.418,294.48,1593.42,89.6,3,0
42.66,0.64,0.495,0.205,4094.6,421.0,10.46,0.525,123.35,562.04,81.2,5,0
58.86,11.97,0.597,0.855,3631.8,480.5,1.82,1.445,201.81,1058.56,94.1,7,1
7.78,3.73,0.602,0.799,3053.0,203.4,7.29,2.3,26.19,89.12,91.4,3,0
45.93,8.18,0.35,0.395,2903.4,113.2,12.25,0.179,219.35,622.08,66.0,2,0
9.48,2.53,0.528,0.692,4983.7,10.6,8.59,4.082,25.88,146.25,62.8,9,0
36.11,7.17,0.524,0.212,1397.2,119.4,1.99,1.802,178.8,882.79,86.7,2,0
8.36,10.9,0.45,0.556,3900.6,350.3,2.58,9.132,21.46,50.71,78.7,3,1
14.26,4.18,0.839,0.117,2911.2,455.9,12.96,0.1,26.82,146.64,53.5,12,0
83.26,8.21,0.506,0.452,4879.6,47.7,7.91,3.562,180.67,613.47,59.1,1,0
78.2,2.66,0.643,0.167,4140.7,277.1,10.59,3.14,233.94,747.01,57.6,1,0
61.32,7.69,0.906,0.528,4992.6,348.1,5.6,0.285,231.43,1039.87,79.5,1,0
1.77,4.37,0.88,0.48,2945.7,138.9,7.99,0.817,5.85,25.02,54.3,10,0
28.93,2.93,0.901,0.5,1030.7,285.4,14.66,4.322,81.48,338.4,60.4,3,0
82.46,4.1,0.343,0.141,2523.4,357.9,4.95,1.462,285.89,863.26,77.3,6,0
44.96,2.56,0.131,0.425,3558.4,419.0,10.12,1.026,199.43,1164.52,56.7,10,0
121.18,10.87,0.335,0.781,3874.1,226.8,2.59,4.718,537.57,3118.17,62.4,3,1
53.77,5.07,0.351,0.432,12.5,374.2,1.83,0.196,217.31,438.24,95.3,4,0
46.72,3.32,0.918,0.744,2530.1,151.6,11.75,1.282,225.83,756.84,84.9,2,0
29.18,5.66,0.684,0.433,1183.8,107.3,12.66,2.113,104.05,227.06,65.3,7,0
44.67,4.19,0.174,0.481,4375.8,94.5,10.02,1.876,68.21,368.39,93.9,4,0
34.66,9.06,0.222,0.608,773.0,180.1,2.37,0.614,87.29,484.13,62.5,11,0
64.78,11.67,0.24,0.956,3335.6,18.9,3.61,1.657,171.6,698.95,79.5,1,1
73.48,5.54,0.667,0.198,1337.7,142.2,13.67,2.466,251.0,1345.02,68.4,4,0
12.49,10.4,0.762,0.13,1789.1,326.5,4.33,1.758,58.29,280.59,87.6,4,0
6.59,7.01,0.874,0.647,4703.4,324.3,12.28,2.307,29.23,116.87,68.6,11,0
24.27,2.31,0.947,0.954,1209.8,37.7,4.29,0.592,56.12,193.91,62.4,3,0
57.78,8.44,0.282,0.991,484.1,144.4,14.09,3.578,191.71,587.56,80.4,8,1
1.38,6.4,0.379,0.536,355.7,285.2,13.72,1.195,5.26,15.98,87.3,7,0
35.35,7.98,0.316,0.521,2528.0,160.0,0.65,8.72,175.21,744.34,76.8,10,0
53.6,10.73,0.423,0.68,3212.1,209.6,11.56,0.1,86.27,230.11,85.8,10,1
127.25,5.56,0.923,0.6,1643.2,356.7,2.54,0.957,397.49,1072.89,71.1,3,0
39.79,10.86,0.618,0.671,3454.4,5.6,3.23,0.398,197.28,402.76,89.8,4,1
69.35,9.13,0.764,0.887,314.6,138.9,6.9,1.622,341.2,1519.49,79.3,8,1
42.86,6.12,0.541,0.772,4288.1,72.0,8.64,0.557,113.91,680.9,59.8,10,0
36.54,7.44,0.126,0.547,4084.7,64.7,4.89,2.675,54.81,304.57,94.5,3,1
72.17,4.24,0.158,0.516,4927.6,479.6,8.63,4.272,256.45,1236.81,91.8,5,0
29.84,11.81,0.584,0.676,4683.2,188.9,2.56,0.474,135.3,695.75,98.2,5,1
49.36,8.17,0.747,0.51,1787.4,264.0,0.34,0.35,130.06,476.99,78.5,5,0
51.26,1.0,0.294,0.512,2002.4,367.2,8.57,4.165,244.5,780.54,83.8,5,0
16.62,4.26,0.75,0.115,3732.4,24.7,7.76,0.897,44.27,153.83,93.2,9,0
74.72,7.67,0.83,0.257,679.1,121.3,10.34,1.14,271.67,631.81,52.6,10,0
33.88,1.15,0.471,0.54,1576.9,416.2,9.75,0.499,136.43,618.72,95.6,5,0
13.55,0.77,0.772,0.84,601.5,431.1,13.46,1.108,36.7,99.08,63.6,11,0
58.78,5.68,0.464,0.351,2279.9,187.1,6.89,0.526,160.62,811.39,52.9,11,0
8.55,4.33,0.711,0.57,2764.5,188.1,0.13,2.193,26.9,74.24,61.9,9,0
40.99,5.54,0.788,0.41,1063.7,378.7,9.46,1.382,181.29,528.02,79.3,9,0
39.68,3.52,0.993,0.194,142.9,148.2,10.13,3.103,73.53,428.61,52.4,11,0
78.01,2.39,0.411,0.962,3599.6,59.4,7.82,0.75,289.42,700.85,50.0,10,0
56.61,8.43,0.47,0.869,109.8,129.5,10.34,1.409,219.14,875.54,82.0,12,0
39.12,6.42,0.249,0.171,4867.3,194.3,4.85,0.601,135.08,304.03,72.7,4,0
68.62,2.8,0.284,0.748,1115.8,27.1,2.23,5.451,327.7,773.88,92.2,9,0
88.66,4.18,0.724,0.413,3322.9,239.9,9.97,1.476,319.78,1449.9,62.9,11,0
59.52,7.31,0.925,0.995,2179.4,370.3,3.68,0.381,221.49,1001.77,64.0,12,0
40.36,1.33,0.455,0.372,307.8,257.4,6.84,0.637,145.27,402.76,53.9,2,0
5.91,2.2,0.262,0.315,2366.2,36.9,7.37,0.173,23.82,130.75,76.9,3,0
2.72,1.34,0.357,0.611,2588.6,220.6,7.16,0.1,5.37,25.83,68.3,1,0
29.32,9.84,0.51,0.852,4274.9,354.7,8.98,1.493,135.74,434.69,67.0,11,1
18.67,9.15,0.362,0.273,3664.4,30.0,0.44,0.822,30.78,92.13,72.9,7,0
33.46,9.16,0.31,0.738,405.7,30.9,14.85,6.636,125.21,628.21,92.5,10,0
41.98,8.74,0.762,0.155,1053.7,185.9,10.74,0.376,153.41,757.01,55.3,11,0
58.54,8.2,0.107,0.927,1566.3,98.3,6.38,3.159,130.45,338.56,76.2,9,1
37.53,5.99,0.585,0.173,590.9,467.5,2.87,0.76,61.65,209.4,59.8,3,0
57.03,7.89,0.814,0.923,2289.9,291.1,1.2,0.506,113.25,324.66,60.6,8,1
42.26,0.94,0.34,0.542,4921.7,144.4,10.08,6.989,103.56,328.98,62.8,1,0
29.14,7.65,0.643,0.503,2577.9,352.7,4.75,3.245,133.68,421.13,73.0,6,0
7.12,9.45,0.702,0.976,3712.0,188.1,3.44,1.992,32.02,189.05,74.7,6,0
34.96,6.25,0.69,0.991,3417.9,66.9,5.7,2.389,60.25,301.29,93.6,5,0
2.34,4.61,0.501,0.685,4251.1,119.4,8.89,9.508,5.88,30.09,94.6,4,0
61.0,3.69,0.412,0.214,1086.5,321.7,10.08,1.799,281.36,874.94,79.3,3,0
93.58,7.89,0.852,0.556,3771.6,26.9,9.68,0.215,217.87,436.21,64.1,4,1
82.66,8.47,0.783,0.576,4408.0,137.1,12.95,0.134,412.12,920.1,90.9,7,1
32.53,10.52,0.389,0.563,865.8,104.9,3.28,2.197,78.04,328.69,89.6,7,1
92.18,4.44,0.193,0.613,1740.5,101.4,9.55,2.144,376.71,1183.6,89.9,3,0
45.2,9.35,0.165,0.117,4850.8,341.7,1.52,2.758,133.79,370.84,50.8,11,0
28.2,6.96,0.185,0.74,3906.1,413.1,8.22,0.23,55.75,122.57,87.7,10,0
18.53,10.65,0.625,0.741,1420.1,358.2,8.76,5.797,44.35,244.06,92.6,3,0
29.41,6.57,0.146,0.204,2824.1,323.2,3.24,1.602,113.62,499.99,80.3,3,0
26.41,6.45,0.403,0.613,2027.6,458.3,5.88,2.097,70.78,171.96,87.6,5,0
45.96,7.15,0.778,0.612,2454.9,30.1,12.41,0.1,166.14,841.58,88.8,1,0
45.62,9.12,0.365,0.714,1782.3,84.6,2.23,6.487,101.25,508.6,75.3,10,0
40.11,11.59,0.787,0.177,1403.9,207.8,6.52,1.654,123.13,388.79,90.7,11,0
55.29,1.35,0.771,0.664,3377.1,186.9,13.99,1.657,182.07,501.37,89.6,7,0
81.67,1.11,0.321,0.353,3894.9,209.6,7.56,5.749,240.51,1264.08,95.8,8,0
73.23,11.28,0.756,0.556,4371.0,104.0,10.88,5.3,160.58,532.85,96.1,7,1
11.97,6.59,0.773,0.796,785.1,75.6,12.4,0.498,37.3,201.02,76.5,8,0
49.39,7.57,0.458,0.735,4116.0,255.1,3.06,5.35,193.85,421.55,51.6,9,1
72.7,6.05,0.289,0.207,1281.5,464.1,3.27,2.668,354.58,1417.3,51.0,4,0
7.84,1.58,0.569,0.632,2142.4,196.6,11.38,0.1,33.43,90.87,96.9,3,0
32.13,9.33,0.929,0.972,4508.2,22.6,11.3,0.548,66.36,311.11,66.9,7,0
0.95,9.09,0.676,0.241,2278.0,353.4,0.9,1.065,2.34,14.02,68.9,12,0
23.07,4.08,0.256,0.868,993.3,146.3,4.84,1.748,40.97,149.54,73.5,9,0
58.95,4.02,0.714,0.732,807.7,123.3,5.98,2.417,116.42,279.54,63.3,12,0
66.57,10.14,0.484,0.797,2370.2,162.8,12.44,0.472,158.26,517.63,79.5,9,1
19.82,1.33,0.632,0.354,3815.7,362.2,6.33,3.624,43.58,242.54,89.2,12,0
50.69,10.63,0.761,0.359,4986.1,409.6,13.89,3.738,113.93,576.84,62.9,8,0
20.88,3.45,0.563,0.915,3939.2,294.4,14.95,2.016,48.19,141.14,87.2,3,0
53.71,7.32,0.833,0.424,4386.3,161.9,11.71,5.079,137.1,797.13,83.6,6,0
11.76,11.26,0.75,0.157,3741.7,155.9,10.0,3.353,22.81,102.4,76.3,2,0
46.42,8.3,0.654,0.641,4478.2,63.0,5.88,0.501,114.76,306.67,66.3,6,1
39.46,5.27,0.236,0.212,390.7,466.7,1.01,3.206,154.28,661.76,93.6,5,0
60.28,8.43,0.852,0.817,4650.4,319.4,8.6,6.124,140.28,533.8,70.1,4,0
44.19,4.46,0.942,0.678,1988.1,14.5,5.43,0.296,92.85,490.15,68.7,3,0
5.94,3.69,0.223,0.887,4608.9,331.5,5.26,7.698,10.32,34.85,82.1,8,0
81.88,11.96,0.539,0.806,387.9,224.1,10.32,0.1,266.1,1463.54,96.0,10,1
34.45,9.13,0.333,0.201,3579.1,486.3,6.95,1.477,153.2,803.99,75.4,6,0
39.04,7.91,0.779,0.443,3681.1,409.7,11.28,2.973,66.63,313.06,86.1,9,0
7.34,4.59,0.749,0.797,4984.6,86.5,5.97,3.125,24.93,75.64,72.8,3,0
24.49,1.07,0.227,0.476,3846.6,360.3,2.26,2.654,92.48,543.93,60.9,5,0
9.03,0.86,0.889,0.975,1919.0,243.3,6.92,1.507,32.28,135.39,56.2,4,0
33.95,6.87,0.263,0.762,2790.7,94.3,14.27,2.105,155.19,873.75,56.8,6,1
99.91,9.26,0.818,0.114,1839.1,349.7,12.02,2.407,452.83,1296.41,51.1,2,0
8.02,6.68,0.511,0.892,988.1,274.1,3.09,1.365,13.63,80.89,77.6,6,0
16.47,10.17,0.395,0.191,1250.0,16.2,5.87,1.811,45.52,239.65,56.6,3,0
91.49,0.88,0.242,0.226,1117.8,323.6,13.92,3.746,352.05,2040.79,93.3,8,0
32.67,4.72,0.251,0.761,2748.6,317.9,1.86,0.75,157.93,450.02,99.1,10,0
16.58,3.23,0.696,0.878,4531.7,72.9,3.81,1.481,71.58,266.45,74.8,10,0
76.4,5.64,0.595,0.583,4564.5,175.1,3.93,0.1,161.81,386.82,72.5,11,0
18.8,1.33,0.21,0.36,283.3,293.4,8.56,2.326,46.58,118.68,67.4,6,0
103.91,11.47,0.201,0.416,408.7,70.3,6.16,0.435,433.57,1359.62,81.9,12,1
63.73,3.07,0.165,0.409,1233.1,426.5,1.2,1.312,200.75,1165.66,80.4,8,0
22.92,11.11,0.769,0.394,1282.7,14.7,9.44,0.472,78.3,365.54,67.2,7,0
115.51,5.4,0.741,0.319,483.5,52.3,1.49,0.1,419.45,1366.79,67.2,6,0
18.8,11.83,0.153,0.648,1948.4,58.9,9.1,1.32,35.0,203.62,82.2,9,1
65.97,6.87,0.604,0.91,2942.7,264.5,7.61,1.106,296.61,1470.85,77.7,11,1
50.48,11.2,0.176,0.376,2895.0,310.4,7.41,1.107,228.2,1284.27,85.9,9,1
85.56,0.56,0.913,0.268,2721.7,202.5,1.01,0.468,268.56,1533.19,97.1,10,0
94.65,9.1,0.916,0.855,1700.0,145.0,9.59,5.883,349.64,1749.3,89.0,10,1
41.12,10.89,0.728,0.768,3535.2,404.8,6.47,0.1,156.65,465.66,65.2,4,0
13.63,2.11,0.934,0.938,4134.2,35.1,6.17,4.443,29.5,176.58,88.0,8,0
56.1,1.61,0.83,0.249,1737.9,140.9,8.95,2.67,106.25,350.68,72.5,3,0
16.28,5.38,0.846,0.23,436.8,20.5,9.09,0.378,25.6,119.97,88.9,11,0
110.47,11.24,0.613,0.587,1488.7,7.9,0.23,1.278,518.66,2790.0,94.3,5,1
44.78,6.74,0.375,0.653,695.5,177.3,1.88,8.993,121.35,327.72,62.5,12,0
27.21,6.57,0.296,0.532,2342.1,98.2,3.55,2.064,49.0,217.35,61.9,3,0
46.46,2.12,0.394,0.639,788.1,134.9,10.17,0.273,145.45,509.16,71.6,10,0
7.15,0.51,0.666,0.262,2319.6,410.7,8.65,1.224,12.62,37.56,52.6,4,0
5.99,9.82,0.255,0.532,1112.8,82.3,11.36,1.263,10.78,22.06,84.3,5,0
82.01,1.51,0.333,0.692,3696.3,390.3,11.11,3.242,263.36,1445.27,87.5,8,0
17.01,7.79,0.521,0.489,147.6,337.9,12.8,4.958,55.8,141.94,67.3,10,0
3.36,11.02,0.31,0.712,2778.2,163.9,5.65,0.172,11.86,65.35,73.3,8,1
58.78,2.9,0.63,0.506,855.7,273.7,5.18,0.754,223.2,982.71,79.5,3,0
81.5,8.15,0.931,0.4,14.9,222.8,12.47,0.709,312.87,1402.99,53.7,8,0
65.16,1.41,0.773,0.373,4347.3,65.1,3.56,11.067,196.5,1044.32,85.6,10,0
74.86,7.44,0.7,0.47,3360.9,453.7,6.92,1.638,280.91,1134.24,76.3,4,0
13.51,2.39,0.624,0.121,503.7,285.2,2.91,4.238,34.68,118.92,81.2,11,0
9.76,8.96,0.539,0.702,3323.7,440.2,13.71,1.11,29.73,75.96,86.2,2,0
92.55,3.96,0.268,0.861,3062.1,412.1,6.12,2.565,266.22,1139.88,83.8,3,0
28.71,5.83,0.905,0.419,2372.0,40.8,3.19,0.675,76.13,320.69,54.8,8,0
31.22,7.39,0.324,0.141,2102.1,104.4,10.38,4.856,72.9,231.5,89.1,12,0
86.49,2.47,0.182,0.988,4436.5,73.5,3.67,1.214,153.48,675.35,80.5,5,0
59.47,9.03,0.775,0.337,1233.3,415.6,14.15,3.256,194.5,730.83,85.7,2,0
55.96,3.98,0.258,0.214,1997.6,431.4,5.51,0.591,189.16,987.82,63.1,7,0
115.78,8.12,0.435,0.433,1652.3,264.5,9.97,2.366,309.88,1313.24,61.1,5,1
17.48,2.32,0.125,0.765,3858.3,53.0,5.18,1.039,85.91,492.65,91.3,6,0
72.47,8.41,0.223,0.365,4583.2,68.7,12.11,0.1,249.99,1017.94,69.5,2,1
42.0,1.97,0.256,0.617,4250.4,407.0,13.45,1.065,193.66,1074.83,78.8,11,0
49.4,5.39,0.149,0.474,3990.5,464.7,11.82,1.597,172.67,704.86,77.6,7,0
93.5,3.34,0.691,0.206,4934.1,100.5,12.73,0.329,202.39,856.55,79.3,1,0
57.77,9.11,0.853,0.397,3488.8,6.6,1.53,0.406,283.74,983.79,53.5,10,0
58.84,3.51,0.436,0.752,3757.8,166.1,13.86,1.25,270.59,974.3,65.1,10,0
77.54,10.64,0.887,0.651,4914.2,16.2,9.36,0.839,244.2,1399.86,53.3,5,1
27.23,10.76,0.292,0.208,44.9,414.2,13.04,1.162,64.0,185.17,74.0,9,0
10.63,2.76,0.393,0.247,3173.9,246.3,10.27,1.235,24.22,60.22,95.1,7,0
3.43,7.56,0.236,0.677,3697.5,321.3,3.03,0.302,14.83,78.9,69.5,9,0
28.82,1.51,0.659,0.832,4590.0,206.3,9.14,0.4,50.21,216.27,89.1,9,0
111.97,5.0,0.478,0.415,4420.4,173.4,1.36,3.77,418.0,1311.92,64.4,1,1
1.39,8.7,0.652,0.636,4211.4,111.9,10.44,0.355,5.19,19.36,92.8,8,0
32.26,8.08,0.786,0.254,4729.5,385.5,6.14,2.193,68.98,282.8,71.0,12,0
30.31,7.68,0.591,0.38,2691.5,348.1,2.28,1.084,120.25,525.33,67.8,7,0
50.76,3.75,0.665,0.118,44.5,181.0,14.69,6.899,201.46,1064.55,84.9,11,0
68.55,4.85,0.942,0.791,65.2,161.2,13.52,0.137,186.81,668.29,75.6,2,0
70.12,1.68,0.369,0.461,2727.7,1.6,13.4,3.548,223.8,1053.2,66.9,3,0
19.59,8.77,0.423,0.835,2182.0,32.7,11.83,1.352,86.49,461.79,52.9,6,0
34.15,6.29,0.746,0.738,2261.7,312.0,10.38,0.1,113.76,611.46,58.3,11,0
49.89,8.65,0.65,0.846,2008.0,257.8,9.83,0.612,182.78,551.43,88.6,11,0
31.3,3.36,0.261,0.357,4589.5,218.0,1.59,1.047,92.16,313.4,96.0,3,0
96.26,4.23,0.439,0.267,1802.3,413.9,13.51,0.754,194.79,853.09,58.4,8,0
57.18,4.34,0.521,0.975,4282.6,252.4,13.22,0.9,285.53,1582.74,78.5,4,0
65.72,0.8,0.477,0.746,4515.3,192.9,11.22,4.97,220.85,1139.96,51.7,7,0
63.2,4.42,0.26,0.851,2502.5,81.5,13.91,0.895,169.22,733.73,64.5,4,1
81.07,9.74,0.932,0.112,2240.2,410.5,8.3,1.085,324.14,1923.78,72.4,2,0
46.34,10.82,0.786,0.419,3807.5,288.5,6.71,2.864,170.19,639.21,86.8,7,1
5.39,6.46,0.533,0.769,3542.8,47.1,14.52,3.158,12.48,67.0,52.2,8,1
53.99,5.74,0.712,0.17,1649.4,324.8,6.96,0.176,246.69,1300.96,89.1,1,0
17.2,0.85,0.908,0.611,521.7,213.1,9.62,2.435,30.07,169.37,60.1,5,0
21.5,10.61,0.223,0.486,1331.6,405.9,5.6,1.318,77.82,463.1,88.0,10,0
60.52,0.65,0.325,0.116,663.8,459.5,9.54,0.287,192.02,764.75,81.3,8,0
83.34,11.36,0.588,0.312,1480.7,300.6,10.8,0.615,217.83,606.1,67.0,1,0
40.74,6.13,0.819,0.356,1316.5,366.1,9.37,0.1,178.96,687.86,86.2,12,0
50.81,4.43,0.133,0.201,3192.2,29.2,7.72,0.893,192.92,1044.77,61.8,3,0
99.58,11.13,0.986,0.668,4772.9,280.6,4.5,0.59,414.07,2212.96,61.0,2,1
48.43,0.78,0.509,0.318,3431.9,377.9,9.66,0.963,142.92,477.91,53.1,3,0
131.06,7.19,0.423,0.35,4634.0,248.9,13.63,1.737,628.87,1376.74,69.7,3,1
59.79,6.81,0.363,0.908,3922.8,297.2,0.1,2.636,161.83,653.7,54.9,3,1
21.63,3.02,0.257,0.52,3642.1,449.6,2.01,1.86,72.64,283.02,71.0,1,0
66.37,5.43,0.812,0.453,2076.2,99.9,1.8,2.269,316.42,741.4,50.5,3,0
53.34,8.0,0.96,0.751,1630.7,50.0,13.85,4.014,95.54,494.86,57.8,2,0
85.14,8.86,0.472,0.919,4232.9,345.6,9.94,4.14,160.14,501.93,96.6,9,1
63.56,0.51,0.957,0.123,4527.9,411.6,14.28,3.943,316.51,1450.59,89.8,10,0
35.15,11.27,0.841,0.503,2264.9,425.4,8.74,0.333,172.25,414.43,61.8,8,0
2.85,2.39,0.533,0.65,55.2,321.2,6.93,0.578,11.97,65.18,85.9,6,0
32.68,3.19,0.707,0.387,3964.7,416.8,11.89,1.396,104.41,517.59,83.4,7,0
10.23,3.53,0.491,0.795,1432.5,350.6,2.41,0.889,33.47,118.94,58.8,1,0
19.68,0.93,0.603,0.974,59.3,44.6,5.72,0.282,47.24,213.43,68.6,7,0
60.6,1.92,0.152,0.949,4026.9,381.3,6.99,0.679,182.68,502.34,95.7,8,0
98.45,11.84,0.727,0.339,2591.9,90.5,4.48,7.412,296.3,1760.51,86.9,8,1
53.81,4.12,0.148,0.304,3429.2,119.1,5.57,0.852,87.52,453.73,88.0,6,0
1.86,1.83,0.835,0.962,4574.3,197.9,1.17,1.086,5.73,29.53,78.2,7,0
55.56,1.73,0.842,0.513,2710.5,158.0,2.97,0.1,176.64,461.66,83.3,11,0
81.88,8.77,0.313,0.287,2520.9,161.5,5.03,2.542,313.63,649.5,75.4,2,1
18.66,10.33,0.391,0.736,1460.4,85.5,11.94,1.067,61.71,267.92,87.0,4,1
35.31,3.45,0.533,0.356,1532.9,147.6,2.74,0.218,159.45,410.83,86.6,8,0
40.51,0.74,0.637,0.341,3984.7,10.8,5.2,6.919,112.89,578.2,51.6,11,0
12.53,3.07,0.359,0.891,2250.7,237.0,0.97,3.005,36.76,134.7,81.6,4,0
62.69,1.15,0.633,0.246,826.0,384.5,8.36,2.59,219.43,736.04,81.5,8,0
35.77,1.69,0.368,0.158,481.7,431.3,9.17,6.334,79.03,181.34,53.4,10,0
54.68,5.46,0.15,0.342,2369.9,410.4,12.98,1.047,157.34,941.55,70.5,12,0
8.94,3.14,0.102,0.646,2330.1,208.8,12.29,2.535,34.87,203.09,94.9,4,0
24.69,6.43,0.191,0.211,3270.8,365.5,4.28,0.462,72.62,183.46,97.7,9,0
65.28,3.42,0.813,0.524,2360.6,144.7,2.05,2.389,305.08,1016.29,89.1,1,0
26.95,11.32,0.965,0.665,725.9,28.7,2.34,0.1,98.47,350.85,57.6,6,1
100.44,10.92,0.484,0.864,2543.9,338.3,14.53,0.27,204.72,652.49,68.7,1,1
26.01,7.02,0.561,0.307,4534.9,324.7,10.1,1.108,83.4,478.53,59.1,12,0
47.86,4.58,0.232,0.836,805.6,401.0,0.64,0.1,199.91,976.66,82.6,6,0
72.64,4.88,0.596,0.311,3451.9,308.4,2.05,1.24,272.53,1587.1,88.7,4,0
9.64,5.24,0.23,0.709,2973.4,79.3,7.29,1.48,44.34,243.79,94.2,8,0
21.63,8.87,0.65,0.488,3745.4,426.7,3.12,1.944,89.22,447.7,93.0,8,0
13.4,5.69,0.94,0.203,761.5,314.0,12.05,0.212,22.99,110.05,55.0,9,0
84.19,10.35,0.276,0.743,4708.6,404.0,8.6,0.399,159.44,871.28,56.3,7,1
20.68,11.36,0.788,0.296,3108.6,387.3,9.19,1.9,78.07,369.77,95.5,11,0
129.54,4.36,0.121,0.259,4236.9,149.6,6.94,2.147,302.39,833.06,92.2,8,1
20.25,6.95,0.438,0.422,1240.6,38.2,3.84,0.1,72.04,330.86,73.0,11,0
46.46,1.59,0.2,0.688,3699.7,89.1,8.84,1.555,198.51,805.95,71.5,3,0
93.97,2.81,0.417,0.311,3907.3,47.3,10.75,3.074,330.72,1960.36,77.6,10,0
110.21,5.25,0.256,0.265,1993.2,122.5,5.56,0.143,325.59,1315.35,79.8,4,1
112.15,2.87,0.436,0.109,1925.9,230.3,7.57,1.066,421.91,908.72,62.7,4,0
82.29,10.58,0.476,0.524,3292.4,453.5,12.6,0.791,164.81,503.77,70.2,6,1
75.84,2.32,0.371,0.486,476.1,436.1,2.23,4.899,305.74,1733.39,81.0,7,0
60.74,5.74,0.691,0.31,3680.8,359.6,8.18,0.411,239.28,1399.68,60.3,9,0
67.24,7.47,0.927,0.148,224.0,13.0,5.23,0.767,221.93,1090.55,99.9,10,0
20.71,8.46,0.461,0.486,961.0,171.4,10.54,4.574,51.27,114.2,64.1,6,0
11.36,4.91,0.273,0.809,3324.1,341.5,0.28,0.803,48.76,102.12,77.6,2,0
39.88,10.49,0.344,0.744,500.6,65.4,10.06,1.516,131.09,513.66,77.7,10,0
34.04,7.04,0.869,0.875,4859.5,400.7,1.54,0.1,58.12,348.62,72.6,10,0
24.14,5.55,0.614,0.109,4343.3,457.4,0.97,8.386,113.81,623.36,62.1,7,0
64.37,1.27,0.51,0.97,3135.2,177.7,10.87,3.485,269.53,1545.08,78.3,10,0
73.44,5.84,0.235,0.407,4097.1,353.2,9.61,2.012,260.46,1170.56,54.6,9,1
43.09,9.94,0.505,0.991,4439.0,75.0,13.42,0.125,130.53,709.61,69.3,8,1
91.71,7.57,0.351,0.327,1304.8,345.7,7.79,0.156,445.7,1461.34,61.2,4,0
0.04,10.07,0.949,0.524,4248.6,11.7,7.95,1.575,0.17,0.36,56.2,2,0
33.22,6.18,0.896,0.419,982.0,76.2,10.61,0.671,112.04,635.6,96.3,8,0
14.91,1.86,0.176,0.42,2072.6,355.2,4.85,1.95,56.45,162.23,85.0,6,0
25.33,0.66,0.565,0.858,2795.7,356.2,0.55,1.824,62.88,309.0,58.4,12,0
37.11,3.99,0.303,0.772,3572.3,320.9,3.45,3.648,81.08,375.86,97.5,8,0
35.74,8.53,0.47,0.993,160.4,239.2,3.57,0.661,87.8,231.14,60.8,11,0
92.97,9.59,0.889,0.652,1459.6,337.8,5.03,1.725,234.84,653.59,61.8,9,1
62.08,3.9,0.575,0.517,3046.5,387.1,14.15,3.004,253.84,841.82,56.7,3,0
4.15,6.2,0.401,0.181,1793.3,483.3,12.07,1.35,8.27,41.56,86.4,8,0
104.89,5.34,0.287,0.997,3877.4,444.4,14.04,3.552,442.81,955.14,78.5,10,1
82.74,5.22,0.82,0.596,3261.7,397.5,14.98,0.281,275.67,1000.2,52.9,8,0
60.37,3.16,0.662,0.73,1179.7,347.7,6.51,2.648,171.82,800.77,51.3,5,0
32.07,2.07,0.521,0.466,738.2,287.5,3.41,5.729,81.83,219.79,76.6,6,0
6.42,2.76,0.296,0.593,3148.9,61.2,8.4,0.807,21.16,52.43,82.6,5,0
26.97,1.14,0.401,0.948,2257.8,83.6,13.22,0.912,70.43,250.81,91.1,6,0
78.11,2.78,0.964,0.25,853.1,410.3,6.99,0.174,234.56,737.98,73.9,1,0
105.96,0.61,0.568,0.363,1638.6,401.9,7.58,2.052,433.01,1990.29,83.8,10,0
94.01,7.71,0.461,0.237,1522.2,307.6,2.02,1.608,347.0,2039.78,86.7,10,0
22.89,4.14,0.569,0.813,549.6,220.0,6.31,0.1,94.26,190.21,80.7,10,0
0.81,11.69,0.801,0.156,2739.1,14.0,5.8,2.79,3.25,18.23,67.6,2,0
44.93,2.73,0.406,0.173,3820.6,164.3,5.28,3.536,195.57,730.06,56.6,8,0
21.9,4.48,0.261,0.369,2881.6,210.9,13.31,4.753,48.3,224.88,82.4,1,0
51.31,4.62,0.626,0.563,4133.2,243.4,0.89,1.578,255.68,1381.71,88.4,9,1
34.83,0.6,0.699,0.466,646.6,464.7,14.58,1.205,110.26,473.42,59.5,7,0
23.69,10.15,0.741,0.14,2183.7,55.2,0.12,4.177,95.08,227.17,74.7,1,0
15.81,0.87,0.894,0.962,3051.0,259.9,14.18,1.017,61.24,156.91,69.9,5,0
57.98,11.31,0.434,0.958,3383.2,184.6,8.22,2.131,201.84,1040.94,60.3,2,1
21.36,10.76,0.168,0.351,3482.0,495.1,10.54,1.911,106.46,310.49,62.3,11,0
0.95,6.66,0.963,0.758,3647.5,431.1,2.81,0.931,2.14,9.16,61.9,12,0
60.53,6.75,0.492,0.621,3260.6,220.0,9.81,0.182,180.14,668.73,70.9,1,0
39.04,8.02,0.661,0.314,480.2,499.8,13.23,0.1,76.01,244.33,69.5,1,0
102.03,4.95,0.7,0.336,3479.6,257.5,2.09,1.118,217.98,1122.12,77.7,5,0
98.14,7.94,0.592,0.542,3626.7,84.4,1.91,1.312,392.12,1931.15,54.7,4,1
24.0,1.01,0.285,0.477,4967.5,278.4,4.56,3.46,36.41,166.92,79.1,5,0
18.92,1.12,0.78,0.362,3469.9,113.9,2.43,1.07,87.32,304.79,51.1,6,0
56.41,5.76,0.823,0.827,3437.3,318.5,1.66,0.66,209.62,609.12,62.9,1,0
5.06,6.82,0.598,0.533,2578.9,468.8,10.17,1.24,15.39,62.53,75.1,2,0
50.56,10.71,0.54,0.689,4340.9,393.3,3.21,0.544,134.48,708.52,84.3,2,1
66.81,1.7,0.203,0.27,4984.2,137.3,10.01,0.192,129.75,558.26,88.6,5,0
82.94,9.96,0.176,0.58,3897.4,149.1,12.93,0.24,391.94,2304.84,51.8,12,1
36.49,2.92,0.406,0.386,3066.4,35.6,9.78,0.769,145.73,300.45,76.9,10,0
32.87,5.03,0.38,0.574,404.0,143.6,1.79,0.1,88.01,527.47,67.7,9,0
9.27,4.14,0.958,0.803,3636.4,47.2,8.6,0.497,16.21,77.24,84.7,7,0
11.06,5.1,0.805,0.792,3545.7,250.2,5.9,3.098,29.2,155.63,64.2,10,0
32.07,2.23,0.694,0.419,3880.1,354.5,5.15,0.535,68.84,229.9,87.2,4,0
52.86,6.29,0.566,0.725,631.5,375.8,4.78,0.235,224.75,906.49,80.1,5,0
71.98,9.72,0.251,0.947,3272.1,30.7,13.94,5.955,289.24,1500.57,89.5,11,1
11.89,5.58,0.981,0.663,1485.7,170.6,11.14,1.948,38.56,194.45,99.2,7,0
92.24,6.14,0.438,0.234,3803.8,144.8,2.01,0.124,424.36,1415.74,95.4,10,0
30.51,10.26,0.196,0.712,1209.5,53.0,7.14,0.129,65.06,214.55,79.7,9,1
39.25,8.62,0.544,0.194,3423.1,181.9,4.77,1.894,120.97,562.66,94.7,12,0
13.85,6.14,0.887,0.885,1482.0,150.4,14.67,1.554,55.21,316.62,57.7,10,0
44.85,3.46,0.899,0.565,54.9,317.6,14.67,0.142,77.92,292.58,52.2,7,0
70.94,10.68,0.11,0.447,3170.5,441.8,4.79,0.508,198.95,678.76,76.7,11,1
65.79,7.14,0.898,0.151,575.2,228.0,5.28,5.291,230.32,1284.88,98.7,2,0
30.15,3.04,0.344,0.443,3299.9,373.6,8.99,1.697,83.94,397.23,85.5,4,0
42.34,3.59,0.135,0.913,4628.8,73.9,7.19,1.161,134.69,478.55,65.3,10,1
58.06,9.74,0.863,0.119,4846.5,447.6,3.2,0.576,210.66,469.58,83.4,4,0
14.69,1.01,0.877,0.527,1187.3,77.1,9.91,0.287,40.97,200.19,52.0,11,0
21.48,11.91,0.637,0.938,4048.2,96.9,5.01,1.03,40.2,137.13,73.5,9,1
67.8,2.0,0.617,0.455,1774.2,54.1,9.81,5.112,134.79,307.62,61.9,8,0
3.9,9.65,0.832,0.485,4503.3,155.5,5.76,0.1,13.04,58.03,52.5,6,0
50.27,5.04,0.808,0.621,3939.6,276.7,10.5,9.416,106.16,349.48,62.5,8,0
7.48,6.16,0.901,0.517,378.9,494.0,10.02,0.466,34.52,115.77,86.1,7,0
56.33,10.63,0.597,0.252,2041.6,396.9,7.63,1.051,248.94,975.01,77.6,8,0
38.75,5.25,0.971,0.117,1693.2,190.8,10.57,0.1,105.47,513.63,51.2,7,0
16.53,6.68,0.997,0.649,3928.1,288.3,6.91,1.758,72.87,226.28,70.5,2,0
80.77,1.07,0.205,0.929,2057.3,312.0,1.74,1.322,271.87,631.77,87.6,11,0
14.29,0.53,0.865,0.196,3426.1,411.5,2.73,2.197,29.39,108.67,97.7,12,0
11.64,3.32,0.55,0.29,3016.2,368.5,3.69,1.565,42.49,94.31,93.7,6,0
47.02,8.33,0.449,0.433,4878.4,285.1,0.95,1.016,182.35,873.27,50.1,4,0
80.2,1.89,0.652,0.828,4689.5,334.9,10.67,2.677,143.85,839.66,60.9,4,0
4.45,1.81,0.15,0.342,2144.2,373.2,5.51,0.1,11.56,53.59,60.4,10,0
42.16,5.23,0.556,0.894,3620.7,67.4,1.4,1.558,64.03,198.6,70.7,6,0
55.01,7.95,0.884,0.149,4149.0,101.0,12.3,0.242,143.43,391.12,82.3,8,0
64.26,8.69,0.292,0.947,4495.4,344.6,10.25,1.145,171.83,503.66,57.7,5,0
46.18,2.55,0.484,0.605,350.0,425.4,6.78,3.132,171.11,493.91,95.8,3,0
27.15,1.42,0.946,0.693,1517.4,205.2,3.71,0.307,59.65,194.17,88.9,12,0
11.03,11.31,0.486,0.431,1607.9,490.0,2.28,5.492,17.71,42.32,71.0,1,0
43.02,3.5,0.423,0.804,2177.9,108.8,6.88,4.388,112.04,625.52,79.2,5,0
2.48,10.31,0.496,0.25,854.6,208.9,13.28,1.072,10.87,60.2,77.1,3,0
62.25,10.43,0.568,0.144,2486.1,189.9,2.83,0.1,180.33,804.45,79.1,3,0
55.28,9.38,0.669,0.456,3319.4,465.2,8.53,3.119,163.23,366.89,93.0,4,0
71.64,2.44,0.821,0.868,2491.8,143.4,14.43,4.256,225.06,1173.9,60.0,9,0
42.7,9.95,0.507,0.779,3332.3,235.9,9.56,0.384,176.42,396.43,84.2,4,0
4.66,9.35,0.836,0.565,341.5,94.4,6.6,4.958,14.82,35.94,55.4,5,0
61.67,7.36,0.58,0.615,4381.2,261.1,10.75,4.909,112.21,370.42,73.0,10,1
112.01,4.38,0.405,0.217,4696.0,428.8,12.37,1.275,248.94,927.51,81.8,5,0
40.73,3.52,0.692,0.857,3093.4,152.7,8.86,3.199,87.88,300.15,50.6,1,0
14.52,1.9,0.746,0.808,4408.1,405.6,13.08,1.177,47.59,126.63,55.4,7,0
33.6,6.36,0.602,0.691,665.9,455.7,7.72,1.66,53.92,132.02,54.6,2,0
88.12,7.23,0.151,0.52,3989.3,37.4,12.45,0.771,219.65,1194.41,68.7,6,1
17.39,4.63,0.253,0.968,604.5,378.5,14.28,0.347,63.05,217.68,81.1,11,0
12.03,5.97,0.357,0.891,2046.0,128.4,7.52,2.745,32.97,94.78,99.8,4,0
23.1,4.68,0.354,0.68,1625.9,88.5,9.08,0.1,91.88,362.76,62.7,5,0
6.63,7.87,0.706,0.435,2932.1,301.0,9.14,1.733,19.03,40.87,56.8,12,0
44.29,10.86,0.117,0.656,1514.6,353.1,11.72,4.0,218.25,960.55,70.7,5,0
96.86,2.39,0.78,0.618,3190.2,198.0,12.34,0.5,472.57,1414.87,57.3,4,0
51.31,4.89,0.339,0.455,1843.3,20.5,0.41,0.81,220.59,969.03,51.2,2,0
31.17,2.12,0.379,0.376,4305.3,454.4,11.0,1.771,150.86,672.32,78.2,12,0
29.79,7.69,0.575,0.466,3173.1,365.6,11.76,0.567,66.03,345.79,94.0,8,0
14.71,8.88,0.294,0.617,1084.3,136.6,10.51,3.761,60.73,177.32,93.0,1,0
70.91,11.22,0.896,0.485,1687.3,248.9,10.71,0.913,186.19,717.56,55.0,9,1
37.28,3.71,0.177,0.337,4238.6,14.9,0.62,1.743,150.54,880.28,57.4,6,0
33.68,11.43,0.5,0.785,1938.5,170.3,6.63,0.513,94.6,464.36,74.6,4,0
151.76,1.23,0.864,0.578,2683.6,261.7,12.27,0.1,381.37,2250.58,68.4,6,0
50.46,7.43,0.654,0.161,3248.2,259.1,14.01,0.382,245.01,1398.85,85.2,11,0
13.69,1.16,0.363,0.431,1745.6,104.9,3.44,0.1,30.59,135.89,74.7,9,0
25.08,10.78,0.479,0.896,1477.0,388.6,8.69,1.264,104.2,318.4,51.0,12,0
80.2,6.59,0.736,0.78,2381.5,150.1,12.06,1.767,309.66,1556.89,64.2,12,0
43.96,8.2,0.976,0.391,1082.3,290.6,11.29,0.1,112.64,539.85,95.1,9,0
10.34,10.06,0.904,0.944,1428.2,136.5,9.28,0.19,32.1,139.8,75.6,3,0
72.17,2.23,0.408,0.169,319.8,213.2,0.28,1.329,144.37,691.71,89.9,8,0
16.61,0.94,0.998,0.965,1526.8,104.5,10.86,3.211,78.49,349.63,70.1,1,0
105.57,10.61,0.103,0.321,1610.3,316.9,11.6,1.978,516.05,2104.19,83.8,9,1
77.8,4.12,0.125,0.108,4809.5,213.4,10.84,0.221,316.16,1158.34,58.5,7,0
24.34,1.98,0.841,0.49,2952.7,9.0,11.49,4.37,108.89,237.25,86.8,10,0
84.84,5.89,0.28,0.423,3939.0,15.1,6.46,4.989,151.78,829.16,89.3,7,1
42.37,7.38,0.155,0.585,236.4,236.1,14.91,0.786,120.51,658.24,54.5,6,0
69.85,0.86,0.313,0.817,541.6,92.4,11.56,1.914,185.64,812.41,59.2,1,0
56.97,3.66,0.483,0.858,4074.5,292.9,8.68,1.356,198.09,608.44,73.1,2,0
10.38,0.88,0.758,0.461,3121.5,204.7,14.01,5.695,22.23,46.95,81.9,11,0
17.48,5.33,0.662,0.487,963.0,327.6,13.62,1.422,60.67,121.69,81.9,3,0
76.05,10.79,0.314,0.233,2029.9,476.2,12.22,6.436,288.25,660.55,83.4,1,0
28.28,11.8,0.553,0.143,2698.0,264.8,8.46,0.445,55.53,190.98,85.7,5,0
25.87,7.83,0.934,0.677,4219.6,393.9,7.91,0.848,50.74,139.71,75.3,11,0
6.57,2.36,0.834,0.158,311.5,376.8,4.93,3.041,10.67,32.65,78.7,5,0
54.83,10.92,0.391,0.76,2987.6,461.0,3.76,3.061,228.25,1095.28,50.4,6,1
112.19,6.44,0.984,0.585,3588.0,107.8,7.69,2.635,298.26,1740.8,58.3,7,1
2.64,2.27,0.738,0.279,4889.7,413.8,8.67,3.927,6.03,17.06,74.9,10,0
40.85,11.1,0.156,0.586,4037.7,452.9,3.67,2.425,172.51,666.35,87.3,9,1
89.43,9.21,0.132,0.265,1388.4,197.0,13.84,2.022,178.98,1067.78,90.4,7,1
37.21,8.91,0.252,0.495,3550.8,157.6,8.36,1.228,111.46,638.28,86.4,6,1
55.83,8.66,0.755,0.82,3818.8,476.1,7.9,1.259,229.29,781.72,74.3,9,1
2.82,2.8,0.265,0.516,3651.4,314.2,6.53,1.042,9.88,32.4,64.1,2,0
54.99,2.93,0.56,0.234,4102.5,191.0,0.87,1.936,189.11,561.42,72.2,6,0
33.45,8.42,0.184,0.751,4519.6,396.1,13.24,1.044,68.61,179.87,50.5,5,0
74.5,3.03,0.929,0.268,501.2,152.9,4.75,0.319,158.93,610.32,79.9,12,0
81.56,5.54,0.41,0.765,532.8,89.0,9.64,0.225,288.63,971.1,53.7,6,1
130.63,9.49,0.917,0.531,3984.0,272.4,9.11,5.167,206.73,1029.37,57.3,10,1
60.29,9.52,0.95,0.508,1269.3,283.5,8.77,0.1,273.82,807.07,81.3,1,0
51.4,5.71,0.106,0.866,302.1,413.0,7.89,0.223,140.16,693.13,50.7,11,0
46.8,9.61,0.518,0.738,2012.1,229.1,2.72,1.179,138.45,436.48,78.7,5,0
27.64,10.14,0.122,0.13,4101.2,407.5,4.21,0.61,66.46,290.49,81.9,12,1
51.85,8.03,0.918,0.367,641.6,156.4,7.86,1.041,236.85,1078.57,89.4,8,0
29.66,3.13,0.567,0.884,3362.5,288.1,11.84,0.25,111.19,521.17,53.4,3,0
45.9,3.65,0.167,0.116,28.0,105.0,6.48,0.281,141.12,381.2,50.1,3,0
86.12,4.12,0.199,0.591,557.6,193.3,3.06,3.225,305.59,956.75,88.3,11,0
4.77,1.84,0.445,0.755,1760.7,428.9,1.32,2.847,13.51,40.31,64.5,7,0
79.9,3.64,0.946,0.66,427.2,108.8,9.95,0.22,250.04,1076.32,94.4,7,0
86.1,2.91,0.724,0.784,4231.0,405.3,6.35,2.204,236.92,545.62,59.2,12,0
35.87,5.74,0.881,0.753,4321.7,142.2,1.88,1.88,105.36,429.12,79.3,2,0
34.26,10.95,0.43,0.723,3780.3,18.2,10.12,2.499,89.17,209.54,55.5,8,1
18.73,1.7,0.139,0.839,1220.0,55.9,3.11,1.287,33.18,111.09,70.1,5,0
85.39,8.78,0.977,0.681,2621.0,373.2,7.64,0.629,139.25,661.02,94.1,9,0
39.2,8.4,0.115,0.462,929.1,131.8,4.59,2.179,82.69,301.83,80.4,1,0
5.02,1.6,0.953,0.525,1413.6,327.4,13.98,0.928,11.96,37.34,84.5,11,0
22.33,11.11,0.432,0.745,2584.9,349.9,3.42,0.494,103.1,460.19,61.3,4,0
69.42,7.04,0.109,0.889,3677.7,173.2,6.3,1.051,252.65,1253.42,96.1,8,1
59.14,4.68,0.72,0.345,482.3,238.0,14.39,2.882,287.05,866.41,81.2,9,0
31.64,9.2,0.982,0.408,1490.5,202.5,4.78,1.292,85.07,272.01,55.3,9,0
27.16,3.46,0.969,0.938,4633.8,473.7,9.67,0.713,78.93,360.03,50.8,10,0
26.29,8.48,0.245,0.621,2151.3,160.7,4.75,3.566,105.66,619.24,50.8,11,0
7.72,0.96,0.263,0.261,4695.0,92.5,1.66,4.268,27.18,77.61,52.6,1,0
96.54,10.15,0.609,0.697,4957.1,183.4,9.41,1.136,323.17,1492.07,95.6,1,1
28.72,5.65,0.674,0.992,2638.0,335.1,13.74,0.939,100.93,567.88,67.9,7,0
82.6,7.82,0.765,0.841,1447.3,349.0,6.79,1.897,292.78,1126.56,64.9,11,0
93.25,3.04,0.263,0.771,3956.0,462.1,9.39,0.119,389.78,1273.55,70.8,12,0
74.94,8.29,0.963,0.287,805.0,441.0,9.13,2.351,287.64,1342.58,70.5,6,0
24.89,9.38,0.675,0.889,1267.7,144.9,6.23,3.049,120.75,256.68,61.9,7,1
54.13,5.94,0.862,0.573,3926.6,228.1,9.22,1.013,260.79,897.3,54.6,8,0
39.15,7.6,0.586,0.9,2173.9,373.9,3.89,0.384,116.55,353.36,55.4,11,0
8.37,5.75,0.473,0.397,1015.7,458.4,5.67,0.1,13.6,39.43,80.0,6,0
51.35,10.78,0.979,0.156,3259.1,169.2,6.63,2.028,79.02,214.86,69.8,10,0
1.27,6.23,0.624,0.528,3666.5,222.8,12.96,0.627,2.45,12.1,95.1,10,0
81.57,10.18,0.88,0.343,634.1,449.8,5.22,1.247,143.74,836.6,73.2,12,0
23.74,9.72,0.958,0.744,1392.1,179.9,9.53,0.977,66.63,235.8,75.2,10,0
47.04,5.22,0.708,0.961,1114.2,240.8,3.2,0.384,79.27,174.1,96.4,7,0
49.92,3.15,0.594,0.722,1905.5,452.3,3.79,1.42,184.05,897.35,75.1,11,0
30.94,5.17,0.103,0.898,3819.6,401.3,9.73,1.231,67.0,278.24,75.1,7,0
60.53,10.0,0.136,0.508,3571.4,122.5,11.43,1.957,199.7,977.42,68.2,7,1
23.38,3.12,0.281,0.794,3316.0,163.1,6.93,0.58,43.5,199.74,85.5,2,0
70.5,6.53,0.267,0.859,41.4,177.1,5.03,0.483,309.97,1742.58,69.6,3,0
7.11,9.77,0.329,0.74,719.3,456.5,13.65,3.368,30.07,77.04,79.4,10,0
44.42,4.56,0.374,0.557,1124.3,499.5,2.04,2.423,126.73,339.2,72.4,9,0
107.86,7.89,0.424,0.663,1367.1,387.2,10.81,2.959,505.56,1701.85,76.4,1,1
4.99,3.32,0.478,0.73,740.7,242.7,10.35,0.263,10.72,42.53,91.4,8,0
16.28,1.76,0.189,0.328,2057.5,6.1,10.35,0.507,70.79,403.72,70.7,7,0
57.99,9.64,0.138,0.829,385.2,349.0,14.03,1.714,197.76,1112.98,61.5,6,1
46.29,1.64,0.707,0.955,3752.6,195.3,10.92,3.893,122.82,673.97,78.5,1,0
52.27,3.62,0.584,0.519,3940.7,316.9,4.52,4.453,93.84,271.21,96.9,9,0
57.12,10.33,0.5,0.731,2875.6,303.7,5.3,3.567,119.93,589.91,84.7,2,0
62.22,4.48,0.671,0.763,457.6,240.9,5.87,0.1,281.21,993.8,65.4,10,0
78.84,11.69,0.845,0.696,4451.5,472.2,0.46,3.439,285.72,1635.68,98.1,12,1
54.34,11.77,0.485,0.592,4828.5,12.6,13.7,4.587,126.61,361.87,67.1,5,1
31.56,3.59,0.677,0.893,1019.8,356.4,1.1,0.117,102.1,261.89,99.2,9,0
63.54,0.97,0.958,0.504,3526.2,205.5,10.5,1.077,119.29,640.54,59.6,12,0
106.5,8.61,0.856,0.155,4211.3,357.2,10.95,1.538,196.59,956.91,100.0,8,0
35.36,5.69,0.483,0.86,2703.8,337.9,12.66,0.53,165.37,874.12,53.8,10,0
5.89,1.66,0.68,0.707,1623.4,6.1,8.3,1.454,18.28,48.1,85.7,4,0
78.75,8.64,0.259,0.864,2398.0,143.4,10.88,4.342,217.78,1206.3,87.0,8,1
35.79,0.86,0.604,0.225,2566.2,95.4,4.54,4.034,172.55,812.81,84.0,9,0
36.04,10.51,0.983,0.128,2009.2,84.3,11.18,5.621,104.4,480.89,88.9,12,0
69.66,2.09,0.566,0.941,4649.9,364.5,5.15,1.324,186.47,807.47,73.6,11,0
21.26,1.96,0.935,0.233,3722.0,120.5,13.54,1.057,52.21,264.16,52.7,5,0
36.83,2.52,0.467,0.829,1214.1,237.9,2.45,2.192,128.09,469.12,67.9,1,0
51.62,11.54,0.999,0.841,2931.9,124.2,4.74,1.078,178.32,451.37,82.1,11,1
46.67,8.47,0.621,0.738,3446.6,290.5,7.48,0.1,72.65,302.0,82.3,6,1
64.83,9.72,0.138,0.218,709.4,360.6,11.64,2.545,245.66,1226.43,59.8,4,0
24.76,5.07,0.628,0.701,1798.5,166.2,11.23,0.66,105.45,275.7,62.7,6,0
57.96,4.37,0.347,0.9,4528.7,301.9,3.16,0.101,211.89,613.65,74.3,1,0
30.92,3.2,0.129,0.483,2840.2,412.6,2.16,0.1,140.5,672.46,86.4,4,0
65.86,6.03,0.839,0.472,1092.8,48.0,4.56,5.358,162.5,500.28,92.6,5,0
61.54,6.85,0.348,0.499,622.7,355.6,7.26,0.581,133.66,358.17,54.3,6,0
7.26,7.77,0.817,0.174,2596.0,162.2,8.09,1.188,28.61,158.98,96.3,5,0
78.01,3.46,0.359,0.903,2743.0,62.2,6.44,6.015,168.5,445.44,96.4,2,0
21.24,11.41,0.275,0.882,1678.7,273.3,9.95,1.26,38.64,130.45,50.4,3,0
68.28,2.45,0.977,0.998,3155.8,113.9,6.41,0.164,125.51,466.12,75.3,5,0
52.86,11.61,0.425,0.627,352.7,410.9,14.19,1.606,221.43,864.59,79.4,11,0
104.34,0.67,0.641,0.776,734.2,22.4,3.91,0.185,167.0,575.35,77.7,7,0
32.18,6.03,0.649,0.282,2735.9,50.2,9.41,0.2,80.87,456.92,80.8,4,0
27.77,4.33,0.604,0.701,318.5,261.0,9.17,3.814,54.22,251.28,75.2,11,0
39.32,5.66,0.923,0.685,4405.7,294.9,4.22,0.683,162.87,559.95,64.7,6,0
29.39,7.06,0.707,0.911,719.3,365.2,6.18,2.271,95.87,328.93,54.8,9,0
68.0,5.51,0.463,0.848,3372.9,130.4,5.48,1.422,150.9,605.39,60.4,10,0
16.57,5.27,0.876,0.945,1962.1,421.0,2.59,0.503,68.38,145.96,87.0,7,0
3.12,8.93,0.263,0.882,2004.9,476.6,7.16,1.459,12.88,73.49,62.1,3,0
2.63,8.39,0.59,0.882,3826.8,250.0,5.8,0.143,8.75,25.31,91.5,11,0
73.26,10.08,0.955,0.157,2502.3,380.5,2.67,0.853,180.62,865.25,70.2,5,0
99.87,3.37,0.663,0.861,3631.0,262.9,6.75,1.48,354.74,1813.04,70.7,9,1
36.34,7.51,0.835,0.647,2530.9,35.7,6.33,0.519,173.27,919.96,93.4,5,0
34.09,7.23,0.688,0.442,2968.6,163.7,1.97,2.159,57.3,152.56,60.7,3,0
42.45,4.75,0.855,0.151,3806.0,44.7,1.97,0.106,103.34,428.53,59.5,8,0
80.67,6.09,0.95,0.71,3040.5,494.5,9.71,1.326,201.45,470.33,99.3,7,0
7.54,4.11,0.346,0.395,3081.9,115.3,10.6,2.511,27.99,146.1,77.0,12,0
48.34,2.13,0.253,0.521,3948.2,318.3,14.12,1.124,182.69,720.87,59.5,5,0
74.13,2.96,0.536,0.714,4745.9,142.9,1.31,4.152,164.73,433.89,58.3,5,0
57.54,1.71,0.732,0.921,1889.8,327.0,1.77,2.0,129.83,632.87,93.1,1,0
46.64,8.36,0.304,0.843,2889.8,106.0,0.78,6.364,221.46,736.28,80.0,8,1
75.04,8.1,0.104,0.506,440.5,392.8,7.98,0.668,311.18,764.89,55.8,6,1
54.61,11.43,0.409,0.449,1800.4,56.3,9.34,5.587,260.5,1001.44,94.3,5,0
63.73,8.89,0.972,0.316,2066.1,447.7,6.05,1.867,280.64,825.35,72.2,7,0
17.11,1.1,0.725,0.435,4177.8,420.4,11.97,2.734,49.74,288.53,99.5,2,0
24.07,10.67,0.461,0.2,2571.8,339.7,10.3,4.649,46.38,159.8,64.1,3,0
57.89,10.42,0.273,0.974,3658.0,34.6,14.79,1.602,214.4,919.73,76.4,9,1
88.08,5.6,0.42,0.617,104.8,105.1,2.07,3.964,240.63,1394.06,58.7,5,0
35.19,7.24,0.253,0.215,2327.8,429.8,0.87,1.56,105.18,376.0,72.0,6,0
73.35,11.72,0.196,0.418,4507.6,61.9,4.12,1.829,219.36,752.96,58.8,8,1
96.43,6.62,0.916,0.592,1129.3,78.8,0.29,1.178,460.72,1220.74,65.4,3,0
86.02,10.91,0.998,0.58,167.3,272.5,13.99,0.315,149.77,861.64,63.5,1,0
97.4,1.45,0.248,0.132,2172.7,137.8,4.56,1.613,211.93,1102.65,64.2,4,0
65.97,2.7,0.149,0.956,3525.1,111.8,8.29,7.584,239.34,690.27,98.5,2,0
42.64,5.57,0.397,0.348,2277.8,288.3,4.77,3.095,195.85,652.33,51.9,9,0
16.07,7.22,0.515,0.115,2305.3,186.9,3.69,2.753,75.73,428.6,74.8,4,0
31.39,9.89,0.284,0.169,3352.3,71.1,2.29,2.062,108.46,450.01,81.5,9,1
10.49,11.87,0.371,0.622,1279.4,267.9,4.81,0.855,17.0,71.82,83.0,7,1
115.98,4.97,0.281,0.224,3761.9,194.1,9.23,0.372,321.28,1475.52,87.7,7,1
33.84,1.05,0.797,0.138,774.0,367.5,14.57,0.509,159.61,805.79,88.0,1,0
44.31,9.71,0.741,0.442,1984.8,52.3,8.37,0.1,144.01,829.06,97.8,2,0
59.3,7.45,0.671,0.66,3283.5,310.7,7.99,2.239,239.77,1248.92,87.8,7,0
41.53,2.78,0.448,0.201,4143.6,218.8,0.53,3.341,101.41,581.93,91.2,12,0
99.33,6.19,0.918,0.382,3959.7,203.6,12.6,0.626,157.68,832.95,76.6,5,0
18.21,9.04,0.973,0.476,3611.2,116.9,0.67,0.193,64.17,140.25,82.9,7,0
46.81,9.36,0.256,0.244,1801.9,16.2,13.59,0.818,207.02,511.37,73.9,3,0
14.01,6.25,0.301,0.555,620.3,424.0,8.08,0.691,69.59,385.5,63.8,8,0
6.2,4.01,0.573,0.177,1092.0,163.9,2.53,1.199,27.68,58.42,65.7,4,0
18.59,11.7,0.182,0.142,4325.5,340.9,6.78,0.613,63.92,330.92,68.0,8,1
38.7,8.13,0.493,0.568,4288.1,473.8,14.92,0.83,140.52,758.7,67.0,6,0
24.97,5.19,0.624,0.323,4758.3,282.9,4.58,4.762,109.5,400.98,76.7,9,0
15.77,3.73,0.57,0.186,389.2,199.2,4.04,0.815,24.74,84.6,62.4,6,0
9.22,8.91,0.398,0.482,2688.7,134.9,1.77,3.079,44.54,123.73,75.8,4,0
37.09,3.29,0.588,0.924,3246.9,467.1,8.96,1.966,124.6,273.58,95.8,3,0
12.67,2.47,0.963,0.752,3556.2,341.4,1.34,0.824,61.2,304.87,70.3,4,0
66.6,6.59,0.285,0.834,3222.9,333.0,11.49,3.405,278.12,638.25,61.1,11,0
42.89,3.83,0.689,0.885,3852.4,213.7,13.79,1.808,87.19,503.85,67.3,7,0
11.01,7.73,0.139,0.975,1803.8,422.7,13.98,0.1,22.89,72.96,93.8,8,1
29.18,1.86,0.16,0.787,905.4,357.1,1.62,0.142,79.88,413.54,97.1,2,0
13.67,8.03,0.597,0.648,1030.9,142.3,8.37,2.794,33.15,74.21,94.3,9,0
51.17,3.76,0.194,0.429,69.8,300.2,1.46,1.183,155.43,644.29,64.4,7,0
86.92,0.5,0.12,0.263,1758.1,215.7,8.58,1.04,314.08,1066.76,69.4,7,0
25.63,1.96,0.254,0.718,467.8,4.3,12.22,0.315,77.61,164.54,98.7,12,0
44.03,11.24,0.608,0.995,1614.2,404.0,8.07,0.342,74.73,345.5,66.2,10,1
34.4,10.47,0.733,0.521,3144.8,62.3,13.08,3.197,169.04,975.83,56.9,4,0
63.5,3.19,0.282,0.751,4473.4,255.5,12.03,3.532,189.72,387.61,64.1,7,1
47.46,9.45,0.701,0.546,4199.6,168.8,4.15,1.642,212.57,655.09,98.2,2,0
13.68,7.5,0.264,0.489,1270.8,171.7,9.45,0.699,24.06,115.85,70.8,11,0
28.83,11.67,0.652,0.469,679.1,239.2,0.11,5.397,125.0,685.62,96.7,10,0
12.14,4.8,0.471,0.554,973.4,498.5,5.94,1.956,25.58,70.67,55.2,3,0
77.66,8.34,0.688,0.43,4855.2,204.8,3.57,3.186,301.16,687.51,88.3,2,0
40.75,1.23,0.996,0.774,2751.9,92.0,14.06,0.1,155.5,316.37,54.7,12,0
106.54,5.06,0.944,0.887,920.7,307.2,6.08,1.197,499.08,1427.77,59.9,5,0
37.88,11.58,0.104,0.895,4205.3,118.9,9.81,4.095,99.33,226.99,80.8,1,1
15.21,6.7,0.897,0.305,1982.0,53.7,10.98,0.826,28.61,98.34,71.7,2,0
12.98,3.81,0.16,0.906,4497.1,26.0,11.6,2.593,58.75,220.92,83.3,11,0
23.11,1.88,0.958,0.407,1310.8,12.4,11.04,2.144,61.48,241.0,98.7,6,0
15.44,8.59,0.354,0.378,1972.2,216.2,4.34,0.33,35.74,91.82,52.6,6,0
49.35,7.92,0.444,0.754,2529.7,213.9,10.29,2.982,158.0,609.25,59.6,12,0
57.81,4.8,0.182,0.374,4464.2,93.6,8.24,0.239,116.27,236.76,82.0,8,0
15.34,11.44,0.201,0.148,4345.1,392.2,8.96,2.603,38.96,115.23,94.8,9,1
71.33,0.76,0.754,0.436,2876.0,65.5,0.01,9.414,203.17,706.3,89.9,9,0
23.09,3.99,0.95,0.749,1116.7,457.7,3.87,6.339,57.05,141.1,73.3,7,0
45.14,11.09,0.65,0.394,2022.8,294.2,13.96,3.221,138.84,729.74,87.3,12,0
96.43,4.19,0.744,0.667,4878.4,14.8,4.35,1.529,274.46,769.82,60.4,10,0
71.39,3.4,0.786,0.694,3042.8,481.5,6.57,2.247,300.63,1509.01,50.7,1,0
30.6,6.64,0.337,0.76,3907.7,154.7,2.8,2.605,144.27,562.01,78.5,4,0
8.81,9.97,0.141,0.907,2254.8,225.5,2.08,0.1,16.32,63.97,90.7,7,1
35.31,1.69,0.102,0.489,2664.7,142.9,3.13,0.216,154.73,708.78,71.7,2,0
14.83,11.34,0.416,0.25,2150.5,364.5,8.3,1.818,70.61,153.72,78.5,12,0
32.61,9.64,0.317,0.387,3517.6,243.4,13.79,0.1,127.28,294.67,71.1,9,0
5.45,2.58,0.156,0.489,4258.8,67.1,4.89,4.792,27.18,89.88,75.7,1,0
35.41,8.69,0.262,0.743,2541.7,53.0,4.85,1.345,94.63,347.03,94.2,9,1
42.69,4.93,0.212,0.112,2409.5,363.0,8.46,0.596,188.09,699.67,73.9,7,0
32.13,5.13,0.923,0.384,1708.0,119.3,5.35,1.001,123.96,583.53,50.4,10,0
17.25,9.51,0.226,0.802,893.7,69.8,13.66,3.805,45.4,90.93,90.0,6,1
45.9,11.57,0.584,0.704,4696.8,250.2,5.67,5.24,182.07,1062.62,80.9,12,1
55.47,1.96,0.634,0.759,1587.2,401.6,7.36,0.247,182.14,491.4,86.5,7,0
1.84,5.34,0.589,0.831,4005.5,140.1,8.0,3.01,3.97,11.88,95.1,2,0
89.38,6.03,0.189,0.805,3579.6,138.9,11.73,1.727,188.47,1059.68,64.3,10,1
36.55,4.83,0.387,0.714,3956.7,417.1,8.46,1.761,146.08,295.38,75.2,12,0
40.66,4.68,0.146,0.496,4684.5,74.8,3.59,3.023,162.3,968.18,80.1,2,0
64.79,1.1,0.456,0.985,3120.6,308.7,1.86,0.504,217.54,466.36,67.3,3,0
48.16,8.38,0.27,0.612,4490.8,477.6,14.07,1.514,156.77,389.12,92.3,6,1
73.36,5.52,0.605,0.282,846.8,420.8,12.02,0.769,156.27,462.61,84.9,1,0
50.05,2.74,0.724,0.364,3137.3,31.8,0.34,0.199,150.27,564.26,86.7,11,0
18.56,9.88,0.579,0.724,3863.7,160.6,12.32,0.222,84.47,344.1,90.4,4,0
52.65,9.73,0.491,0.932,1365.5,72.0,8.86,0.293,236.49,572.04,62.9,8,1
0.03,6.09,0.449,0.261,3706.4,474.7,7.78,1.909,0.12,0.27,87.3,8,0
43.8,3.93,0.858,0.174,3894.6,493.0,0.18,0.224,218.59,465.04,88.7,5,0
38.84,7.84,0.297,0.893,4157.6,118.3,11.71,1.688,179.66,543.85,92.1,7,1
32.72,3.81,0.761,0.924,1571.3,335.2,2.97,1.775,65.7,373.6,74.4,5,0
35.5,3.21,0.782,0.349,3411.2,421.0,10.92,4.685,102.85,366.07,75.2,4,0
25.86,8.9,0.477,0.44,1528.2,117.6,0.24,1.969,50.74,256.55,54.9,6,0
20.79,0.96,0.368,0.694,3697.8,94.7,11.95,8.479,65.11,179.77,92.6,8,0
43.25,1.59,0.523,0.397,2320.2,6.6,0.35,0.1,182.4,411.99,76.7,12,0
45.59,0.58,0.184,0.889,2991.7,206.6,3.54,2.436,93.25,393.26,79.7,10,0
4.03,2.26,0.141,0.197,2085.0,449.8,4.02,0.1,18.47,97.67,56.1,1,0
84.3,1.29,0.2,0.134,818.3,451.6,2.36,2.614,294.35,1646.54,80.1,3,0
9.68,11.95,0.268,0.288,898.4,64.7,7.22,0.975,39.91,167.02,52.1,4,0
73.93,3.82,0.554,0.357,397.1,103.0,4.26,1.89,122.58,389.33,96.2,5,0
54.95,2.22,0.864,0.202,3094.2,204.6,14.9,0.741,100.48,244.96,93.2,1,0
17.38,3.27,0.312,0.159,4244.7,390.5,8.7,0.347,63.84,298.24,59.7,9,0
102.14,11.27,0.942,0.78,114.0,306.3,8.5,2.571,452.84,1413.64,79.7,8,1
1.78,6.48,0.959,0.248,340.5,257.4,3.31,4.7,8.1,43.55,80.1,2,0
72.17,4.7,0.963,0.923,2292.8,296.4,6.13,0.406,282.14,1247.17,90.2,5,0
75.02,10.54,0.854,0.431,3691.2,49.0,1.86,5.069,165.29,898.44,87.8,9,1
16.53,5.04,0.427,0.704,797.0,239.4,11.44,0.302,36.07,153.91,99.7,3,0
88.74,4.35,0.165,0.303,1365.5,496.0,4.97,2.661,406.84,2069.56,67.5,5,0
31.25,2.88,0.612,0.316,1167.7,45.1,11.28,6.41,59.26,188.27,56.2,9,0
50.1,4.84,0.603,0.617,2001.3,260.1,5.58,0.319,195.47,784.27,78.7,6,0
49.11,4.14,0.865,0.605,1132.7,148.5,14.83,1.142,165.37,343.58,88.2,5,0
35.3,8.29,0.996,0.792,1769.5,270.4,2.57,0.823,105.01,465.35,64.3,8,0
68.38,3.83,0.557,0.782,3645.4,287.3,0.02,0.984,207.95,859.86,61.8,5,0
67.77,7.14,0.411,0.704,3058.9,289.2,8.92,2.798,325.86,1636.2,90.1,9,1
21.2,1.26,0.267,0.504,415.1,426.3,14.29,2.165,95.71,470.51,87.7,11,0
85.65,2.7,0.104,0.902,3192.4,195.5,9.71,6.927,387.78,1749.09,60.2,3,0
18.19,5.19,0.558,0.66,2390.6,258.7,1.29,0.41,53.16,118.38,93.5,1,0
76.14,11.27,0.6,0.991,4673.5,6.5,8.11,1.567,142.72,800.94,56.7,4,1
79.43,4.84,0.842,0.837,1453.6,395.0,13.64,1.192,396.57,821.73,55.5,7,0
1.82,8.14,0.554,0.14,3633.6,130.5,0.1,5.023,3.65,19.02,67.6,3,0
25.62,3.43,0.925,0.389,3657.0,408.5,2.5,0.1,84.67,331.67,94.3,10,0
1.3,1.96,0.665,0.615,1115.3,133.6,12.22,9.051,3.15,16.63,84.8,8,0
32.48,1.17,0.856,0.749,4517.1,6.4,13.41,1.307,106.77,412.18,69.7,2,0
29.22,4.01,0.233,0.595,2461.0,78.3,10.61,1.965,75.01,344.14,57.9,9,0
67.29,2.31,0.87,0.808,3397.6,492.9,14.87,0.893,312.16,1077.9,85.7,3,0
85.86,2.5,0.708,0.354,737.8,160.6,1.35,3.828,419.79,2088.34,80.0,11,0
88.85,9.25,0.253,0.266,1296.4,55.3,8.19,1.651,260.79,786.73,99.4,6,1
20.32,0.68,0.271,0.149,2934.7,60.3,10.27,2.174,35.48,173.05,88.3,7,0
32.68,6.91,0.934,0.616,1601.9,155.9,10.54,2.093,124.88,346.36,55.1,5,0
18.92,4.86,0.129,0.72,2503.5,19.8,11.9,0.905,53.32,260.67,86.4,10,0
11.79,6.33,0.516,0.394,1876.3,256.2,13.76,0.158,58.39,185.38,62.9,5,0
73.77,6.97,0.382,0.652,3206.4,107.7,5.42,3.297,133.73,416.51,98.1,1,0
96.55,4.1,0.699,0.147,2440.9,260.1,0.64,0.684,185.07,970.88,51.0,4,0
3.2,3.89,0.856,0.189,33.0,71.2,5.44,3.78,12.64,66.43,61.9,1,0
19.26,8.93,0.424,0.732,3251.9,215.5,10.07,1.876,80.05,381.47,74.9,9,1
39.08,10.52,0.484,0.431,2116.4,299.4,3.2,0.873,123.04,700.81,54.0,9,0
49.81,2.71,0.984,0.704,1715.1,31.9,12.15,1.804,123.04,322.96,67.2,5,0
11.66,1.62,0.806,0.849,479.8,200.0,3.3,2.074,30.14,92.76,74.9,5,0
54.84,10.82,0.907,0.867,1109.6,152.0,0.15,2.453,147.14,467.31,72.3,5,1
23.42,4.52,0.495,0.255,1126.6,120.9,7.62,3.456,53.59,172.61,73.0,7,0
39.49,6.84,0.311,0.538,4677.5,302.7,10.9,0.348,176.83,585.67,94.0,6,0
59.12,4.63,0.471,0.761,2168.2,294.7,5.24,5.77,102.15,489.08,75.3,2,0
40.22,1.95,0.744,0.797,219.9,315.7,11.23,1.058,117.68,362.8,97.1,11,0
24.73,7.28,0.198,0.806,702.7,80.3,6.58,3.939,101.79,319.99,57.4,10,0
36.16,6.54,0.343,0.305,404.4,143.6,2.58,0.498,54.73,234.33,64.0,3,0
36.91,2.83,0.142,0.273,2948.5,105.6,1.36,0.1,168.78,468.1,82.8,5,0
27.05,5.7,0.489,0.631,941.2,270.7,10.66,1.704,107.44,371.7,64.2,7,0
30.94,9.66,0.845,0.767,2497.8,231.1,5.79,0.785,54.36,121.32,67.4,2,0
95.95,7.29,0.122,0.387,1856.6,165.8,13.69,8.329,444.5,2582.63,95.1,11,0
59.63,1.61,0.708,0.194,4021.3,393.2,8.1,0.221,191.15,624.93,76.9,4,0
29.66,6.8,0.939,0.745,1609.2,47.9,5.23,0.1,112.19,605.86,66.7,1,0
64.39,8.58,0.313,0.37,2296.7,487.5,5.23,0.1,295.38,1216.9,88.8,7,1
28.32,9.62,0.724,0.25,3609.2,59.2,1.97,0.489,129.8,378.1,53.5,11,0
81.06,7.73,0.978,0.233,2172.4,386.8,8.91,1.731,237.55,658.9,78.2,2,0
52.94,2.26,0.966,0.383,3968.1,184.7,8.73,1.409,123.45,590.05,55.0,8,0
36.24,8.67,0.311,0.633,3311.8,432.8,12.0,0.862,87.02,509.9,58.8,10,0
55.67,8.29,0.19,0.423,2058.5,38.0,3.02,0.186,232.75,635.92,53.1,12,1
14.98,0.78,0.233,0.119,2524.9,188.0,4.36,0.532,71.2,175.28,95.1,11,0
0.56,5.24,0.732,0.187,4836.3,168.4,1.46,0.407,0.99,3.5,52.4,1,0
1.79,4.33,0.753,0.361,3311.4,496.6,4.43,2.738,2.78,9.92,75.8,2,0
45.0,8.2,0.707,0.694,4525.9,492.8,6.42,3.028,197.13,1029.98,61.2,8,0
100.64,2.99,0.402,0.189,902.0,95.7,14.46,3.001,287.13,1112.79,69.2,5,0
118.1,7.3,0.253,0.605,2421.3,315.3,9.8,6.95,291.41,655.63,74.7,5,1
62.33,11.0,0.623,0.208,4544.2,268.2,11.74,4.312,134.59,764.85,72.5,11,0
57.53,9.67,0.535,0.29,1619.8,78.0,4.88,1.378,156.06,545.08,87.4,7,1
23.04,11.1,0.756,0.255,4838.6,84.7,2.17,1.072,112.88,527.64,95.6,4,0
21.01,11.75,0.497,0.161,494.4,494.6,3.85,4.948,103.35,482.63,65.0,9,0
12.43,0.62,0.405,0.704,4514.3,226.9,3.85,1.89,33.06,73.57,51.2,3,0
18.27,7.66,0.364,0.517,2231.6,63.8,8.75,0.697,89.03,179.34,94.7,8,0
34.11,5.25,0.29,0.848,378.0,108.2,5.12,1.662,86.98,204.58,98.9,3,0
23.48,10.39,0.339,0.189,4398.8,134.9,12.86,9.694,105.43,614.23,71.7,8,1
29.28,3.4,0.185,0.23,1267.2,255.9,14.83,3.787,65.64,339.73,72.8,1,0
66.18,11.78,0.412,0.376,121.0,168.4,5.15,0.661,290.7,734.89,57.2,10,1
2.45,7.56,0.133,0.789,687.7,228.1,10.58,6.113,6.72,29.96,73.8,10,0
48.37,9.63,0.268,0.375,3299.0,84.1,9.86,7.976,105.7,470.13,65.2,7,1
112.59,1.48,0.772,0.468,4889.3,164.0,2.92,0.526,537.26,1075.73,99.7,12,0
7.82,2.61,0.393,0.371,566.2,36.1,13.77,4.519,17.6,65.39,59.2,1,0
48.56,9.22,0.701,0.172,2315.1,445.0,2.99,4.295,241.41,1170.15,68.9,2,0
29.99,0.75,0.745,0.945,911.4,100.2,11.05,0.1,56.38,154.89,80.8,11,0
78.53,9.89,0.623,0.594,3727.7,378.7,5.21,2.215,120.55,651.43,67.3,11,1
108.54,0.66,0.963,0.809,599.1,175.4,5.51,0.728,493.63,2291.02,73.7,12,0
3.03,8.06,0.119,0.693,1206.8,237.7,6.83,2.245,10.78,21.86,98.7,12,0
57.38,4.7,0.765,0.563,990.1,146.3,12.97,4.897,170.76,925.45,75.4,1,0
23.71,7.53,0.963,0.181,2767.1,348.5,2.1,1.381,42.37,88.04,95.5,10,0
36.29,8.5,0.876,0.678,4367.2,422.4,0.82,1.07,127.46,707.63,52.2,3,0
132.55,4.44,0.251,0.24,2560.3,143.8,6.03,5.09,381.49,1272.22,56.0,9,1
12.6,1.74,0.394,0.473,300.6,121.9,0.83,7.308,40.24,192.94,97.2,1,0
48.88,1.3,0.255,0.666,2821.3,341.0,10.31,0.129,181.17,932.98,56.4,3,0
56.37,7.27,0.641,0.804,3989.6,98.4,11.4,5.124,210.81,658.79,86.8,2,0
78.0,6.49,0.741,0.717,669.5,320.3,12.82,0.173,379.26,1299.23,72.3,5,0
43.43,9.04,0.385,0.704,372.8,48.1,11.16,0.823,164.71,665.14,70.3,12,0
50.78,6.36,0.586,0.234,947.2,310.4,13.75,2.876,136.5,591.14,83.0,7,0
26.29,5.36,0.722,0.412,3733.0,257.2,11.22,3.001,69.77,221.05,86.4,6,0
49.42,5.08,0.479,0.139,2962.5,57.8,14.04,2.588,156.66,935.21,96.6,10,0
27.99,0.8,0.869,0.748,2707.6,324.9,2.9,0.1,67.39,333.43,62.8,5,0
61.76,4.36,0.794,0.957,1254.9,223.8,7.5,0.285,174.0,538.8,84.9,3,0
27.06,11.72,0.158,0.338,1667.9,109.3,14.91,5.505,120.36,549.06,67.1,7,1
53.2,10.55,0.659,0.179,4829.8,177.3,10.22,0.17,239.88,897.51,85.9,12,0
38.98,4.29,0.312,0.528,1210.7,246.6,13.18,0.164,144.1,784.12,57.1,9,0
79.41,7.26,0.602,0.871,4509.2,46.7,0.46,3.611,281.11,932.11,72.9,2,1
38.2,10.24,0.961,0.597,2906.9,478.8,13.08,2.05,114.41,314.78,59.2,6,0
22.06,5.57,0.891,0.142,625.2,333.1,10.47,0.867,82.17,179.51,66.8,12,0
84.17,0.71,0.464,0.977,2341.9,52.2,2.56,0.362,363.7,2159.39,85.8,5,0
8.3,1.36,0.362,0.846,4743.3,411.6,0.39,4.311,33.88,116.45,61.7,9,0
17.12,6.37,0.311,0.218,2098.6,162.0,3.9,8.937,27.8,80.13,84.2,8,0
19.15,11.65,0.579,0.93,4318.3,298.8,13.74,0.103,77.74,308.39,74.8,9,1
88.11,8.47,0.203,0.506,1289.6,139.3,10.02,1.615,354.17,1121.49,54.6,7,1
34.75,1.32,0.594,0.435,2858.9,367.0,13.79,0.606,64.16,188.1,69.3,5,0
149.82,2.68,0.101,0.515,4220.8,361.8,6.69,3.572,303.52,1355.37,93.5,4,0
76.96,9.37,0.391,0.851,4604.2,276.5,14.05,0.85,327.68,753.46,99.5,8,1
47.81,10.18,0.298,0.694,2434.3,121.2,6.94,2.508,165.27,667.01,68.4,2,1
38.08,7.6,0.974,0.153,3202.0,127.6,3.06,1.551,166.62,591.46,52.7,1,0
49.99,7.91,0.755,0.962,24.9,192.0,2.27,1.56,107.32,443.24,56.5,3,0
58.24,0.83,0.415,0.233,1273.6,73.4,14.91,3.904,93.6,307.17,89.4,7,0
62.58,10.03,0.184,0.771,1400.8,169.5,5.01,1.271,129.35,553.76,82.8,1,1
59.45,9.57,0.565,0.673,476.5,342.5,2.4,3.736,183.33,426.66,64.3,5,0
43.14,3.48,0.292,0.269,1405.7,415.6,0.13,0.903,143.71,503.64,69.6,5,0
33.09,8.65,0.583,0.254,1612.4,167.0,4.28,0.384,148.98,439.5,90.6,3,0
34.71,2.97,0.852,0.883,4844.1,117.6,13.34,1.216,139.05,521.78,70.7,11,0
33.18,0.96,0.654,0.478,3346.3,416.5,8.01,1.38,164.78,592.09,87.8,1,0
79.68,2.81,0.67,0.689,2135.8,445.5,9.49,1.302,141.48,640.14,64.8,5,0
60.77,2.55,0.587,0.554,4940.4,205.6,13.84,3.304,118.86,536.66,86.2,8,0
62.91,4.38,0.935,0.755,774.6,14.4,7.69,1.663,112.95,412.64,73.3,9,0
62.96,5.31,0.939,0.531,2385.5,347.8,12.57,4.386,213.08,580.97,77.3,12,0
46.82,6.35,0.561,0.359,3238.8,392.2,4.86,1.444,113.95,493.14,79.9,6,0
39.35,5.98,0.375,0.427,287.3,10.0,14.66,0.509,153.16,898.44,72.5,1,0
26.4,3.61,0.514,0.873,3587.8,297.9,1.18,0.277,51.86,142.2,73.3,5,0
79.34,0.84,0.268,0.521,508.3,294.6,10.87,4.055,147.67,336.14,63.3,2,0
73.16,7.46,0.673,0.292,710.0,190.0,9.91,0.116,227.58,696.0,99.3,1,0
12.95,5.05,0.55,0.941,806.9,375.1,2.88,0.25,36.46,133.14,95.3,3,0
54.25,3.93,0.193,0.817,4645.2,214.7,5.83,0.132,238.8,770.07,76.4,11,0
5.99,10.47,0.278,0.15,3419.3,338.7,4.69,1.102,26.55,141.76,51.7,10,0
8.29,9.09,0.532,0.999,3280.6,259.0,1.42,1.521,15.84,62.9,58.4,5,0
18.06,10.36,0.899,0.725,2781.9,125.0,8.77,0.1,78.46,234.16,92.7,9,0
70.18,6.19,0.61,0.244,1471.1,303.6,14.91,1.45,243.86,1414.58,96.5,7,0
73.36,2.01,0.713,0.313,3108.2,368.7,8.39,1.001,239.33,598.39,58.1,6,0
57.96,8.51,0.405,0.723,2056.6,487.0,8.18,2.971,106.16,264.51,86.7,9,1
65.38,2.87,0.614,0.802,735.6,190.7,0.6,3.543,267.31,796.9,81.2,6,0
58.07,5.57,0.503,0.315,3451.1,33.2,2.09,2.31,99.22,228.91,65.2,11,0
17.55,1.25,0.693,0.331,656.6,494.0,7.7,1.283,43.38,217.17,71.8,4,0
55.12,9.99,0.146,0.376,961.4,312.3,14.78,0.487,101.09,328.65,83.9,7,1
68.01,1.95,0.544,0.638,4090.3,473.3,13.15,3.756,228.37,1123.44,55.1,2,0
66.4,10.89,0.366,0.255,3304.0,52.8,5.1,0.836,249.55,1260.48,59.5,2,1
81.61,10.44,0.394,0.194,3158.6,171.7,8.15,0.881,376.88,1111.83,51.7,6,1
64.79,5.84,0.965,0.711,2096.8,67.8,8.29,4.954,263.6,1073.78,95.1,5,0
52.3,9.06,0.264,0.801,1987.4,417.9,10.28,7.426,254.38,1037.47,78.7,6,1
77.46,7.62,0.38,0.551,3454.4,440.3,10.32,4.568,322.47,1768.9,76.2,2,0
39.07,9.74,0.559,0.427,3702.6,251.2,11.85,12.679,99.37,208.93,85.3,2,0
9.13,5.47,0.877,0.489,2556.0,94.1,0.37,4.064,31.21,101.96,99.4,1,0
34.29,9.54,0.475,0.45,4846.7,64.4,14.16,2.437,106.4,588.4,58.6,2,0
13.93,5.82,0.769,0.964,4778.9,294.5,1.05,0.696,48.48,142.89,56.7,11,0
16.37,11.32,0.871,0.791,2068.0,253.7,7.14,6.113,57.33,146.05,64.7,10,0
34.94,6.09,0.379,0.287,4104.9,347.7,13.79,4.185,138.28,595.22,95.2,7,0
12.27,5.82,0.453,0.446,2720.9,153.3,7.32,0.551,21.96,70.8,70.6,2,0
29.22,9.53,0.421,0.59,2563.7,201.8,0.95,1.343,120.21,465.1,89.7,3,0
26.28,9.95,0.85,0.652,284.3,11.7,3.44,0.145,52.63,277.91,60.1,11,0
47.47,6.88,0.14,0.521,2874.1,305.5,8.68,6.128,75.55,308.46,74.7,6,1
40.04,2.57,0.378,0.829,4503.9,212.1,1.32,1.701,132.79,539.59,56.4,6,0
11.4,5.88,0.711,0.791,3902.9,460.0,6.36,0.563,40.31,125.47,70.6,10,0
63.07,11.63,0.609,0.555,3933.7,321.3,4.94,0.692,102.3,529.06,63.1,11,0
72.81,9.16,0.493,0.869,808.0,199.9,12.23,7.891,240.57,1193.03,77.5,9,0
16.26,9.83,0.586,0.776,1798.7,132.5,1.65,1.912,54.83,161.0,89.0,12,0
13.3,0.88,0.278,0.801,1173.7,452.7,10.24,1.092,22.4,73.48,96.9,11,0
13.08,5.88,0.488,0.961,1586.4,9.1,6.1,1.386,52.2,269.05,64.2,12,0
7.1,7.94,0.552,0.34,2901.9,164.1,8.82,0.208,15.88,54.49,87.2,2,0
69.03,10.05,0.911,0.341,1830.3,471.8,3.08,0.156,295.5,1068.0,94.3,7,0
33.22,1.07,0.335,0.9,2807.9,327.4,9.15,1.796,85.96,297.22,56.2,1,0
30.74,10.3,0.881,0.795,2198.1,266.8,10.11,1.435,97.53,258.12,79.3,6,0
30.14,6.81,0.68,0.934,1440.2,102.6,1.05,0.89,139.27,468.44,80.6,9,0
62.24,2.77,0.118,0.157,486.1,416.9,12.37,1.67,268.98,1401.84,63.6,8,0
3.37,4.15,0.752,0.665,4460.3,102.9,12.92,0.151,14.29,56.67,51.1,6,0
42.1,3.74,0.132,0.23,66.8,124.9,0.95,5.764,86.79,332.64,62.8,6,0
49.71,6.6,0.998,0.554,18.2,96.7,9.05,0.695,82.94,217.75,79.2,6,0
87.62,1.09,0.885,0.24,4135.7,79.9,8.91,0.149,317.21,859.73,59.8,8,0
5.81,2.32,0.368,0.215,4984.1,476.7,0.19,0.371,17.06,37.06,64.4,2,0
65.68,9.85,0.332,0.111,3638.2,301.4,5.14,0.201,307.51,632.19,85.4,11,0
46.43,2.02,0.443,0.667,86.2,319.3,14.53,0.394,126.47,499.81,69.9,9,0
103.02,3.18,0.421,0.423,1141.2,477.2,8.33,1.078,302.56,1100.37,53.3,10,0
83.36,5.71,0.435,0.195,4859.4,116.1,14.0,2.679,278.52,863.82,70.0,8,1
47.34,6.45,0.386,0.391,4044.9,4.0,10.13,0.636,202.96,1209.66,100.0,2,0
22.79,9.28,0.659,0.252,2838.3,299.8,0.43,1.145,55.59,199.69,63.1,11,0
68.25,5.64,0.248,0.948,1191.9,254.4,1.17,5.283,327.35,1687.61,63.3,8,1
5.93,9.58,0.861,0.388,81.7,239.3,10.83,0.701,20.09,57.09,58.5,1,0
56.67,7.61,0.831,0.401,114.1,31.9,8.32,3.167,251.82,752.48,63.6,6,0
57.69,1.8,0.529,0.856,3063.8,227.8,1.91,0.344,192.67,823.39,78.7,6,0
77.11,2.3,0.867,0.683,118.9,144.5,9.21,0.393,324.0,653.23,98.2,9,0
136.59,5.53,0.322,0.739,4968.2,138.0,12.15,1.218,229.46,474.92,80.4,9,1
53.73,5.06,0.116,0.672,925.1,112.0,11.29,0.533,230.91,593.18,70.5,5,0
22.19,9.05,0.657,0.952,3556.4,166.9,3.69,4.667,73.97,213.95,69.5,1,0
39.1,7.18,0.512,0.286,783.7,177.2,3.87,0.104,120.17,494.06,51.2,12,0
21.92,4.96,0.61,0.99,2705.1,155.1,14.52,1.819,41.44,196.62,50.1,11,0
15.69,2.46,0.909,0.848,412.3,489.4,13.31,1.854,64.24,208.61,89.9,1,0
25.68,3.11,0.973,0.63,3836.2,466.4,4.78,0.137,50.3,148.7,74.5,7,0
21.66,7.12,0.671,0.696,2928.8,287.7,12.36,2.638,47.06,249.02,51.7,11,0
45.33,5.37,0.788,0.684,440.0,490.5,2.43,1.266,88.06,233.45,64.3,11,0
11.22,6.42,0.175,0.153,4244.4,495.6,2.95,2.568,17.08,80.51,67.8,4,0
79.24,2.46,0.245,0.296,2739.6,178.6,2.72,3.508,302.42,1731.45,89.2,9,0
40.01,8.12,0.76,0.965,4608.7,223.1,1.32,0.78,97.94,286.84,71.7,3,1
39.67,10.3,0.488,0.581,4584.0,479.6,12.82,1.325,80.27,188.46,89.5,6,1
28.52,3.47,0.501,0.441,4603.3,304.7,8.68,0.604,74.73,442.33,81.7,9,0
45.43,6.15,0.378,0.786,398.1,107.3,3.88,0.45,147.51,454.78,51.7,4,0
68.88,11.72,0.647,0.572,613.6,345.0,12.73,0.1,224.68,697.1,98.4,5,0
9.65,4.33,0.267,0.112,4938.7,103.7,12.04,6.628,26.88,105.77,59.1,5,0
16.97,7.34,0.664,0.763,2443.1,170.3,1.51,1.163,54.84,160.36,63.8,5,0
29.37,1.54,0.256,0.759,1198.7,114.6,9.66,0.1,87.98,525.39,90.5,2,0
7.11,7.47,0.157,0.249,3850.6,123.2,10.83,0.1,31.12,67.58,59.5,11,0
11.33,1.53,0.397,0.961,1328.8,3.3,10.74,0.68,18.16,69.13,70.1,2,0
23.33,11.53,0.308,0.302,3638.8,440.5,10.85,0.1,105.88,444.01,93.2,1,0
70.6,8.73,0.9,0.512,4188.1,148.7,2.54,0.938,166.18,642.75,81.9,1,0
49.19,9.56,0.149,0.203,3923.5,44.1,4.73,0.13,198.05,808.46,65.1,4,1
46.78,8.6,0.259,0.643,1377.5,44.4,12.66,0.1,136.47,812.07,82.2,3,0
69.78,7.28,0.594,0.438,2014.1,278.5,13.48,2.214,176.56,972.42,90.6,4,0
35.19,5.67,0.533,0.418,2072.1,496.5,4.19,4.747,128.58,415.8,70.2,11,0
53.67,10.37,0.141,0.844,2461.5,73.4,0.35,1.053,224.92,945.99,78.6,12,1
36.39,11.5,0.107,0.109,845.2,50.7,12.9,3.625,111.88,223.9,99.4,12,0
49.29,6.24,0.989,0.818,2267.8,219.7,5.66,0.1,154.42,561.81,98.2,6,0
19.6,11.21,0.693,0.614,2558.8,282.1,4.94,3.007,33.44,88.81,75.5,11,0
45.36,7.21,0.429,0.987,2663.2,147.9,5.2,0.13,214.73,1040.45,54.8,1,1
35.3,6.69,0.523,0.63,4101.3,152.0,6.24,3.646,157.59,454.53,85.0,8,0
89.8,5.73,0.34,0.15,2591.5,212.8,5.67,4.28,259.78,1297.74,63.4,8,1
72.42,2.91,0.41,0.146,1161.6,157.8,8.5,3.083,302.51,983.96,83.5,7,0
73.79,0.54,0.684,0.895,3319.0,457.8,1.18,3.438,191.59,1092.7,67.6,12,0
83.26,3.28,0.895,0.857,3988.6,21.9,14.57,1.649,337.76,1277.3,85.9,11,0
43.1,6.36,0.266,0.411,1603.7,118.1,14.05,0.615,142.6,764.08,68.4,11,0
46.91,4.87,0.856,0.656,3230.1,404.5,14.02,2.061,146.0,658.87,97.1,4,0
18.38,5.66,0.209,0.541,743.2,417.1,13.19,1.158,31.21,184.44,56.8,8,0
28.94,11.78,0.293,0.97,1716.2,56.7,9.9,0.1,141.19,701.82,53.4,9,1
61.55,4.53,0.133,0.955,4547.0,486.9,3.32,1.296,272.73,1339.34,89.1,5,0
82.14,5.7,0.227,0.985,4557.4,347.0,0.74,2.106,351.28,1074.74,70.1,6,1
35.12,2.04,0.926,0.88,2880.9,137.0,1.49,0.1,90.16,362.39,73.3,10,0
24.24,1.05,0.513,0.919,3514.7,228.6,4.86,1.942,60.94,192.59,96.7,8,0
40.02,9.42,0.17,0.296,4271.5,149.3,7.56,2.114,140.31,291.45,79.5,5,0
61.04,7.06,0.964,0.848,4793.2,75.9,14.9,0.344,272.36,1318.85,83.0,12,0
10.53,9.25,0.891,0.738,2454.5,146.3,6.53,1.128,50.26,147.94,51.0,4,0
40.37,2.22,0.779,0.967,2812.3,290.5,7.87,6.667,98.54,353.7,83.5,8,0
20.73,7.08,0.94,0.614,2084.1,413.2,10.43,4.312,75.17,235.93,69.4,3,0
2.72,3.42,0.298,0.177,369.2,182.4,2.71,1.058,10.99,30.76,73.0,6,0
22.22,3.12,0.853,0.638,2119.8,174.6,13.99,0.861,50.93,115.52,90.4,9,0
34.83,0.63,0.721,0.718,3955.2,234.5,7.94,0.265,101.91,341.56,76.2,6,0
24.14,2.0,0.883,0.298,4026.4,322.6,4.14,0.1,52.04,121.1,99.3,9,0
90.84,4.06,0.817,0.455,4463.0,376.1,14.03,0.706,358.46,1491.63,89.8,8,0
51.44,1.84,0.412,0.639,266.8,164.1,9.38,5.636,232.66,483.58,86.4,12,0
50.52,11.84,0.797,0.437,2640.5,293.6,7.26,6.37,230.93,1330.18,79.4,9,1
61.78,4.05,0.336,0.437,546.0,195.3,8.7,3.348,237.55,1393.46,70.6,10,0
0.14,2.0,0.396,0.22,1011.7,358.5,11.22,0.864,0.38,1.23,52.6,9,0
76.37,2.79,0.197,0.947,4502.1,83.2,2.32,0.31,291.24,885.61,50.9,8,1
37.35,7.26,0.942,0.775,2489.0,129.2,12.97,1.81,169.0,408.57,52.3,9,1
63.47,1.24,0.362,0.101,3795.1,213.6,14.39,2.08,234.22,1316.26,97.9,7,0
2.48,10.42,0.569,0.789,331.3,444.8,8.5,1.105,7.32,31.82,66.2,7,0
14.38,11.56,0.452,0.766,2090.0,287.1,10.23,2.353,67.87,301.38,85.0,11,0
68.63,3.34,0.964,0.109,3374.5,482.7,12.9,2.746,303.55,1694.86,79.7,4,0
53.17,5.68,0.402,0.433,675.7,52.5,5.62,3.056,243.99,1376.88,78.6,1,0
8.43,0.75,0.801,0.646,1635.8,230.6,14.89,1.396,39.29,208.74,79.0,7,0
9.56,7.87,0.87,0.507,332.1,210.1,10.21,3.137,27.52,140.19,65.1,8,0
79.39,5.26,0.492,0.8,3260.2,300.5,6.36,0.1,357.95,1971.93,94.3,12,0
1.63,3.61,0.44,0.483,4854.7,406.2,10.16,2.281,5.7,31.35,96.0,9,0
97.49,2.88,0.773,0.238,4137.0,420.9,7.83,0.537,159.26,553.37,82.2,1,0
8.48,8.02,0.922,0.979,4873.4,335.4,1.67,0.631,31.59,186.15,93.2,9,0
62.34,5.29,0.779,0.318,4229.6,321.1,11.94,0.191,196.21,948.96,53.0,7,0
28.5,2.57,0.304,0.746,4277.4,474.6,8.47,0.427,70.19,244.33,55.0,7,0
61.11,8.42,0.899,0.229,2890.1,192.5,11.94,9.659,299.22,1127.53,78.0,3,0
20.96,7.0,0.449,0.396,2596.1,416.6,2.32,1.074,35.47,168.45,92.3,1,0
34.3,10.37,0.619,0.498,2037.2,460.8,8.08,5.256,165.01,568.37,65.8,7,0
41.43,1.85,0.848,0.273,4092.3,246.3,11.5,0.356,85.24,452.32,77.4,10,0
4.92,9.54,0.27,0.505,918.5,364.8,14.82,0.456,13.88,35.98,50.5,8,0
65.93,8.25,0.806,0.241,290.6,189.1,13.27,1.632,195.17,1098.88,99.3,6,0
22.04,1.82,0.637,0.603,4740.0,80.3,12.97,0.86,89.44,286.64,88.3,7,0
32.0,8.49,0.904,0.697,28.9,293.7,3.71,2.065,72.15,188.36,68.1,9,0
5.2,5.58,0.255,0.156,4884.4,99.0,12.57,1.097,25.74,139.8,99.2,8,0
49.68,11.37,0.479,0.884,3647.0,229.3,2.54,3.338,204.77,605.67,54.6,5,1
33.31,2.13,0.85,0.267,1649.2,436.6,2.97,1.13,142.08,763.47,73.2,12,0
124.44,7.89,0.117,0.303,3492.1,43.9,1.65,1.699,233.02,742.17,52.9,11,1
67.46,4.89,0.201,0.695,4091.2,16.2,12.86,0.774,213.66,1225.41,66.7,4,1
39.33,11.5,0.992,0.522,1234.4,303.6,1.62,2.435,189.14,544.03,61.0,11,0
30.8,4.29,0.352,0.549,3856.8,166.2,2.07,2.127,75.31,171.6,65.8,4,0
40.79,11.57,0.978,0.215,4023.8,209.6,3.69,1.012,81.93,470.8,97.4,4,0
59.15,10.87,0.264,0.825,1254.3,203.4,8.59,0.646,189.21,503.78,71.4,2,1
1.33,3.61,0.425,0.655,219.2,44.2,13.2,1.904,6.32,36.5,66.2,10,0
79.0,9.74,0.778,0.222,1028.6,2.8,6.27,5.735,253.1,1340.4,82.0,10,0
65.04,11.95,0.692,0.437,1011.2,449.3,8.19,0.285,189.71,441.59,84.2,7,1
65.14,3.41,0.623,0.829,335.5,109.7,2.5,3.21,245.95,929.83,99.2,8,0
55.35,5.52,0.577,0.612,3632.8,213.6,3.99,1.566,264.51,606.67,77.3,12,0
40.69,6.48,0.859,0.198,1906.1,486.0,2.01,1.491,68.02,225.75,87.6,7,0
63.55,3.89,0.311,0.435,4423.1,413.6,6.15,6.524,129.44,440.89,69.1,11,0
60.71,0.68,0.498,0.318,1268.3,54.9,8.86,1.862,119.28,524.66,58.6,10,0
27.61,3.03,0.24,0.566,2271.6,254.8,4.26,3.55,49.66,293.16,71.5,8,0
19.92,3.74,0.636,0.859,3198.7,365.3,12.69,1.445,50.95,136.51,70.9,11,0
43.56,5.6,0.325,0.493,4388.6,349.5,14.72,0.575,100.31,332.69,71.0,11,0
94.22,2.47,0.4,0.49,2627.9,380.7,1.8,2.372,322.26,1401.31,84.8,9,0
3.37,10.54,0.524,0.915,1873.9,229.3,0.27,5.132,8.91,23.93,70.3,8,1
11.36,8.61,0.124,0.619,4336.4,88.8,11.85,3.681,33.16,160.59,97.7,5,0
45.77,1.48,0.183,0.61,1558.1,233.0,2.86,0.442,219.52,793.49,99.1,4,0
41.78,7.98,0.717,0.336,406.3,324.3,5.3,0.762,85.43,495.37,76.2,5,0
46.07,8.02,0.486,0.647,2230.8,304.7,5.91,1.455,131.73,595.37,77.9,12,0
48.54,11.5,0.878,0.618,3927.6,36.2,13.75,1.695,116.48,402.13,70.4,11,0
32.19,0.53,0.725,0.457,163.6,33.4,9.88,0.431,110.15,537.3,67.8,1,0
92.15,3.35,0.107,0.992,2933.6,482.7,0.61,0.523,375.69,2011.84,99.3,5,0
16.03,11.17,0.655,0.894,2976.4,76.8,0.22,2.845,69.89,363.56,52.0,6,1
11.0,11.22,0.184,0.775,4643.4,147.9,2.99,2.621,36.35,110.9,70.5,9,1
36.39,8.79,0.803,0.584,1439.5,384.0,4.77,3.655,163.45,599.54,57.6,9,0
17.51,9.31,0.992,0.516,1401.4,205.4,7.27,5.404,74.39,283.31,86.3,10,0
33.85,1.55,0.578,0.266,2208.0,91.6,12.57,0.737,69.37,246.49,59.7,12,0
98.15,6.41,0.715,0.375,1791.0,234.1,4.72,3.926,231.54,750.99,94.2,3,0
40.73,3.16,0.314,0.797,3684.4,284.9,5.65,2.193,156.86,786.0,68.7,11,0
48.07,2.58,0.494,0.508,3212.3,226.9,4.94,6.329,236.13,483.81,95.9,8,0
4.11,9.82,0.87,0.894,3797.0,459.6,0.13,0.635,11.56,36.71,99.3,8,0
18.43,2.05,0.251,0.233,4102.0,143.1,14.33,0.629,42.46,108.98,88.6,9,0
26.87,5.89,0.339,0.558,4615.7,331.0,2.08,2.437,122.03,306.92,81.2,1,0
28.88,11.29,0.501,0.682,2160.4,57.0,4.32,5.274,63.5,197.34,57.5,5,0
84.86,2.64,0.741,0.565,4923.6,196.8,1.94,3.481,334.42,1688.34,96.7,5,0
59.52,11.75,0.438,0.9,1086.1,370.8,7.36,2.597,96.41,566.69,88.8,7,1
1.1,11.93,0.935,0.991,3574.7,113.2,13.98,0.98,1.72,6.99,64.4,11,0
48.63,6.89,0.185,0.204,2674.7,295.3,1.51,2.53,149.8,502.7,73.4,8,0
57.44,2.46,0.434,0.217,4086.3,77.6,6.61,3.23,218.14,1159.79,53.4,11,0
79.91,4.14,0.738,0.217,2389.1,52.2,0.34,2.799,159.69,362.25,83.0,7,0
95.32,5.38,0.303,0.713,3921.9,262.1,11.56,2.259,397.82,943.9,56.3,6,1
4.47,4.06,0.691,0.435,4651.5,337.8,9.62,0.1,8.72,29.49,82.6,4,0
11.62,3.73,0.248,0.76,3664.1,57.6,10.5,2.156,39.14,148.47,83.6,9,0
4.02,11.68,0.15,0.465,3882.7,459.0,7.09,1.301,10.36,53.76,66.2,2,0
31.81,2.26,0.209,0.665,345.2,113.7,13.61,6.518,131.46,749.48,97.4,6,0
56.32,8.93,0.937,0.793,1032.7,60.9,6.14,1.869,243.0,1002.39,88.9,10,0
74.56,0.5,0.597,0.593,4871.8,102.1,7.71,1.874,129.08,514.08,74.8,6,0
37.34,7.36,0.817,0.586,3469.0,85.6,10.43,10.25,81.19,231.54,95.9,11,0
28.81,11.03,0.399,0.179,2811.6,46.2,7.81,0.197,133.2,506.8,92.8,4,1
45.31,3.81,0.633,0.47,1841.2,399.1,2.84,0.647,133.88,762.39,84.6,3,0
10.77,2.63,0.545,0.591,231.5,248.3,4.76,2.135,34.13,121.88,57.6,11,0
113.13,7.99,0.951,0.516,1852.0,194.9,1.38,0.757,236.23,671.55,74.9,3,0
16.27,8.69,0.773,0.911,2499.6,475.4,6.49,0.85,81.05,271.45,93.2,2,0
46.47,8.41,0.757,0.916,1065.2,186.1,9.14,4.463,219.81,892.09,80.4,3,0
110.83,4.17,0.142,0.84,874.0,84.3,1.78,1.732,167.02,733.96,77.3,4,0
40.24,3.4,0.595,0.438,2547.0,137.7,9.46,0.217,137.92,514.4,97.8,10,0
33.35,11.49,0.52,0.746,2933.7,120.2,13.39,0.745,151.83,764.36,50.8,4,1
27.49,11.12,0.935,0.456,1207.2,249.9,5.07,0.158,82.66,358.55,50.6,10,0
33.69,5.76,0.332,0.309,2941.1,146.5,3.33,1.624,102.03,475.48,94.6,7,0
88.05,10.23,0.343,0.409,4502.7,258.5,13.4,0.381,248.98,1357.36,51.9,4,1
37.42,5.7,0.47,0.164,2371.1,335.0,10.38,3.891,59.9,327.21,66.6,9,0
93.67,5.38,0.319,0.399,4288.4,388.9,1.58,1.722,399.6,1124.48,96.2,8,1
9.84,2.3,0.216,0.515,4637.1,355.4,6.12,0.122,30.49,136.99,84.6,1,0
30.67,5.4,0.872,0.96,471.0,103.6,10.11,0.716,103.0,501.27,82.4,10,0
24.98,6.68,0.602,0.382,488.1,58.8,8.62,1.916,59.82,154.53,82.8,1,0
60.6,0.76,0.875,0.912,2385.5,271.7,9.28,0.817,257.21,1381.49,65.9,6,0
15.93,5.61,0.848,0.306,2944.6,100.3,8.51,1.44,68.17,185.55,76.5,4,0
56.18,9.49,0.354,0.272,2135.2,43.4,11.97,4.802,192.98,1002.93,81.5,10,1
110.85,8.32,0.593,0.567,1639.0,264.0,4.81,0.862,517.25,1368.58,65.3,6,1
7.71,7.8,0.175,0.705,3208.6,164.1,10.63,0.819,14.69,72.99,89.8,9,1
46.64,10.96,0.924,0.14,20.4,378.3,14.87,3.427,198.37,514.29,66.1,10,0
16.83,0.71,0.464,0.299,4840.7,157.8,5.85,0.768,58.15,204.42,53.6,5,0
54.91,6.91,0.454,0.51,1168.1,489.4,11.87,0.162,126.75,326.27,60.1,8,1
40.67,9.55,0.372,0.398,4586.3,379.5,3.69,0.399,79.84,246.13,70.4,2,0
17.55,6.73,0.515,0.741,554.0,29.8,4.23,5.944,44.81,266.08,95.4,8,0
57.08,4.22,0.327,0.56,1198.1,254.9,14.02,5.415,256.67,623.9,70.8,8,0
103.15,2.07,0.437,0.244,1182.0,281.7,0.39,0.509,439.08,1592.06,54.5,2,0
33.32,10.71,0.82,0.905,4980.8,348.0,3.26,1.613,125.21,589.44,59.8,7,1
65.19,5.91,0.851,0.364,33.0,249.4,7.24,0.296,118.4,281.6,77.2,8,0
5.26,10.6,0.374,0.758,3201.8,242.2,6.03,2.246,25.49,62.1,58.9,7,1
6.52,7.24,0.522,0.802,4349.7,184.6,9.44,0.41,16.76,43.13,53.2,6,1
56.53,8.25,0.886,0.967,3364.6,136.5,2.89,0.102,204.91,938.47,85.7,3,0
91.94,9.75,0.147,0.549,1820.0,473.2,1.06,3.485,396.36,2234.41,89.2,11,1
52.45,8.08,0.9,0.654,4792.0,159.5,5.54,0.787,103.06,546.61,92.5,11,0
29.04,5.08,0.297,0.401,4468.7,32.6,7.87,0.23,109.86,651.72,92.2,3,0
39.98,6.41,0.711,0.71,2175.4,84.5,8.43,3.59,64.48,278.08,69.0,8,1
3.76,9.74,0.624,0.517,2870.9,428.8,9.02,2.874,6.99,40.85,86.7,4,0
61.16,4.8,0.598,0.494,4837.9,293.7,8.23,2.302,246.53,793.76,79.2,10,0
70.88,4.96,0.873,0.87,4913.0,389.6,3.69,4.844,144.8,533.72,51.2,8,1
24.18,1.6,0.191,0.145,2254.6,404.6,11.47,1.344,73.79,264.49,70.1,10,0
23.55,11.02,0.412,0.894,4238.3,411.8,1.32,0.274,55.79,122.15,52.6,6,1
49.31,1.55,0.584,0.867,1516.9,275.8,2.98,0.127,146.65,780.01,54.2,3,0
24.71,7.95,0.83,0.556,1865.3,89.4,11.09,0.767,43.75,91.83,52.8,12,0
37.69,5.25,0.295,0.541,832.5,75.0,4.2,0.182,156.1,767.93,98.0,10,0
113.49,5.16,0.823,0.426,1053.8,287.4,7.4,1.534,201.63,731.57,92.2,2,0
31.35,8.31,0.46,0.995,3287.8,183.9,4.91,0.1,138.98,281.44,72.0,1,0
27.46,1.27,0.27,0.2,2558.8,279.5,7.6,1.173,104.87,331.35,62.4,12,0
17.34,7.33,0.783,0.631,1163.3,249.7,5.2,0.393,51.28,173.56,53.6,4,0
66.05,9.38,0.182,0.714,2020.5,301.5,14.91,0.919,299.37,1753.95,71.6,8,1
33.66,10.02,0.563,0.941,1872.2,17.0,5.36,2.248,72.41,336.3,80.0,4,0
17.27,2.46,0.157,0.802,4936.9,17.4,9.41,0.865,41.9,174.91,89.9,8,0
86.25,10.82,0.421,0.679,4269.3,361.1,13.33,0.835,170.76,428.3,52.6,8,1
89.69,8.05,0.641,0.205,1946.0,97.4,9.57,9.366,254.3,906.45,70.9,11,0
18.99,10.64,0.601,0.436,4570.4,326.4,8.49,2.537,94.04,201.54,98.8,1,0
25.33,6.08,0.464,0.225,1719.8,273.7,8.54,1.443,52.27,263.79,56.0,6,0
75.26,6.73,0.486,0.893,3342.8,490.9,7.45,1.732,331.79,879.61,70.0,11,0
16.04,11.07,0.304,0.775,4833.6,417.9,12.11,1.936,60.65,265.5,63.8,10,0
67.67,10.85,0.51,0.782,1957.5,207.2,0.76,0.1,105.25,504.96,56.7,8,1
28.95,5.65,0.958,0.687,3402.6,308.6,13.28,0.167,139.18,482.41,91.9,8,0
71.24,3.66,0.865,0.556,1486.7,59.5,8.79,2.095,349.0,1581.08,84.9,1,0
2.39,5.02,0.231,0.235,1338.9,193.8,12.73,0.907,11.33,57.28,70.6,8,0
65.58,4.96,0.127,0.397,2875.0,367.2,0.16,0.114,213.52,584.31,68.5,9,0
40.5,3.8,0.94,0.223,4896.5,311.7,13.04,0.706,91.99,405.06,91.4,11,0
6.61,3.59,0.574,0.752,2271.1,242.8,1.8,0.279,18.97,93.64,54.5,6,0
25.75,10.4,0.584,0.244,4688.8,89.1,10.82,4.961,93.99,322.22,57.3,7,1
64.02,1.3,0.803,0.732,4572.7,401.8,6.25,0.454,180.92,479.43,95.3,6,0
43.71,8.29,0.383,0.723,1276.3,137.3,10.22,0.31,173.89,546.79,90.9,5,0
60.45,2.49,0.534,0.513,2015.1,410.4,9.42,1.968,259.02,1484.77,88.7,1,0
109.18,4.46,0.972,0.222,3220.1,306.2,2.45,1.476,243.78,836.1,81.2,2,0
14.75,1.21,0.705,0.383,2595.0,187.0,7.72,1.716,43.03,104.59,64.6,10,0
96.6,3.6,0.238,0.388,488.8,21.3,4.16,1.145,468.73,1092.55,96.7,2,0
43.65,9.34,0.22,0.73,4968.6,117.0,8.41,1.259,103.65,282.12,74.6,11,1
8.54,10.68,0.284,0.202,3765.7,444.6,11.07,3.017,23.17,58.16,64.0,9,1
6.56,3.05,0.79,0.846,2194.1,409.2,1.22,0.497,10.66,42.43,68.3,6,0
33.38,5.83,0.366,0.785,3094.7,287.9,7.74,1.01,88.9,301.4,50.8,3,0
72.26,5.91,0.119,0.268,447.0,233.7,9.26,6.332,202.2,1084.91,62.8,3,0
35.54,10.55,0.95,0.747,2481.6,323.9,4.43,0.421,65.72,363.06,59.4,10,0
92.89,9.27,0.253,0.702,4654.9,233.7,14.3,0.696,139.8,544.28,56.8,10,1
10.79,6.4,0.109,0.773,4484.0,322.5,7.8,0.425,37.92,210.61,51.6,2,0
39.58,8.21,0.313,0.27,1693.5,154.4,2.74,0.1,101.13,384.49,61.3,7,0
3.83,10.24,0.312,0.242,2661.5,419.4,1.62,0.629,5.99,27.36,55.2,1,0
52.73,0.61,0.48,0.313,3489.9,351.3,8.12,0.1,237.79,630.17,52.3,1,0
71.04,5.13,0.928,0.429,1706.6,165.7,5.63,0.336,251.87,556.72,56.9,10,0
25.27,10.93,0.891,0.814,333.7,415.5,2.89,0.901,53.05,140.07,60.1,3,0
51.15,9.01,0.511,0.764,2532.2,244.2,0.46,0.1,231.61,696.55,70.8,1,0
46.96,6.74,0.47,0.933,3012.2,88.1,8.5,2.796,112.13,561.08,79.2,11,0
55.29,6.59,0.6,0.153,39.1,39.8,8.98,3.175,126.94,341.98,66.1,3,0
54.15,4.5,0.319,0.11,486.9,350.1,2.13,1.06,250.78,632.63,57.1,12,0
83.25,6.49,0.147,0.729,1044.4,432.7,9.03,8.355,177.17,1011.72,97.0,9,1
2.51,8.04,0.945,0.351,1746.8,403.9,14.28,2.273,11.5,54.69,75.7,7,0
63.81,5.31,0.268,0.401,2709.8,328.2,14.67,2.723,275.04,1070.78,87.1,9,1
81.74,8.71,0.279,0.592,1476.3,71.5,13.33,0.427,211.23,502.7,84.7,7,1
22.25,10.4,0.525,0.192,1388.2,47.9,12.11,3.633,36.05,194.95,64.2,11,0
51.19,2.28,0.542,0.678,4348.1,173.2,3.14,5.803,91.58,222.81,78.0,9,0
22.35,5.69,0.117,0.393,733.8,427.6,2.35,0.539,42.1,187.1,80.1,11,0
37.15,5.19,0.233,0.669,2482.3,480.9,6.67,2.32,171.54,801.19,67.6,3,0
52.17,8.41,0.44,0.851,4764.6,121.4,9.29,2.748,152.03,547.38,83.5,7,1
22.95,3.37,0.715,0.254,3128.8,381.3,12.76,0.728,37.03,209.05,89.5,6,0
16.35,7.86,0.306,0.938,3588.9,287.4,3.48,1.289,56.37,124.18,68.2,2,0
41.2,10.59,0.481,0.578,2161.9,16.9,7.19,0.205,91.78,483.92,50.7,6,1
1.95,5.31,0.602,0.931,109.5,271.9,9.71,0.38,4.52,19.06,67.5,3,0
2.0,10.98,0.9,0.287,3234.2,403.2,6.68,0.127,4.12,18.3,55.8,2,0
63.78,11.92,0.393,0.644,3163.3,138.8,6.81,1.643,265.77,1580.6,57.8,5,1
0.21,1.72,0.22,0.463,561.0,448.8,3.38,1.963,0.31,1.35,68.3,5,0
63.32,3.18,0.54,0.797,2316.2,118.9,14.8,4.957,192.27,997.52,60.4,11,0
56.19,11.43,0.772,0.645,4577.5,39.2,7.13,1.563,101.37,265.0,96.7,2,1
20.4,11.52,0.199,0.545,1033.4,80.8,7.99,0.604,70.05,366.87,82.6,3,0
16.29,1.62,0.482,0.922,2310.9,418.7,3.28,0.123,44.15,222.7,75.9,8,0
81.79,0.67,0.116,0.439,2310.9,209.2,7.71,4.325,130.81,768.16,50.5,5,0
5.66,2.35,0.13,0.298,4055.7,398.7,3.83,1.303,17.62,101.19,55.2,8,0
23.75,11.95,0.535,0.647,4124.6,266.1,3.04,2.674,83.04,237.16,89.4,10,1
56.17,2.57,0.368,0.662,3798.8,240.8,4.14,0.1,132.95,513.14,69.5,4,0
67.42,6.28,0.861,0.495,1833.6,403.6,0.04,1.339,281.76,1590.81,52.3,4,0
31.2,10.26,0.642,0.538,369.5,212.3,8.55,0.788,87.31,398.39,91.3,6,0
19.09,0.73,0.509,0.964,1753.9,401.2,5.81,0.1,78.69,303.34,65.1,10,0
89.78,7.45,0.467,0.759,3402.2,51.2,13.48,2.989,316.62,771.22,69.3,11,1
100.86,3.69,0.548,0.2,3516.7,318.5,0.61,1.439,458.15,1560.94,98.7,5,0
74.26,10.42,0.136,0.291,4825.4,351.6,0.65,0.81,253.54,1181.75,50.8,5,1
42.99,3.76,0.904,0.978,2273.7,449.6,13.29,3.278,92.41,471.98,86.1,9,0
11.71,8.4,0.998,0.754,3165.9,112.9,1.9,1.185,51.28,194.29,97.4,6,0
10.93,8.25,0.263,0.924,2700.6,302.5,0.03,0.1,46.37,103.1,53.2,3,0
58.29,3.05,0.208,0.373,761.6,217.2,2.68,5.781,285.8,1295.44,93.3,11,0
54.64,0.9,0.229,0.768,2311.4,192.0,12.36,0.591,99.86,567.86,70.8,4,0
89.06,5.21,0.695,0.743,2728.7,54.3,12.04,3.551,317.87,1266.91,93.9,9,1
62.77,3.83,0.695,0.365,4754.2,68.0,5.1,3.39,202.16,1155.07,65.4,6,0
12.61,9.8,0.863,0.596,1839.0,418.7,10.02,0.354,48.52,165.75,99.1,11,0
76.82,9.7,0.777,0.665,4900.7,375.1,7.61,1.285,378.76,2100.41,82.4,8,1
5.07,5.76,0.505,0.533,2716.1,191.8,13.57,0.1,17.04,87.69,81.4,11,0
26.56,7.47,0.652,0.844,1219.9,414.4,0.85,0.876,103.59,605.69,90.3,7,0
48.76,7.45,0.719,0.85,966.4,41.3,12.2,2.626,132.39,683.66,71.8,12,0
109.85,10.01,0.561,0.866,717.1,312.8,2.56,0.541,279.72,919.13,62.9,1,1
148.85,5.39,0.528,0.823,2270.1,434.2,5.87,0.249,397.95,2229.42,63.1,1,1
61.24,3.67,0.681,0.539,119.4,419.6,2.88,1.415,100.13,468.49,66.5,10,0
33.59,3.55,0.602,0.443,2230.8,187.0,10.54,1.54,83.86,222.07,80.9,7,0
58.71,6.67,0.68,0.848,4942.1,372.9,10.17,2.253,123.6,269.92,91.9,2,0
71.07,5.67,0.652,0.541,3353.8,214.3,8.22,2.847,220.38,763.27,75.0,9,0
28.78,5.56,0.747,0.322,3801.3,420.2,10.47,2.38,89.58,461.1,70.2,12,0
102.83,1.55,0.679,0.557,603.8,265.9,9.59,3.734,429.67,1921.83,89.7,10,0
48.05,8.76,0.568,0.228,2370.8,382.7,11.65,0.504,156.56,643.21,64.5,12,0
57.42,2.96,0.714,0.722,1438.3,40.2,3.59,1.687,179.2,361.07,84.5,9,0
63.31,2.76,0.505,0.402,4471.5,295.4,6.43,0.893,146.28,547.39,55.3,12,0
54.76,5.25,0.318,0.335,914.6,275.6,2.27,6.546,245.51,645.9,55.7,2,0
69.36,3.12,0.101,0.961,2299.1,305.4,6.44,1.161,126.14,481.62,82.2,9,1
18.4,7.21,0.604,0.799,2944.4,348.1,10.53,6.423,90.84,542.05,54.1,9,0
20.46,4.77,0.632,0.808,2575.1,459.1,10.37,2.931,64.78,357.47,57.8,10,0
1.49,5.66,0.975,0.661,4152.9,393.1,10.64,2.535,3.21,10.42,81.2,6,0
55.38,6.68,0.425,0.855,1165.0,110.6,4.63,1.353,151.76,663.79,71.9,5,0
67.26,2.84,0.455,0.783,1893.2,413.1,9.93,1.172,104.51,418.93,78.1,10,0
56.02,2.29,0.282,0.639,3962.5,61.9,5.51,1.495,116.68,294.07,98.8,2,0
98.61,10.62,0.163,0.965,2645.1,311.5,14.17,0.695,263.65,1571.12,81.6,6,1
39.8,5.49,0.796,0.272,2016.6,441.5,5.15,4.697,136.94,506.79,79.5,11,0
63.41,5.24,0.325,0.949,156.9,51.5,9.05,3.163,123.84,498.18,69.0,9,0
1.79,0.91,0.648,0.461,3769.4,425.0,11.25,3.233,6.92,31.77,81.5,3,0
26.45,6.23,0.719,0.576,4861.2,399.5,13.6,1.135,117.84,325.97,50.6,3,0
64.34,6.87,0.524,0.21,3105.2,252.4,6.57,0.147,225.41,651.18,77.9,11,0
69.72,6.93,0.889,0.586,4284.1,155.1,5.41,2.298,177.03,490.4,53.4,4,0
29.71,8.63,0.499,0.65,2589.2,203.3,6.45,0.938,57.19,202.33,61.0,10,0
37.49,2.54,0.356,0.998,1166.1,484.4,4.86,4.087,58.28,163.11,78.2,11,0
13.13,3.4,0.906,0.978,82.1,101.6,9.81,3.031,53.31,304.15,83.4,12,0
27.5,9.82,0.875,0.97,3270.5,290.2,13.99,0.314,101.76,494.25,69.2,4,0
71.16,11.39,0.248,0.414,2470.6,42.5,1.89,1.841,225.37,1260.14,70.9,1,1
60.13,2.06,0.123,0.992,3912.7,109.7,8.41,2.357,111.66,602.31,74.9,2,0
57.52,6.22,0.181,0.51,3476.5,381.9,13.46,1.679,127.97,615.85,88.0,6,1
41.74,2.96,0.358,0.867,4939.9,152.0,1.5,1.443,181.71,539.85,50.9,5,0
40.25,1.19,0.975,0.295,2556.5,492.9,7.41,0.517,127.97,570.89,72.4,10,0
16.89,4.24,0.603,0.555,2141.6,250.9,12.98,0.538,82.25,225.78,50.7,4,0
64.46,2.15,0.436,0.969,1440.8,258.8,13.51,2.922,322.29,815.36,66.0,10,0
54.73,8.66,0.9,0.952,2389.5,19.1,7.72,0.1,235.49,1066.85,76.0,9,1
57.22,6.64,0.508,0.715,4365.6,478.3,0.37,3.018,137.54,618.72,54.0,2,0
21.59,2.15,0.384,0.818,221.8,87.9,1.58,1.496,49.85,130.92,74.3,12,0
35.37,0.61,0.947,0.259,4889.7,269.6,8.8,5.505,84.45,287.94,96.2,8,0
78.4,9.79,0.865,0.749,4966.6,198.4,1.86,11.845,388.38,879.72,84.3,12,1
23.24,2.53,0.859,0.656,2993.1,208.4,2.24,2.178,62.14,302.18,89.1,11,0
9.8,7.47,0.561,0.182,1664.4,322.0,11.58,1.063,38.94,231.71,79.0,4,0
64.27,4.37,0.81,0.202,1123.0,331.4,11.26,1.289,312.14,1548.1,94.8,9,0
26.28,7.23,0.261,0.198,1389.7,78.0,12.64,0.457,114.8,617.26,57.3,4,0
77.1,4.13,0.616,0.752,260.0,250.3,1.59,0.209,276.91,1081.42,72.5,2,0
61.6,1.5,0.985,0.228,2380.8,395.4,2.97,1.729,128.82,306.89,79.9,6,0
63.92,3.06,0.362,0.521,296.0,222.2,12.49,3.275,135.03,662.5,93.7,12,0
7.81,2.66,0.815,0.421,3595.2,83.7,10.82,0.607,25.17,76.17,65.4,9,0
82.42,5.42,0.541,0.595,1865.9,157.3,12.09,1.088,398.23,1414.97,50.1,7,1
49.14,8.07,0.136,0.736,1004.8,107.0,14.85,1.618,229.29,1103.44,98.7,1,1
27.08,3.53,0.787,0.716,2728.8,63.8,12.97,4.77,56.36,316.71,51.3,9,0
45.02,0.64,0.252,0.564,4869.1,189.4,7.81,0.298,112.86,445.24,57.6,6,0
22.17,6.47,0.668,0.518,3478.7,270.9,4.66,0.541,78.94,461.5,71.1,9,0
54.3,7.47,0.177,0.458,2463.8,37.3,8.55,5.015,172.19,702.49,74.8,2,0
3.97,11.57,0.952,0.876,3886.8,302.3,9.58,0.1,7.62,18.97,91.7,11,0
7.34,7.28,0.363,0.398,3690.0,496.5,5.03,2.135,20.51,83.54,72.4,7,0
13.28,5.92,0.304,0.333,4459.8,482.1,11.56,2.041,64.31,349.99,77.4,8,0
78.94,7.09,0.216,0.769,1031.3,414.8,1.39,0.967,381.3,1583.24,60.0,8,1
17.98,11.17,0.951,0.424,4295.8,133.9,11.69,1.263,62.16,310.24,78.5,5,0
93.68,10.03,0.741,0.862,1512.1,12.2,0.48,3.861,348.81,1462.16,67.4,7,1
21.25,4.21,0.767,0.395,4705.6,416.9,7.47,0.361,48.37,202.4,54.9,7,0
19.76,3.23,0.549,0.732,1412.5,28.8,12.92,0.527,80.94,254.08,97.3,3,0
0.92,3.52,0.527,0.141,4635.0,103.6,1.3,1.436,1.55,4.35,54.1,11,0
83.25,6.3,0.199,0.447,4819.3,272.7,7.77,1.054,189.18,589.44,83.9,11,1
34.54,9.06,0.604,0.409,736.0,90.0,2.39,1.708,52.53,197.68,95.4,2,0
20.81,6.29,0.322,0.835,4872.8,417.1,13.42,5.073,59.31,310.67,59.0,5,0
45.6,1.28,0.979,0.97,437.8,388.8,12.49,4.98,204.1,1085.01,61.9,4,0
57.56,8.82,0.817,0.515,1100.7,378.1,14.01,0.523,284.29,754.36,71.3,8,0
79.11,9.77,0.472,0.842,2226.4,408.2,13.12,0.719,303.55,1278.39,64.7,12,1
90.7,3.83,0.236,0.73,4968.1,110.6,11.05,0.354,372.5,1364.87,88.0,5,1
27.41,8.14,0.807,0.971,2447.9,364.7,2.77,5.256,66.32,284.09,66.9,9,0
6.41,5.41,0.21,0.83,2756.5,178.3,4.54,1.015,21.29,97.75,99.3,7,0
25.53,10.72,0.27,0.17,3475.2,333.8,7.45,1.195,104.11,324.65,92.9,11,0
49.11,10.22,0.29,0.742,4841.8,61.9,8.83,3.245,159.14,903.43,94.8,1,1
6.27,6.54,0.601,0.582,3918.9,353.1,11.73,1.439,11.35,65.14,53.2,2,0
6.5,8.45,0.808,0.115,1128.5,486.1,3.4,0.255,26.6,64.42,58.8,8,0
52.03,10.66,0.383,0.326,1521.9,22.8,1.92,1.152,118.03,567.99,58.5,10,0
38.3,6.2,0.176,0.93,497.2,47.8,7.24,1.991,70.54,150.46,83.6,8,1
41.15,4.1,0.518,0.933,3225.8,62.7,2.37,2.54,130.57,285.46,50.6,2,0
13.45,9.17,0.773,0.819,911.9,215.9,10.41,2.073,23.69,138.15,90.3,7,0
31.94,3.03,0.299,0.984,1294.5,146.1,8.63,0.254,118.26,565.22,77.4,8,0
7.65,4.97,0.298,0.826,4441.7,403.7,11.12,0.726,28.63,94.43,78.3,4,0
71.16,10.46,0.953,0.109,1640.5,237.4,0.95,2.645,170.67,798.64,76.9,3,0
76.23,8.83,0.959,0.359,2837.6,242.8,14.47,4.244,371.71,2001.02,76.8,10,0
24.62,5.14,0.991,0.128,1993.9,358.8,0.0,0.1,107.96,592.0,59.9,9,0
7.47,2.97,0.827,0.185,379.4,181.6,4.88,0.1,14.06,29.28,64.2,2,0
12.38,4.59,0.269,0.297,1820.7,177.3,10.19,2.062,51.0,268.9,74.4,3,0
17.25,3.77,0.291,0.553,2046.3,378.7,0.68,1.588,47.19,255.43,83.9,8,0
37.08,2.53,0.406,0.863,4479.5,390.2,1.25,0.338,152.99,670.45,63.6,2,0
10.74,9.05,0.386,0.876,1629.0,8.2,1.15,1.589,46.2,181.09,90.3,5,0
7.73,3.4,0.961,0.655,1902.4,72.8,8.72,7.337,15.7,38.37,90.5,10,0
4.86,5.72,0.81,0.935,3916.7,107.3,13.44,1.993,18.55,54.89,63.7,12,0
47.25,4.94,0.752,0.55,3797.2,176.4,8.33,1.193,213.57,846.15,78.0,8,0
42.43,11.79,0.267,0.9,3993.4,146.4,9.05,3.515,111.66,609.7,67.4,7,1
14.74,5.0,0.919,0.509,4769.3,334.6,5.19,0.479,26.25,136.84,59.5,4,0
46.19,1.42,0.845,0.35,3979.8,414.2,0.28,1.07,73.69,293.56,90.3,10,0
20.87,1.53,0.247,0.925,2044.0,96.9,0.32,1.501,39.33,202.27,99.6,9,0
30.49,7.29,0.884,0.449,4109.3,281.9,13.32,1.405,46.19,233.84,78.3,2,0
98.57,7.39,0.345,0.553,2548.3,184.5,1.54,5.076,260.65,1124.99,95.7,7,1
86.92,5.32,0.173,0.396,1395.8,253.4,15.0,0.693,221.43,638.01,82.1,7,1
5.49,5.47,0.691,0.697,1521.6,310.8,2.47,0.116,10.35,35.1,78.3,7,0
69.04,1.12,0.688,0.996,1127.0,446.9,10.12,4.963,260.9,693.01,74.0,7,0
68.4,6.44,0.185,0.123,733.5,97.0,14.23,0.489,340.06,689.84,61.8,5,0
0.19,6.3,0.387,0.91,930.6,44.4,5.43,0.953,0.88,2.04,54.2,1,0
68.66,2.22,0.994,0.104,325.3,314.0,11.02,1.514,163.75,825.03,72.1,4,0
93.83,1.69,0.711,0.428,4443.4,197.7,5.26,7.449,393.6,839.92,78.1,5,0
0.71,1.92,0.757,0.252,4655.7,82.3,4.57,1.533,3.4,12.23,75.5,10,0
7.89,1.66,0.292,0.782,2938.0,59.4,3.03,1.187,36.85,219.02,84.8,4,0
75.62,7.51,0.171,0.146,4204.0,279.9,12.31,1.752,347.54,1800.57,59.6,7,1
49.5,2.76,0.349,0.598,926.0,150.9,3.86,7.068,210.51,1053.08,67.7,2,0
59.3,3.39,0.324,0.365,4509.4,498.7,4.25,3.407,149.76,464.1,70.8,2,0
51.92,2.5,0.311,0.22,2536.7,203.5,14.98,0.37,93.07,425.03,59.3,11,0
53.67,11.52,0.273,0.795,345.2,106.9,4.91,3.252,172.15,687.73,95.3,2,1
6.43,10.33,0.617,0.296,715.2,314.8,6.34,3.679,10.87,48.87,84.1,10,0
76.66,3.15,0.395,0.301,1551.8,122.9,14.85,2.347,382.87,1433.19,54.6,3,0
80.94,4.27,0.838,0.348,227.4,247.5,5.54,2.141,222.9,919.22,85.6,5,0
31.97,2.91,0.266,0.628,1553.4,241.8,5.49,1.163,155.19,923.97,77.4,10,0
38.48,6.16,0.518,0.694,309.1,227.3,12.42,2.053,161.84,536.85,76.2,9,0
13.59,0.73,0.112,0.116,1187.8,398.2,4.68,2.676,39.94,114.47,99.5,3,0
58.0,8.22,0.534,0.318,1335.7,109.1,3.51,0.262,111.02,421.19,80.9,6,0
60.02,6.52,0.15,0.488,4971.9,452.2,6.35,0.595,139.86,573.05,94.8,6,1
37.82,10.83,0.98,0.399,1185.4,395.9,10.51,0.432,145.83,341.62,95.7,11,0
79.35,2.39,0.812,0.896,1203.5,167.2,0.65,3.68,349.53,1825.9,55.1,6,0
28.31,9.75,0.541,0.809,3437.1,91.1,5.61,2.279,139.5,514.5,50.4,5,1
59.76,9.61,0.178,0.663,4298.2,140.5,5.19,1.199,117.29,428.41,71.8,2,1
4.31,1.96,0.633,0.404,1941.4,167.0,3.67,3.498,8.82,40.89,88.5,1,0
39.18,5.08,0.783,0.731,4379.3,278.9,9.81,2.523,64.58,328.92,91.2,5,0
33.9,2.46,0.272,0.859,1707.3,24.1,4.35,4.897,81.74,485.82,89.4,8,0
47.89,3.43,0.611,0.635,993.1,457.3,9.1,0.16,209.44,564.25,72.4,10,0
27.07,3.53,0.833,0.806,1654.9,50.2,7.57,1.423,59.38,200.84,87.5,5,0
35.4,6.9,0.791,0.774,3050.7,140.4,3.26,2.453,120.98,323.37,85.9,3,0
68.91,5.23,0.823,0.615,1842.0,55.5,4.0,0.465,211.04,1165.64,65.7,3,0
24.71,11.4,0.891,0.381,3367.7,129.1,2.56,0.792,65.25,273.67,58.4,2,0
16.23,1.95,0.944,0.771,1192.3,419.0,0.85,1.086,59.47,321.72,81.1,7,0
101.24,11.7,0.465,0.286,3508.0,308.0,9.29,3.163,329.84,1959.54,83.9,2,1
88.35,3.15,0.612,0.802,1743.7,114.4,10.09,1.361,236.04,991.58,78.4,6,0
5.23,9.39,0.812,0.824,2284.8,436.0,2.49,1.358,20.45,50.57,60.7,12,0
64.14,4.4,0.727,0.84,2793.1,400.6,9.23,1.127,159.06,547.97,63.8,8,1
22.4,2.15,0.996,0.526,3434.3,377.1,14.73,0.519,84.01,180.18,85.4,8,0
49.22,10.37,0.112,0.273,1201.2,424.0,1.12,5.13,238.74,1288.55,98.1,2,0
50.3,4.05,0.42,0.19,4181.4,310.2,7.36,0.765,203.77,422.13,97.2,6,0
31.8,8.08,0.353,0.769,3612.0,251.2,11.0,1.676,94.26,411.78,76.0,12,0
12.57,7.01,0.336,0.898,1178.1,187.6,0.69,0.322,51.74,125.44,94.3,3,0
15.83,5.93,0.3,0.686,4875.1,112.7,11.67,1.139,68.59,139.24,51.5,9,1
7.93,6.2,0.738,0.23,3327.3,279.1,14.69,4.683,20.95,63.36,93.1,3,0
10.89,8.92,0.176,0.941,2267.6,444.9,1.33,10.792,43.2,181.74,73.8,1,0
37.65,1.51,0.767,0.99,796.1,297.4,12.33,0.898,113.71,261.58,89.1,9,0
14.95,8.18,0.724,0.49,2670.8,459.9,5.68,0.334,65.25,290.97,50.3,8,0
63.87,10.8,0.326,0.635,832.2,179.1,2.16,0.755,161.84,758.7,93.4,12,1
92.05,1.16,0.328,0.8,2153.2,347.9,7.4,0.793,440.22,2587.93,79.7,2,0
19.7,2.12,0.666,0.763,2049.5,324.7,1.07,2.069,69.18,387.25,62.0,10,0
48.38,8.74,0.786,0.971,3602.5,335.5,7.83,1.371,132.39,564.94,67.4,10,0
57.49,5.53,0.889,0.203,970.0,322.9,0.29,2.926,170.62,882.67,60.0,3,0
56.52,5.14,0.867,0.623,4111.1,111.6,10.93,2.417,153.58,530.56,71.2,7,0
42.66,2.08,0.968,0.723,1637.4,72.7,7.32,0.579,85.82,372.72,66.5,6,0
65.99,6.33,0.623,0.901,2225.5,489.3,6.88,3.067,114.81,414.86,76.7,8,0
56.88,1.96,0.918,0.887,3864.0,23.6,2.94,3.761,149.38,500.14,90.7,10,0
3.32,5.98,0.828,0.98,3130.7,234.4,5.42,1.825,10.3,50.6,99.1,5,0
70.42,9.28,0.905,0.561,1547.0,213.1,2.73,5.253,194.81,620.79,62.6,5,0
71.06,3.47,0.11,0.848,1937.2,180.6,11.03,3.055,110.04,387.6,55.3,2,0
13.28,6.03,0.969,0.485,1535.9,391.2,2.99,1.81,46.85,162.51,69.8,6,0
41.33,11.91,0.526,0.48,2977.9,372.9,9.25,4.732,82.94,454.64,57.2,12,0
63.92,8.4,0.818,0.328,1669.8,452.7,4.19,1.834,143.08,383.68,91.7,12,0
32.67,10.18,0.214,0.836,3631.2,198.3,9.85,1.473,62.82,221.5,75.1,11,1
77.55,5.27,0.456,0.987,2903.1,282.5,8.11,0.881,257.6,1430.05,81.0,11,0
122.74,9.33,0.344,0.331,737.1,446.3,6.35,4.289,224.98,463.74,57.5,5,1
12.49,0.97,0.362,0.151,1558.2,496.9,10.1,0.262,29.94,173.41,87.5,9,0
8.34,1.91,0.211,0.834,1115.0,484.7,6.24,1.283,25.68,143.72,98.7,3,0
50.63,2.84,0.825,0.658,1957.7,359.2,12.32,1.542,105.67,387.96,74.1,5,0
65.25,5.12,0.108,0.964,2584.8,72.5,10.94,1.618,199.8,921.5,98.1,3,1
31.92,10.23,0.381,0.327,2538.7,12.6,8.11,2.11,86.17,513.94,51.7,9,1
90.86,4.48,0.257,0.164,3775.1,412.8,13.16,1.41,409.99,1730.06,51.8,9,0
6.85,8.03,0.63,0.543,954.0,420.6,12.43,0.594,29.34,70.05,98.0,10,0
64.25,8.66,0.329,0.177,4732.9,373.4,7.98,3.889,319.65,1730.79,85.0,7,0
18.79,7.24,0.333,0.336,1720.8,140.7,1.03,2.143,62.99,159.77,59.4,1,0
100.18,4.61,0.54,0.213,1508.2,320.3,8.49,3.907,352.02,1066.28,68.2,9,0
109.74,7.14,0.687,0.302,3429.0,158.8,5.33,0.646,528.2,2901.95,75.4,9,1
13.17,4.44,0.209,0.196,4029.5,225.9,8.1,2.027,38.17,115.42,85.1,10,0
20.77,1.46,0.258,0.959,1898.6,191.8,9.71,2.505,71.53,356.27,92.1,5,0
70.09,11.92,0.322,0.351,3736.8,456.9,9.67,0.967,198.12,751.0,54.1,11,1
26.45,1.96,0.976,0.5,4419.8,117.8,10.1,3.345,90.21,454.57,82.8,2,0
38.41,1.33,0.457,0.909,3836.4,289.2,10.19,0.1,68.47,200.59,73.8,1,0
40.89,10.6,0.639,0.71,180.6,181.1,1.64,1.807,173.5,638.18,79.9,2,0
27.19,3.97,0.317,0.656,4138.6,331.9,2.88,1.902,134.54,440.31,75.4,4,0
39.52,7.98,0.541,0.735,3874.7,282.7,9.46,1.526,68.37,204.84,72.5,4,0
15.86,4.28,0.167,0.846,3349.8,462.1,6.12,1.989,68.25,222.35,60.3,1,0
22.74,5.0,0.131,0.89,3802.5,51.7,11.44,0.366,53.35,175.63,73.6,8,1
90.53,3.51,0.522,0.678,4897.3,111.1,1.87,2.309,198.38,1154.89,59.5,10,0
3.98,4.45,0.459,0.901,2161.3,383.4,2.87,0.818,15.62,64.56,52.2,12,0
68.46,5.22,0.223,0.582,345.4,185.0,8.38,1.203,113.27,435.88,68.7,8,0
30.24,8.78,0.719,0.35,2309.8,83.7,7.51,0.81,94.38,378.76,51.2,8,0
30.21,6.38,0.994,0.892,241.7,252.2,4.0,1.285,45.47,272.09,78.1,5,0
67.66,11.35,0.456,0.587,1478.3,326.4,6.13,1.943,232.79,1074.16,53.6,10,1
51.9,0.98,0.662,0.916,2938.5,23.4,0.52,3.645,161.79,778.86,71.9,2,0
59.97,6.29,0.967,0.136,1555.0,146.5,0.56,1.321,282.12,918.15,99.0,4,0
73.89,7.22,0.848,0.458,3430.1,404.9,1.42,0.781,297.09,1154.55,50.5,1,0
28.4,11.08,0.517,0.953,4111.7,260.6,8.65,1.339,55.13,150.86,68.3,10,1
18.57,1.07,0.764,0.325,2108.0,18.7,12.96,2.335,50.9,241.32,83.7,1,0
2.02,7.1,0.215,0.947,4501.7,141.7,3.9,0.851,9.61,32.48,57.9,12,0
11.11,10.32,0.561,0.959,408.4,319.9,0.51,1.07,44.87,224.05,78.0,10,0
143.22,3.28,0.351,0.894,4202.2,100.5,10.63,1.655,512.72,1462.6,62.9,3,1
83.56,10.58,0.245,0.607,4144.6,413.9,12.83,0.696,288.86,1043.94,61.1,4,1
7.29,0.72,0.484,0.682,1616.7,338.6,2.07,0.469,21.09,81.91,94.7,12,0
6.29,8.92,0.218,0.883,1500.6,236.2,5.79,0.303,22.3,59.47,60.2,11,0
56.87,11.23,0.729,0.798,1532.4,457.9,2.38,0.87,238.88,544.26,68.8,12,0
59.15,8.06,0.511,0.667,4058.9,196.5,1.6,0.1,115.14,376.3,58.5,11,1
59.21,5.55,0.578,0.984,4160.0,118.3,9.72,1.752,289.8,1211.25,64.2,3,0
31.08,1.02,0.232,0.717,1655.3,331.0,14.51,0.387,72.65,334.97,64.7,12,0
35.61,11.08,0.226,0.978,2967.0,287.1,10.17,0.948,109.22,404.22,66.3,11,1
51.48,5.91,0.625,0.152,703.3,168.3,14.77,0.627,81.31,325.32,82.1,3,0
43.01,0.83,0.987,0.225,2349.2,172.5,6.52,1.991,147.35,614.85,87.1,8,0
37.68,8.43,0.187,0.506,4994.0,199.7,13.47,3.799,106.87,432.56,75.5,4,0
31.96,6.04,0.357,0.446,802.6,146.3,3.08,2.006,75.87,179.15,80.5,3,0
10.2,1.93,0.883,0.804,4738.3,355.4,1.77,1.564,50.49,182.76,90.7,9,0
46.13,2.96,0.165,0.245,4123.0,326.0,10.54,2.212,138.33,389.71,100.0,12,0
144.48,1.24,0.888,0.978,4861.4,220.9,5.57,0.1,426.23,1762.45,72.8,12,0
52.86,7.1,0.572,0.384,906.1,199.5,4.77,0.262,164.97,830.2,96.8,1,0
29.03,7.65,0.467,0.486,1075.5,183.2,10.07,0.199,55.34,238.96,74.5,8,0
72.26,6.32,0.379,0.347,94.2,142.5,5.0,0.207,207.82,600.03,89.1,5,0
56.89,9.9,0.367,0.621,3626.3,43.8,8.59,0.604,152.33,431.25,78.7,8,1
54.7,10.4,0.375,0.153,3224.0,134.8,4.49,1.519,171.11,367.54,94.2,10,0
61.24,7.58,0.896,0.235,898.5,161.3,11.76,0.244,275.47,1020.75,72.4,3,0
111.98,0.65,0.751,0.771,3957.8,274.3,4.69,5.47,243.53,908.71,84.8,6,0
0.42,8.5,0.703,0.268,1503.0,387.1,8.02,3.852,1.52,4.48,73.3,11,0
56.58,5.31,0.819,0.312,683.6,198.5,0.35,7.126,92.32,466.86,92.9,7,0
7.58,7.0,0.331,0.814,2118.6,472.4,11.88,0.1,19.77,70.09,99.7,8,0
59.44,7.96,0.656,0.184,463.9,413.8,9.31,3.813,187.5,877.06,62.2,7,0
7.85,4.53,0.514,0.494,1323.6,492.4,2.88,3.257,13.81,62.97,73.7,7,0
25.39,11.05,0.804,0.121,1863.0,438.2,3.23,4.648,86.43,381.94,54.1,2,0
29.67,2.04,0.378,0.412,4260.8,308.7,3.94,1.501,76.74,432.19,57.0,3,0
74.15,8.22,0.679,0.729,3964.8,299.6,8.65,3.101,368.9,761.25,96.5,6,1
72.15,0.55,0.894,0.181,2219.3,65.6,8.22,0.105,267.55,607.9,77.2,3,0
3.6,11.13,0.462,0.9,3625.6,361.5,4.11,0.158,8.48,41.44,69.8,9,0
41.92,1.79,0.16,0.919,2847.6,300.5,10.41,0.252,77.95,266.13,83.6,9,0
15.16,1.59,0.564,0.194,1710.8,254.0,13.34,4.925,24.91,148.11,78.0,6,0
4.05,4.33,0.411,0.992,3632.1,347.0,0.65,0.126,7.36,21.08,64.4,1,0
32.4,4.8,0.705,0.368,3420.7,222.6,6.26,0.211,125.74,343.72,61.3,1,0
29.2,2.96,0.956,0.176,3099.3,262.4,8.9,5.33,131.19,571.07,79.5,4,0
124.94,7.23,0.537,0.105,3093.6,199.8,8.8,0.227,255.94,797.94,59.4,11,1
55.15,5.59,0.52,0.468,3418.1,359.0,0.29,4.077,160.36,539.12,57.0,10,0
8.22,0.89,0.689,0.667,1928.9,438.4,3.16,3.114,22.51,127.96,65.9,8,0
20.23,4.18,0.193,0.399,4346.7,420.6,0.93,0.1,75.99,159.96,93.1,3,0
75.75,9.82,0.328,0.853,819.9,393.2,8.53,0.1,162.05,668.48,51.8,4,1
113.1,8.43,0.927,0.745,4420.6,7.9,9.68,1.529,547.0,1826.76,91.7,12,1
15.51,8.84,0.703,0.415,1718.0,456.0,2.4,11.739,62.81,212.55,81.0,11,0
25.8,8.53,0.112,0.761,633.9,138.2,5.0,4.221,124.93,373.7,52.0,6,0
105.48,4.08,0.284,0.946,3004.1,444.1,4.95,0.742,260.63,661.84,80.1,11,1
53.64,1.65,0.715,0.184,1886.2,99.3,12.3,0.977,190.79,407.88,71.3,9,0
9.61,3.63,0.788,0.375,4079.3,220.4,2.92,0.982,39.04,232.34,92.1,4,0
58.71,10.07,0.856,0.517,2159.6,374.9,8.22,2.65,234.16,1086.86,95.4,3,0
52.25,11.78,0.363,0.548,3346.1,320.5,11.74,0.834,82.28,420.36,64.3,10,1
40.12,6.18,0.938,0.588,1548.2,208.5,12.44,0.32,200.35,452.79,89.2,10,0
51.47,0.61,0.598,0.371,1055.2,339.6,10.0,2.75,244.41,503.32,65.5,9,0
72.35,2.11,0.727,0.701,1946.4,274.9,4.49,1.225,138.85,611.09,64.8,7,0
4.51,4.2,0.637,0.681,3038.0,138.6,12.35,0.16,15.36,75.18,59.6,9,0
43.0,7.15,0.21,0.62,3288.2,323.5,11.13,3.122,111.84,400.32,83.9,11,0
7.61,1.36,0.967,0.202,2895.3,102.9,10.57,1.76,34.82,123.66,63.1,10,0
48.94,11.35,0.211,0.529,4940.4,347.3,1.01,1.344,192.88,682.4,73.2,6,1
8.66,4.7,0.329,0.421,3458.5,2.6,0.65,2.238,19.77,51.62,90.6,4,0
25.72,10.99,0.832,0.542,4658.3,274.8,10.43,1.408,41.62,208.76,89.6,5,0
5.15,9.48,0.657,0.93,598.5,201.1,14.17,2.091,12.97,37.12,92.8,10,0
62.79,9.19,0.854,0.532,316.3,152.2,11.61,4.042,102.57,338.23,58.1,12,0
70.05,7.48,0.564,0.113,1561.9,258.3,12.47,1.901,139.71,654.56,79.3,2,0
31.79,7.71,0.439,0.495,691.6,323.0,8.17,2.155,118.46,236.97,95.7,3,0
41.34,7.84,0.93,0.839,2634.1,482.7,4.57,1.903,169.81,860.09,52.1,5,0
10.7,7.73,0.133,0.802,2599.7,416.7,10.17,1.515,33.58,187.92,89.7,3,0
29.51,6.87,0.871,0.562,2879.5,358.9,10.68,0.377,106.27,234.48,62.3,3,0
38.24,11.84,0.308,0.325,3728.7,240.0,10.13,0.818,78.23,341.59,83.5,9,1
131.73,8.92,0.864,0.519,4856.9,196.7,14.2,2.363,343.65,1248.76,85.9,4,1
1.08,9.43,0.225,0.607,4392.5,17.2,5.51,1.108,4.32,9.99,96.3,4,1
91.25,10.53,0.622,1.0,600.7,180.2,0.59,1.042,253.4,1198.32,75.4,1,1
74.89,2.98,0.899,0.68,1699.2,424.3,13.63,2.848,203.76,906.6,92.4,12,0
49.82,1.46,0.526,0.725,1286.6,192.6,2.41,0.1,108.56,496.2,52.3,7,0
101.55,6.05,0.772,0.542,892.3,231.3,10.46,2.273,363.75,1911.12,71.0,10,0
53.02,6.41,0.824,0.419,2728.2,136.6,13.1,1.344,229.77,723.25,72.0,9,0
53.62,10.04,0.763,0.832,2770.8,137.8,4.65,0.946,168.53,793.5,76.9,12,0
38.14,5.6,0.933,0.545,1144.0,31.9,12.46,0.833,72.63,361.23,74.1,8,0
82.82,7.06,0.502,0.995,3562.4,307.3,4.98,0.38,367.27,982.54,98.4,12,1
78.38,6.56,0.256,0.511,3667.2,224.6,11.91,0.814,137.15,799.35,53.9,2,0
18.1,0.94,0.143,0.161,114.7,303.4,1.05,0.993,57.04,191.64,63.3,6,0
6.17,7.57,0.322,0.714,1984.8,273.9,9.83,1.151,14.9,72.35,98.4,10,0
32.9,10.02,0.229,0.142,4451.8,399.6,10.16,2.231,157.15,788.26,72.3,10,0
12.0,2.31,0.602,0.325,2606.4,375.8,7.37,1.209,48.97,196.67,78.6,5,0
37.78,7.33,0.266,0.418,1744.7,386.0,10.31,3.182,131.55,330.84,54.1,8,0
83.31,7.33,0.135,0.766,1275.8,250.1,13.85,2.042,319.67,991.84,64.2,1,1
23.99,2.39,0.132,0.545,1224.3,177.6,11.01,0.42,80.73,237.1,52.0,9,0
38.5,1.92,0.848,0.126,507.8,466.8,14.42,0.649,77.64,316.36,56.9,9,0
42.03,11.77,0.632,0.655,4088.0,28.1,6.73,0.165,167.36,509.62,81.7,11,1
69.7,5.03,0.422,0.47,442.4,77.2,7.92,5.827,224.72,940.93,88.2,12,0
38.64,3.12,0.905,0.93,1468.6,210.4,3.96,4.353,143.75,453.21,93.5,7,0
18.77,2.47,0.163,0.55,237.9,307.4,14.78,0.177,31.12,62.36,62.6,8,0
47.39,8.18,0.982,0.738,3909.1,5.1,0.83,1.707,94.65,326.84,66.6,9,0
82.0,7.51,0.655,0.297,206.0,359.9,5.38,6.458,292.16,1293.51,78.5,5,0
22.78,7.9,0.265,0.785,1548.4,279.8,4.47,2.75,70.81,360.77,54.2,11,0
25.68,1.51,0.711,0.749,2870.8,242.9,5.8,1.354,58.91,124.5,90.3,2,0
61.69,10.78,0.787,0.914,2053.7,212.3,13.77,0.552,144.52,438.36,74.2,1,0
17.76,4.98,0.486,0.13,1418.5,260.2,5.52,0.654,65.91,391.64,98.3,5,0
1.64,4.1,0.875,0.503,1383.2,81.7,13.75,2.665,2.8,8.52,55.9,8,0
18.15,5.82,0.236,0.711,3991.0,55.2,6.35,3.033,54.8,279.99,56.7,10,0
33.54,4.99,0.351,0.186,4870.2,145.5,12.82,1.504,111.72,451.08,67.4,4,0
18.83,10.43,0.184,0.47,1746.7,355.0,7.83,0.258,48.56,120.86,60.3,4,0
37.19,11.19,0.29,0.948,205.3,294.6,4.67,5.432,162.61,743.73,84.8,4,1
71.4,3.99,0.315,0.492,192.5,240.6,6.74,3.726,121.28,711.36,97.3,8,0
84.62,10.44,0.926,0.987,3798.5,286.2,6.37,0.303,383.35,2126.57,54.5,7,1
62.8,9.49,0.17,0.151,2766.3,280.1,3.9,0.117,253.19,1205.46,62.1,11,1
0.18,11.2,0.485,0.746,3920.1,154.2,4.34,1.535,0.55,2.24,61.9,1,0
32.95,3.33,0.579,0.623,3490.5,49.6,2.8,0.669,156.03,511.36,75.5,10,0
39.77,7.14,0.909,0.55,4538.5,448.5,5.04,0.666,157.41,539.58,72.6,6,0
60.96,3.66,0.998,0.974,4430.3,300.4,9.37,0.183,290.08,981.86,86.3,4,0
63.39,9.98,0.778,0.217,3943.8,349.2,5.8,6.132,199.94,1137.34,86.6,2,0
14.3,0.56,0.974,0.906,2381.2,232.5,10.68,3.546,44.13,125.57,78.6,3,0
42.87,7.0,0.808,0.722,1547.6,378.5,14.8,0.242,143.94,505.53,79.6,4,0
56.0,4.4,0.967,0.333,2540.1,292.7,5.66,4.185,96.83,360.98,92.1,10,0
90.95,4.21,0.737,0.912,2515.3,27.8,6.94,2.297,425.64,1547.46,69.8,7,1
64.66,7.92,0.172,0.486,3055.3,445.2,2.46,0.787,248.09,500.35,50.6,1,0
67.62,10.29,0.462,0.833,938.6,153.5,5.88,4.1,247.58,763.52,60.7,1,1
42.93,7.51,0.682,0.45,3281.5,69.8,10.9,1.823,203.62,813.31,51.8,3,0
89.37,10.31,0.416,0.866,2288.4,44.9,3.26,3.777,444.84,2242.87,69.7,2,1
54.34,3.54,0.346,0.673,3104.8,360.5,2.73,1.267,112.59,481.65,67.9,3,0
9.86,6.47,0.62,0.227,1205.6,352.3,5.65,1.389,40.65,143.86,54.9,3,0
89.12,5.68,0.94,0.685,2177.6,350.4,12.28,0.688,314.57,1466.07,87.8,11,0
64.43,0.63,0.131,0.272,1058.9,458.0,9.35,0.981,200.59,935.47,77.7,1,0
24.49,6.9,0.792,0.471,4377.8,175.1,14.36,1.678,120.55,360.64,61.3,6,0
23.22,8.11,0.75,0.253,2444.9,281.0,13.57,5.877,103.92,250.98,88.0,8,0
50.38,7.31,0.968,0.12,1132.7,310.1,2.27,1.833,198.43,1034.35,83.4,5,0
56.21,8.97,0.938,0.291,215.6,489.8,0.64,0.319,159.6,657.43,59.6,1,0
46.91,7.07,0.786,0.583,3381.9,156.9,5.99,0.1,179.7,486.29,99.1,11,0
50.9,1.27,0.568,0.533,1081.1,478.2,7.83,3.807,171.06,521.43,58.9,10,0
99.5,1.84,0.284,0.551,4948.0,75.2,7.73,0.906,236.09,1195.96,88.6,11,0
77.5,7.36,0.591,0.323,2673.2,382.2,2.01,0.757,238.43,1099.89,98.4,7,0
46.67,3.66,0.789,0.717,1452.0,316.8,1.87,3.226,104.67,605.08,86.3,11,0
72.95,1.42,0.906,0.734,3291.8,408.6,0.7,5.814,237.18,915.47,83.3,10,0
3.86,5.44,0.811,0.422,1383.3,15.3,12.76,2.757,15.53,34.3,95.2,9,0
53.93,6.87,0.276,0.893,4103.2,40.0,14.22,0.382,87.81,421.63,63.5,12,1
103.33,4.28,0.64,0.68,1548.1,35.8,1.74,0.993,431.78,1303.82,63.9,7,1
32.37,8.78,0.399,0.742,4941.4,296.9,3.2,2.849,50.82,167.47,82.1,9,1
10.33,7.9,0.108,0.35,3029.7,301.9,1.35,4.749,34.21,95.32,94.1,10,0
17.18,4.33,0.28,0.101,4223.6,453.1,13.16,13.143,60.24,194.93,80.9,9,0
1.86,9.18,0.202,0.879,373.3,234.3,14.38,1.433,7.76,41.25,98.9,2,0
12.53,7.96,0.858,0.84,1748.0,35.0,3.93,3.458,52.18,224.75,61.1,8,0
27.03,7.83,0.333,0.211,3690.1,105.6,4.55,0.1,80.04,195.04,91.3,12,0
9.19,6.86,0.356,0.437,3278.7,5.0,5.44,0.673,15.93,69.23,96.4,7,1
40.55,0.63,0.964,0.695,979.3,388.6,7.54,0.929,159.24,722.02,71.4,12,0
71.58,8.51,0.441,0.687,1787.5,408.0,10.24,7.42,235.39,1303.87,98.1,7,0
8.23,4.82,0.109,0.874,1324.6,499.0,7.57,0.1,21.93,119.29,60.1,2,0
93.17,11.34,0.355,0.226,3070.7,206.7,14.27,0.736,216.36,487.13,97.6,1,1
57.88,9.91,0.207,0.487,1729.4,10.6,1.5,5.33,111.08,607.23,95.1,4,0
76.07,7.26,0.193,0.188,1552.2,118.1,11.98,0.733,192.69,424.59,53.3,7,1
16.98,3.4,0.17,0.451,1044.8,294.3,5.02,0.51,52.7,137.9,76.1,6,0
69.91,2.84,0.634,0.114,2051.0,481.0,5.66,2.619,221.72,542.38,76.4,10,0
1.78,4.41,0.27,0.908,985.6,52.7,10.63,2.736,6.31,17.2,52.8,2,0
71.16,5.98,0.425,0.574,4813.2,61.7,13.94,1.278,197.01,1027.04,52.0,7,1
46.01,3.9,0.876,0.865,781.0,351.2,10.74,5.872,217.17,1030.36,50.3,10,0
59.36,6.42,0.482,0.154,4567.4,333.9,11.64,0.453,192.07,911.94,76.2,11,0
1.15,2.4,0.924,0.305,2148.1,126.0,11.26,4.893,3.42,19.44,73.2,9,0
8.67,11.74,0.548,0.333,1895.6,406.8,4.81,2.817,14.47,51.62,97.0,2,0
60.9,1.74,0.459,0.448,1164.3,65.3,11.35,0.918,219.04,440.96,67.1,10,0
6.81,11.22,0.775,0.823,3182.4,462.9,11.77,3.289,24.58,112.05,82.9,11,0
56.21,11.01,0.166,0.448,3430.8,101.3,8.0,0.286,199.08,1089.41,50.4,5,1
7.85,6.54,0.181,0.284,2343.2,41.6,8.05,0.281,36.16,213.53,83.2,11,0
69.69,8.84,0.687,0.158,288.0,170.4,11.4,5.317,290.6,1004.19,95.7,2,0
3.14,5.51,0.538,0.172,4593.4,94.7,12.26,0.199,14.24,75.28,67.7,1,0
59.33,7.75,0.811,0.784,4901.8,263.9,5.06,0.1,101.34,546.9,65.7,11,0
61.9,4.42,0.925,0.5,2160.9,343.7,12.02,0.985,161.76,416.99,81.3,7,0
15.61,3.96,0.45,0.754,3072.2,246.0,12.21,0.219,40.84,184.82,66.4,2,0
60.37,7.15,0.637,0.714,2257.0,330.6,3.51,3.976,229.39,617.64,70.1,6,0
49.12,6.23,0.551,0.222,1616.2,183.1,10.75,5.12,150.79,570.98,63.7,7,0
21.14,7.16,0.983,0.229,395.8,14.9,2.8,1.317,89.24,492.33,67.2,1,0
4.7,3.8,0.848,0.78,2285.8,487.1,1.4,1.108,13.38,68.99,84.0,11,0
28.69,4.72,0.921,0.749,4093.7,409.9,8.62,1.549,65.29,279.54,96.1,12,0
52.24,1.46,0.329,0.44,95.0,37.6,13.63,0.513,131.55,688.65,79.2,9,0
14.77,1.1,0.795,0.17,2914.7,225.1,0.53,0.708,31.58,82.47,50.5,6,0
43.34,3.41,0.339,0.111,4405.1,317.9,12.4,0.213,95.02,264.13,63.2,2,0
30.78,1.35,0.288,0.359,1095.6,96.1,7.6,1.183,69.53,197.15,97.6,1,0
63.77,1.69,0.95,0.108,924.4,289.4,12.91,1.892,99.25,506.56,95.5,1,0
29.43,9.85,0.117,0.307,3863.7,267.3,12.65,5.325,117.9,655.98,55.8,2,1
28.47,0.95,0.969,0.478,1282.9,104.9,13.13,2.687,82.52,350.83,95.4,12,0
65.62,8.08,0.234,0.209,968.0,71.5,11.53,2.568,103.63,604.36,98.2,9,0
51.73,3.63,0.837,0.194,1896.2,379.7,12.64,0.736,144.58,710.19,66.2,2,0
51.07,10.52,0.348,0.907,1968.6,162.0,2.64,4.384,238.41,1014.39,85.1,1,1
56.42,6.08,0.416,0.627,4371.8,122.8,4.56,5.873,185.6,825.24,78.0,4,0
13.75,4.01,0.295,0.941,3096.0,369.2,3.64,5.384,68.09,367.55,66.9,9,0
66.49,6.45,0.627,0.411,2035.7,368.3,11.14,0.1,225.38,532.07,57.7,12,0
61.44,4.89,0.413,0.709,2676.6,138.9,2.3,1.854,299.18,799.44,68.3,8,1
4.42,6.99,0.692,0.284,4770.3,436.4,2.73,2.061,9.74,29.86,96.4,7,0
31.46,1.82,0.114,0.657,574.9,344.4,13.18,0.699,79.11,441.35,90.6,8,0
38.62,11.97,0.158,0.217,1046.5,173.5,10.59,9.762,152.56,881.77,66.5,2,0
35.29,5.39,0.19,0.102,4813.0,214.3,13.13,0.688,174.84,598.76,77.4,5,0
51.69,4.5,0.477,0.938,4787.1,363.6,2.09,0.488,226.82,1291.85,70.3,12,0
90.1,8.67,0.833,0.599,894.1,106.6,5.98,1.324,309.75,1297.06,73.3,12,0
77.86,4.68,0.899,0.934,734.1,234.9,4.25,0.781,140.0,545.03,88.1,7,0
5.93,10.08,0.32,0.4,2111.2,327.1,0.15,5.155,16.45,87.7,77.2,1,0
61.77,5.72,0.617,0.395,258.1,270.2,4.27,1.16,111.34,465.9,59.1,6,0
86.51,8.77,0.792,0.461,3278.0,304.6,5.69,1.056,224.02,855.3,63.5,7,0
53.54,1.74,0.36,0.735,396.7,273.6,1.38,1.966,128.8,265.83,78.4,8,0
78.18,10.23,0.468,0.609,299.6,100.4,8.5,0.169,223.6,458.74,84.6,5,1
110.43,8.96,0.572,0.933,2431.1,205.7,5.75,2.827,489.25,2206.72,75.4,8,1
75.83,2.93,0.221,0.123,4789.4,266.5,0.7,2.925,153.66,352.43,81.0,10,0
48.73,2.17,0.123,0.737,2139.7,390.3,10.56,1.285,125.28,619.88,89.5,11,0
76.58,4.14,0.238,0.397,1788.8,327.3,10.94,6.233,184.85,829.87,77.3,1,0
45.07,11.72,0.664,0.262,4989.8,213.9,12.52,1.732,114.32,437.96,98.9,4,0
40.84,3.45,0.166,0.559,2664.5,487.2,7.28,2.376,112.8,545.85,61.8,11,0
27.7,5.75,0.271,0.555,1882.5,54.8,14.53,5.163,65.24,389.62,96.0,6,0
94.72,0.85,0.404,0.223,1935.4,104.2,13.71,2.195,454.56,1357.06,62.4,4,0
11.35,5.07,0.17,0.282,982.8,171.3,8.27,1.131,33.73,142.61,76.6,5,0
93.63,7.07,0.273,0.467,2566.0,115.1,6.67,0.1,177.85,955.29,72.8,11,1
57.5,11.46,0.92,0.468,2199.9,313.1,0.05,2.606,180.35,372.88,68.6,12,0
8.98,6.44,0.117,0.386,1361.3,20.7,10.66,6.697,19.26,54.19,98.1,11,0
52.87,9.92,0.688,0.234,811.1,89.5,8.47,1.271,119.29,487.18,63.6,2,0
33.5,6.79,0.446,0.104,1563.1,147.4,14.06,0.83,83.67,352.18,83.7,7,0
61.89,0.97,0.705,0.973,2548.3,342.0,8.91,1.465,119.87,281.12,90.2,9,0
70.98,4.12,0.63,0.949,301.1,438.1,14.89,2.607,285.63,1036.76,59.9,7,0
19.27,7.12,0.301,0.535,777.2,399.4,12.81,0.1,82.31,335.74,98.7,1,0
44.32,11.43,0.862,0.996,4738.8,91.9,14.3,4.364,127.65,471.28,77.3,2,1
108.4,10.38,0.543,0.706,2718.8,283.1,4.91,4.349,423.99,2036.15,95.7,12,1
22.3,3.13,0.84,0.162,326.6,16.0,2.24,1.559,63.8,324.48,83.2,11,0
2.94,3.03,0.465,0.206,3468.5,156.0,11.95,0.261,6.09,23.41,82.5,8,0
91.86,2.81,0.986,0.924,318.4,403.2,11.79,2.228,265.48,982.97,67.3,1,0
108.69,11.11,0.793,0.667,3697.0,228.9,3.17,0.297,374.92,1807.68,88.5,2,1
40.13,10.31,0.969,0.859,3752.3,75.8,11.47,1.417,65.95,278.4,51.5,5,0
75.4,9.41,0.563,0.908,3258.9,219.8,8.73,0.197,285.82,1566.81,77.8,6,1
86.95,5.02,0.526,0.503,3663.7,99.8,1.64,1.779,356.43,1398.82,51.6,1,0
14.01,6.3,0.78,0.144,448.9,197.2,7.53,0.766,63.2,271.58,65.3,1,0
23.01,5.84,0.892,0.269,3636.6,244.4,13.97,3.556,42.8,107.65,54.8,2,0
83.08,3.41,0.968,0.16,692.1,175.4,7.6,3.218,124.65,666.12,95.6,3,0
98.98,6.31,0.392,0.27,1704.1,468.5,11.83,12.97,173.84,641.34,81.4,9,0
59.7,0.85,0.819,0.469,4714.3,281.7,0.43,0.595,282.65,1378.26,83.4,3,0
9.21,2.02,0.29,0.206,2519.3,421.6,10.92,0.128,38.48,143.06,92.6,8,0
109.55,10.7,0.591,0.25,4837.5,380.6,14.2,1.17,484.64,971.24,86.7,6,1
21.42,9.14,0.262,0.501,453.7,330.9,7.49,0.174,70.88,255.27,56.2,10,0
28.27,5.36,0.413,0.406,2393.0,248.9,5.07,0.393,94.52,244.81,80.9,5,0
51.98,6.45,0.938,0.521,321.4,2.1,9.7,1.819,132.28,475.48,98.9,9,0
94.4,4.75,0.231,0.486,3154.7,307.1,13.74,1.794,420.03,1379.94,60.7,8,1
69.89,9.02,0.669,0.68,402.7,178.6,2.65,0.1,307.81,864.99,81.0,11,0
54.52,9.52,0.634,0.943,885.1,59.8,6.06,1.17,156.61,390.77,78.2,3,0
56.22,9.28,0.209,0.197,1301.6,222.9,2.34,1.511,149.11,732.75,69.6,7,1
41.52,8.81,0.393,0.189,3746.2,368.0,7.45,0.624,169.59,851.26,97.7,4,0
59.53,2.85,0.607,0.868,828.2,480.9,8.11,4.112,94.76,289.95,67.8,8,0
48.53,4.39,0.268,0.556,4234.7,187.7,14.16,0.351,218.88,871.32,54.7,7,0
29.62,5.9,0.821,0.79,668.2,271.8,6.19,0.586,90.69,349.72,98.1,3,0
48.45,4.3,0.975,0.294,185.9,425.8,8.5,0.342,147.5,504.61,86.5,7,0
0.29,9.18,0.293,0.846,1981.3,167.7,13.28,0.248,1.1,3.41,67.1,6,1
53.52,4.29,0.268,0.931,4897.4,72.0,4.82,4.224,201.25,552.25,64.0,6,1
32.84,2.09,0.509,0.672,560.6,141.7,10.11,0.651,79.84,438.44,96.4,11,0
101.44,5.09,0.773,0.195,517.6,449.7,11.36,2.564,487.07,2597.66,63.7,10,0
95.06,11.77,0.353,0.906,3758.3,80.5,4.96,1.117,470.73,1726.98,76.9,3,1
23.7,3.1,0.118,0.813,1567.7,165.3,2.47,2.021,79.17,386.73,60.7,4,0
34.72,7.54,0.587,0.776,3589.2,232.9,7.54,5.267,120.3,480.4,99.8,4,0
37.41,5.48,0.961,0.133,1008.1,423.7,5.35,3.724,128.7,301.36,88.5,6,0
24.19,1.32,0.452,0.819,2305.8,468.9,4.0,0.143,77.42,409.52,78.4,9,0
46.83,6.11,0.478,0.224,1333.8,213.5,14.6,3.731,225.15,647.76,87.3,5,0
13.46,8.57,0.972,0.3,2263.1,466.0,7.53,1.202,31.72,153.12,95.8,8,0
0.43,6.4,0.725,0.619,3847.8,81.6,12.85,0.862,0.8,3.31,98.2,5,0
61.79,10.53,0.747,0.338,3812.4,79.3,2.93,2.232,293.74,1398.82,89.3,6,1
62.03,3.82,0.606,0.695,2583.7,474.7,14.09,6.0,139.3,541.17,92.5,6,0
11.85,1.49,0.977,0.647,4642.6,255.3,11.92,0.198,48.84,234.94,69.9,4,0
71.34,11.27,0.72,0.197,1326.3,93.8,12.13,2.923,157.91,336.54,69.6,10,0
17.89,4.85,0.906,0.69,1209.2,244.5,5.85,0.455,86.98,188.17,90.4,10,0
48.86,7.13,0.729,0.932,3072.9,391.8,7.28,0.957,208.58,1165.01,88.0,5,0
68.71,9.61,0.762,0.245,3110.3,413.6,8.9,4.14,324.01,1619.67,95.0,4,0
38.82,4.23,0.361,0.637,242.2,432.1,11.85,1.578,187.46,996.12,56.7,2,0
55.92,8.74,0.373,0.408,3042.8,285.2,12.74,0.14,100.4,384.15,84.5,2,0
21.92,2.06,0.805,0.514,1878.4,433.6,1.17,1.419,66.14,253.9,82.4,8,0
33.12,3.85,0.367,0.358,3739.7,255.5,13.56,3.118,124.82,516.26,89.9,4,0
32.79,2.16,0.606,0.419,4042.4,303.9,14.06,1.505,141.3,420.32,51.2,9,0
13.87,9.83,0.324,0.126,2765.2,379.6,8.89,0.365,32.53,160.49,91.3,12,0
33.81,3.06,0.835,0.983,18.5,213.3,2.8,1.178,158.96,845.31,66.3,6,0
14.2,8.75,0.199,0.662,3185.5,37.7,12.28,5.163,32.29,181.74,84.4,12,0
22.81,11.35,0.847,0.551,3746.9,175.7,8.23,2.147,103.36,420.5,80.8,12,0
30.03,6.57,0.642,0.445,1252.4,312.3,12.26,2.618,98.93,361.92,72.0,5,0
31.03,6.71,0.268,0.585,2328.6,97.0,12.22,3.083,102.53,545.87,87.3,7,1
31.55,5.8,0.588,0.442,4829.0,75.0,1.3,0.19,88.62,444.03,98.1,6,0
37.84,4.25,0.354,0.424,1497.6,147.2,9.11,1.742,70.46,385.38,66.2,4,0
56.78,5.97,0.391,0.518,1123.5,17.0,7.25,0.943,154.15,712.62,87.4,10,0
70.61,7.43,0.416,0.348,1062.2,372.0,14.19,0.3,211.37,1169.57,65.7,9,1
17.26,11.84,0.157,0.262,2798.4,130.1,4.45,0.453,54.82,129.17,92.3,6,1
2.11,11.28,0.987,0.601,4749.4,63.0,3.09,3.039,8.63,40.73,71.9,3,0
3.53,10.41,0.128,0.858,3047.4,349.9,13.46,0.352,9.64,22.71,72.5,4,0
22.95,10.73,0.696,0.238,1523.6,421.6,2.23,0.749,67.08,335.1,88.6,4,0
27.68,5.88,0.434,0.129,3196.5,10.9,10.3,0.671,129.32,583.7,74.8,8,0
13.05,8.06,0.681,0.322,3128.0,117.6,4.5,0.1,53.95,111.35,63.3,5,0
5.36,10.79,0.421,0.982,2988.7,472.7,8.52,1.24,8.48,37.27,99.8,8,0
24.04,5.02,0.706,0.846,805.5,193.2,9.24,2.904,104.37,269.81,81.0,11,0
46.35,11.56,0.756,0.636,3176.5,469.4,6.26,0.1,230.12,591.32,82.3,8,1
60.83,5.28,0.721,0.936,2156.5,137.8,14.62,0.239,291.31,757.94,82.3,6,0
20.49,7.41,0.203,0.501,102.8,109.8,1.98,2.547,90.69,356.88,94.2,5,0
25.55,8.66,0.691,0.985,2703.4,107.8,5.87,1.801,94.57,232.84,59.2,2,0
7.57,11.43,0.352,0.367,4946.4,43.5,6.46,2.512,18.71,46.84,53.0,1,0
38.9,3.31,0.126,0.316,1755.2,448.3,9.47,0.523,147.45,445.99,69.3,7,0
10.3,9.08,0.473,0.674,4828.1,489.9,6.11,3.257,40.55,81.23,78.2,10,0
60.06,6.49,0.49,0.44,490.1,477.3,1.46,1.307,149.28,463.22,64.3,12,0
22.51,3.59,0.52,0.664,3664.9,426.2,14.21,1.885,53.87,240.99,84.5,10,0
27.41,9.43,0.734,0.374,580.5,423.6,6.24,0.193,79.2,348.99,53.7,11,0
50.54,6.85,0.378,0.656,1375.1,330.9,5.14,0.459,189.22,1112.25,89.5,7,1
46.43,8.1,0.384,0.348,2858.5,413.3,6.7,2.969,117.28,290.68,85.9,2,0
134.26,4.21,0.154,0.146,2968.0,105.0,3.25,0.507,462.49,2526.25,60.7,3,0
52.24,6.03,0.718,0.921,3878.3,194.6,1.5,0.194,242.79,865.49,64.9,11,0
4.86,7.6,0.611,0.895,3080.4,320.8,2.23,1.819,12.3,43.66,90.4,8,1
36.66,5.16,0.414,0.974,2972.1,437.5,2.5,1.588,178.93,607.5,88.7,12,0
22.17,2.78,0.735,0.745,4562.6,330.6,2.97,1.872,69.98,174.88,90.7,4,0
37.18,11.56,0.584,0.714,2266.3,419.7,6.3,1.926,68.9,269.67,66.1,5,0
10.84,6.38,0.522,0.603,1134.1,237.5,9.36,1.387,18.35,94.51,98.5,7,0
72.04,8.94,0.56,0.213,817.3,358.9,9.43,1.362,193.45,1064.31,85.8,8,0
20.77,5.23,0.673,0.27,2006.0,490.0,0.0,5.158,49.96,292.31,53.3,1,0
35.91,4.58,0.694,0.361,3566.6,77.6,13.81,1.527,159.92,822.18,73.9,7,0
17.76,5.18,0.36,0.901,222.3,463.5,12.34,1.921,72.47,325.58,83.2,3,0
100.86,5.21,0.227,0.256,654.0,261.7,14.46,0.621,463.54,1849.6,58.4,5,0
28.76,6.76,0.241,0.931,539.5,322.0,5.4,4.097,102.44,563.39,95.1,12,0
104.14,6.75,0.675,0.571,2930.4,439.1,9.97,0.1,314.93,1561.43,87.7,12,0
68.5,6.22,0.886,0.744,1221.9,205.4,2.52,1.629,167.61,443.33,54.1,1,0
56.87,2.05,0.469,0.199,839.6,209.9,12.26,0.969,201.38,952.56,95.7,11,0
52.91,6.2,0.253,0.342,2967.9,264.1,2.42,1.852,193.8,721.73,70.2,3,0
53.78,2.44,0.781,0.963,3808.9,10.5,4.89,0.893,154.64,677.83,72.6,5,0
27.47,1.95,0.849,0.34,1667.5,248.8,7.36,2.529,131.25,734.12,89.2,1,0
30.24,11.23,0.893,0.367,2895.2,146.3,8.92,0.1,113.09,521.37,82.2,2,0
69.58,7.46,0.646,0.278,499.6,464.0,8.39,1.041,308.32,1774.37,71.9,3,0
38.29,8.08,0.875,0.216,4676.6,44.8,1.53,3.559,140.57,768.29,63.0,8,0
9.18,5.12,0.114,0.31,1691.1,230.2,6.33,0.576,23.94,60.24,75.8,5,0
38.17,10.95,0.197,0.678,4987.6,473.8,13.84,0.108,155.65,318.55,79.0,5,0
99.64,7.84,0.183,0.51,4893.2,450.6,13.09,1.372,229.77,812.84,81.5,3,1
83.64,9.35,0.741,0.598,3896.3,351.0,8.86,7.504,300.12,1639.03,80.3,9,1
37.83,4.74,0.163,0.21,110.1,295.1,8.58,0.133,110.02,321.31,80.9,9,0
73.3,11.54,0.547,0.822,2721.9,141.1,1.68,0.145,148.4,707.24,73.8,12,1
27.17,9.94,0.525,0.806,443.3,184.1,3.0,1.808,80.06,312.55,78.1,12,0
19.64,10.32,0.38,0.119,4476.7,46.0,3.79,0.576,50.78,253.09,64.4,2,0
7.64,2.48,0.883,0.445,3950.3,393.3,7.32,1.056,14.47,38.48,57.9,8,0
94.7,3.62,0.253,0.162,4862.0,162.6,10.97,3.55,415.11,1227.22,80.3,1,0
30.41,3.78,0.417,0.813,3045.8,334.2,6.91,0.443,98.68,293.1,52.3,5,0
31.48,3.62,0.797,0.764,2615.6,179.4,1.89,2.541,85.39,358.1,53.3,7,0
29.51,10.34,0.127,0.912,2599.7,232.7,6.59,1.404,96.41,304.5,62.4,8,1
106.64,0.87,0.706,0.313,1938.4,277.9,2.44,4.707,441.62,2317.13,59.7,8,0
96.91,1.38,0.835,0.511,2348.8,401.1,11.27,7.221,151.57,513.39,68.7,6,0
117.66,3.65,0.939,0.266,3180.7,106.4,2.5,1.327,401.64,1864.97,68.6,7,0
34.43,2.8,0.889,0.434,4665.4,200.0,7.24,1.757,109.4,633.84,55.8,4,0
50.35,3.17,0.387,0.57,2983.5,65.9,10.4,2.74,232.89,1031.17,62.3,10,0
13.08,9.68,0.628,0.148,4287.0,38.8,3.42,0.767,45.08,133.83,50.2,7,1
91.69,6.98,0.17,0.743,4315.3,302.7,1.14,0.514,181.61,966.49,67.5,7,1
0.87,0.57,0.332,0.589,2599.0,95.4,8.45,6.687,2.5,5.12,89.8,9,0
47.59,5.44,0.185,0.846,1743.9,30.8,0.81,1.133,174.82,529.04,63.3,11,0
1.59,5.19,0.384,0.345,3201.5,448.7,8.82,0.1,2.65,9.4,82.2,2,0
19.39,1.81,0.888,0.913,2234.9,267.6,11.3,3.637,89.12,248.1,54.9,11,0
10.7,8.28,0.412,0.999,416.4,68.2,4.94,1.831,18.58,82.06,50.6,8,0
18.72,8.57,0.606,0.927,1895.3,27.7,7.33,0.369,30.09,127.35,74.9,9,1
21.13,8.79,0.49,0.8,4970.4,60.8,13.93,0.1,31.85,115.47,73.1,3,1
20.81,8.88,0.513,0.831,252.1,236.2,7.07,0.689,81.02,257.44,59.6,8,0
69.17,0.5,0.973,0.616,3486.4,334.6,14.95,5.259,214.12,799.88,64.3,1,0
1.33,11.47,0.367,0.271,4207.5,321.0,2.36,5.421,2.47,7.83,51.5,10,0
47.72,9.86,0.665,0.709,3247.1,73.1,10.63,0.745,214.58,619.07,89.9,5,1
82.63,10.9,0.478,0.741,2853.0,317.1,9.79,3.615,182.57,621.66,65.1,1,0
22.04,0.68,0.155,0.987,3540.7,203.0,13.08,1.166,58.23,256.75,61.0,1,0
14.87,11.24,0.54,0.587,2152.4,232.9,1.39,2.125,31.56,144.98,90.2,6,1
31.93,9.81,0.832,0.344,465.9,400.9,4.2,0.814,151.47,483.1,52.0,5,0
81.29,10.13,0.189,0.715,4812.2,166.9,1.98,1.451,337.62,1954.67,64.2,5,1
46.79,1.57,0.163,0.981,2167.2,74.4,14.0,0.696,188.76,575.3,63.1,2,0
21.41,9.0,0.238,0.259,3330.3,436.9,6.4,0.126,35.41,171.68,63.1,10,0
56.94,11.54,0.788,0.393,2661.2,106.9,13.65,0.3,189.56,440.91,50.6,9,1
1.42,8.3,0.752,0.588,282.8,147.7,4.42,0.687,4.99,23.25,96.7,12,0
63.85,7.06,0.609,0.253,4764.2,353.6,1.9,7.481,181.25,695.97,93.2,5,0
54.3,11.37,0.521,0.12,3964.8,342.1,4.45,6.744,142.6,609.83,70.7,3,0
29.23,5.59,0.899,0.403,754.0,400.4,8.96,3.517,130.99,358.42,72.3,11,0
10.65,7.39,0.79,0.879,4908.4,92.7,12.68,0.529,16.83,62.86,76.2,7,1
8.97,5.98,0.831,0.139,3687.1,176.8,5.78,1.165,33.07,167.52,73.9,6,0
58.72,11.23,0.832,0.486,2366.9,63.8,13.72,1.159,169.1,857.06,89.0,11,0
83.01,1.37,0.678,0.786,3060.7,271.0,3.66,0.979,318.01,938.21,74.4,6,0
17.69,6.26,0.512,0.958,542.6,147.0,10.4,0.1,38.8,132.32,59.4,5,0
56.04,8.4,0.878,0.987,2806.5,344.8,11.04,1.529,130.88,263.75,55.8,4,0
33.05,9.61,0.933,0.48,377.6,1.2,4.11,0.151,117.44,277.15,95.9,6,0
19.54,7.2,0.121,0.955,2728.8,30.8,0.4,3.238,96.32,241.47,52.4,7,1
38.91,10.95,0.146,0.132,2768.0,216.8,5.48,2.351,191.12,606.72,94.9,12,0
8.16,11.33,0.963,0.771,4373.4,479.1,0.68,0.87,19.35,97.47,84.5,8,0
7.22,1.24,0.349,0.678,3628.0,445.5,13.51,2.083,13.42,54.23,70.2,2,0
16.63,5.13,0.886,0.325,1255.3,497.0,14.3,0.531,59.3,306.6,59.4,4,0
50.23,0.77,0.45,0.557,4443.2,209.0,11.03,0.616,149.17,748.78,65.5,11,0
33.44,4.29,0.207,0.217,2870.5,24.2,10.9,0.754,139.32,605.85,76.5,7,0
38.34,6.67,0.172,0.884,3035.8,153.7,3.61,3.189,128.35,513.34,82.8,3,1
34.22,10.97,0.241,0.422,853.2,338.2,1.11,0.473,112.5,644.08,84.6,5,0
18.76,10.24,0.325,0.663,4290.3,68.4,12.03,1.655,70.59,301.9,72.4,10,1
56.02,1.97,0.54,0.243,4655.5,150.7,8.39,0.447,108.81,427.78,68.7,7,0
56.16,1.57,0.731,0.286,3877.2,29.0,10.22,0.671,217.35,1190.33,88.4,9,0
22.51,7.28,0.988,0.993,4704.4,238.0,11.69,0.537,72.25,165.15,96.3,6,0
21.58,6.62,0.497,0.778,1518.5,105.3,6.14,2.071,94.32,436.15,95.7,2,0
88.59,3.56,0.566,0.966,4307.0,46.5,2.17,1.496,175.9,431.32,77.6,9,1
26.52,10.84,0.57,0.366,2449.6,206.2,11.93,2.555,67.71,357.44,54.0,6,1
53.4,11.16,0.585,0.248,827.9,176.3,6.81,0.497,257.72,1332.6,53.7,10,0
44.94,5.13,0.566,0.553,3347.3,269.2,12.4,0.1,154.42,619.89,70.1,12,0
34.57,10.74,0.108,0.545,3423.8,374.8,6.57,2.282,164.29,763.01,86.6,2,0
66.89,4.92,0.102,0.257,1441.8,57.2,3.26,0.244,261.64,1331.86,74.9,1,0
47.54,8.97,0.188,0.76,147.2,395.8,2.57,0.566,225.45,886.76,81.4,12,0
57.79,5.97,0.191,0.426,1007.2,14.1,11.16,0.73,150.97,849.02,92.2,4,0
177.42,1.91,0.734,0.268,2004.9,222.1,8.62,2.747,322.35,1208.19,52.0,2,0
32.94,11.17,0.284,0.399,846.1,294.1,6.07,1.966,141.92,790.21,96.2,12,0
100.36,5.72,0.905,0.607,978.2,478.5,7.38,0.407,433.14,1875.9,66.5,7,0
29.94,8.95,0.936,0.754,1963.0,287.4,8.24,1.822,109.75,406.64,52.3,11,0
50.06,4.72,0.978,0.534,4809.3,80.2,3.59,2.463,176.62,356.14,91.8,7,0
38.41,0.72,0.945,0.573,3823.6,259.3,5.67,0.985,180.6,574.7,96.7,3,0
25.15,1.66,0.345,0.225,1605.5,198.5,4.39,0.565,53.26,291.45,88.4,11,0
20.06,6.21,0.559,0.923,4758.5,240.2,5.83,2.273,73.36,272.53,90.2,10,0
51.53,8.43,0.258,0.936,3231.8,99.4,7.51,1.888,86.28,318.0,93.6,1,1
13.1,4.35,0.826,0.715,2282.7,250.9,2.6,0.162,26.11,103.34,76.1,2,0
66.27,8.5,0.9,0.116,2346.8,75.9,5.9,2.197,200.83,631.65,84.0,8,0
25.43,8.53,0.866,0.583,2059.6,372.3,5.78,1.341,111.25,441.24,64.3,4,0
0.45,8.6,0.49,0.666,1172.6,297.4,4.29,2.8,1.82,6.37,62.5,3,0
24.25,6.16,0.783,0.995,1939.3,40.2,14.98,0.423,119.05,671.16,80.4,10,0
84.0,11.02,0.188,0.996,2644.2,444.9,1.1,0.597,139.19,592.36,86.7,7,1
21.26,6.13,0.136,0.872,2644.9,308.6,9.64,1.568,60.28,321.67,69.9,10,0
52.55,5.68,0.778,0.157,3811.1,158.7,2.62,1.315,108.02,512.83,70.0,4,0
14.42,2.79,0.483,0.958,1800.4,23.8,12.59,0.977,23.49,66.96,97.7,2,0
66.53,4.04,0.996,0.651,3586.8,316.5,13.71,2.741,161.35,882.72,75.9,3,0
63.99,0.99,0.188,0.821,2894.7,187.3,6.02,1.664,150.74,354.11,99.3,4,0
104.7,7.79,0.87,0.466,4809.6,453.9,12.35,2.478,310.97,1180.0,93.1,1,0
33.86,3.36,0.532,0.388,1932.6,18.4,3.75,0.333,67.38,199.22,82.0,8,0
63.4,4.0,0.844,0.517,4507.1,20.5,2.1,2.611,203.52,844.66,50.5,11,0
43.43,9.36,0.835,0.232,4105.0,474.7,4.74,1.238,205.02,656.09,64.8,8,0
85.36,4.26,0.924,0.421,3191.9,482.5,5.13,0.1,351.55,1719.54,70.9,5,0
14.84,3.29,0.368,0.872,3276.0,14.8,5.96,0.534,66.01,379.38,82.6,6,0
66.08,2.44,0.955,0.134,432.4,358.3,5.59,0.1,285.22,1379.41,69.8,4,0
33.19,9.41,0.237,0.236,4751.6,111.5,6.17,1.221,95.03,325.13,91.4,11,0
37.75,1.99,0.174,0.213,543.6,351.0,10.65,0.789,150.31,661.41,83.1,3,0
43.21,5.72,0.488,0.463,2820.5,434.5,3.68,8.756,178.89,993.58,67.4,3,0
48.83,6.33,0.845,0.997,1657.1,51.3,0.28,4.058,108.39,333.85,89.2,4,0
35.93,8.4,0.526,0.256,2155.0,120.1,7.35,3.494,162.09,400.81,65.2,6,1
47.51,7.78,0.846,0.231,3054.8,13.0,6.72,1.391,147.4,371.89,53.1,2,0
95.23,9.82,0.757,0.924,4545.2,22.9,0.9,3.291,148.3,590.16,58.6,6,1
74.49,1.01,0.288,0.894,2293.3,15.8,2.01,0.621,279.48,1377.42,50.1,8,0
70.42,3.91,0.954,0.129,4938.8,400.5,7.65,1.645,272.43,1261.1,91.6,9,0
24.06,3.72,0.155,0.777,2968.1,149.8,3.52,0.998,82.54,314.94,81.4,4,0
8.88,2.18,0.908,0.69,811.2,247.1,13.16,0.376,19.91,97.92,78.5,5,0
73.44,3.83,0.374,0.791,958.1,394.1,2.6,0.151,234.11,1061.9,83.1,8,0
70.66,4.06,0.55,0.545,3583.4,248.0,0.3,1.634,204.95,924.92,82.7,10,0
91.54,6.5,0.48,0.992,261.5,215.2,6.71,0.205,449.61,1263.17,78.3,2,0
18.86,8.13,0.255,0.139,2406.9,6.8,14.79,2.532,82.73,268.9,92.1,10,0
31.97,4.88,0.422,0.311,749.6,284.5,9.51,5.089,133.19,449.88,72.0,2,0
17.38,8.77,0.274,0.457,2171.8,63.2,5.31,0.354,37.09,194.08,90.2,9,1
26.26,4.37,0.283,0.505,3752.1,382.6,0.25,1.273,69.83,356.14,89.3,11,0
74.88,3.84,0.268,0.929,2299.5,129.6,7.27,2.685,211.83,637.77,60.0,6,0
23.67,6.72,0.54,0.604,825.6,337.4,3.1,0.676,76.33,169.49,72.7,10,0
62.42,0.77,0.818,0.141,1267.1,323.5,9.72,5.071,100.23,508.27,91.7,9,0
33.33,1.42,0.612,0.467,1844.0,308.7,8.75,4.387,119.18,433.76,91.5,10,0
51.34,5.31,0.904,0.475,357.1,134.2,3.98,0.219,141.32,406.89,51.2,7,0
0.17,11.34,0.673,0.969,2925.8,134.3,1.03,0.1,0.59,1.45,61.2,5,0
42.98,8.8,0.72,0.639,3041.6,431.7,11.33,7.498,65.82,135.02,71.2,12,0
64.69,1.51,0.701,0.672,320.1,7.4,8.78,6.269,169.81,630.16,52.4,9,0
33.46,10.23,0.505,0.742,2017.5,91.6,12.63,1.097,140.2,470.95,63.0,9,1
17.07,8.92,0.72,0.793,2075.9,305.5,3.9,0.104,55.53,265.76,62.9,2,0
82.21,7.53,0.163,0.672,1675.8,408.7,9.79,1.929,350.3,2069.13,60.7,8,1
67.21,9.93,0.874,0.313,2793.1,179.8,1.78,0.695,265.23,749.85,69.8,8,0
56.33,5.15,0.8,0.887,1736.3,327.1,4.38,5.52,253.06,752.14,90.7,2,0
93.24,3.05,0.321,0.759,2087.9,279.0,9.85,3.166,142.28,476.53,62.2,10,0
6.79,6.39,0.791,0.768,3989.6,33.2,12.38,2.097,16.39,63.33,79.1,7,0
101.16,6.81,0.111,0.997,818.9,311.3,4.81,0.67,346.04,1657.81,77.9,1,0
72.63,6.69,0.296,0.822,3099.4,407.1,11.98,2.416,348.14,1186.51,90.9,5,1
31.72,7.0,0.159,0.846,2532.9,496.2,10.17,0.683,123.05,297.39,69.7,5,0
79.75,11.41,0.802,0.956,1532.3,15.8,5.23,0.1,247.06,1215.87,61.2,10,1
1.28,10.88,0.78,0.236,3640.4,330.4,13.15,1.42,2.5,12.96,94.6,5,0
11.14,10.57,0.832,0.548,2760.4,207.9,7.64,1.342,35.95,107.5,91.6,2,0
18.7,9.72,0.104,0.623,2392.0,5.9,9.72,2.879,56.92,144.97,81.1,3,0
21.49,11.35,0.551,0.396,3341.7,307.6,7.43,4.015,90.77,373.16,54.7,6,0
3.02,1.63,0.734,0.855,4013.4,62.1,6.79,0.875,8.9,25.22,50.8,1,0
82.81,3.55,0.24,0.786,4863.6,189.9,12.72,1.194,216.62,757.44,59.1,12,0
30.94,6.19,0.685,0.749,3150.5,131.4,4.42,1.271,56.13,286.77,59.8,6,0
52.34,10.24,0.176,0.997,4373.5,181.2,0.55,0.784,87.02,250.49,56.8,6,1
20.04,6.31,0.263,0.333,15.4,246.9,13.2,2.72,60.85,317.96,63.1,7,0
23.72,9.1,0.528,0.762,2655.9,180.2,12.38,1.477,64.38,302.33,66.9,9,0
49.45,2.1,0.688,0.596,1081.1,276.8,5.5,4.906,170.29,490.26,87.7,9,0
26.93,3.4,0.231,0.382,480.0,120.1,2.78,2.101,107.49,441.33,85.5,4,0
37.6,8.92,0.267,0.245,2664.5,318.0,10.13,0.476,61.66,274.78,55.2,2,0
7.89,2.39,0.284,0.906,3736.7,427.0,1.18,0.36,25.54,71.54,98.9,5,0
109.55,4.54,0.315,0.636,2067.2,112.8,6.36,0.932,494.85,1276.61,87.6,1,1
71.9,3.55,0.304,0.842,3353.8,254.4,1.29,0.852,222.39,917.27,58.2,12,0
43.7,4.52,0.456,0.591,2453.7,324.7,8.97,1.046,145.28,693.76,56.2,12,0
84.23,8.65,0.688,0.298,2191.1,282.7,0.41,0.406,269.85,1041.71,54.4,5,0
10.38,4.73,0.494,0.404,1458.4,183.5,9.44,7.654,29.73,67.78,86.6,12,0
59.02,6.89,0.798,0.443,1919.1,321.5,10.1,0.315,111.28,634.39,61.8,10,0
46.99,1.65,0.747,0.976,1755.5,15.1,7.31,2.115,91.27,436.27,53.6,3,0
49.24,9.76,0.214,0.105,3234.5,185.6,2.63,0.1,104.73,469.67,71.1,7,1
84.53,4.75,0.144,0.987,588.9,266.8,1.52,1.045,361.29,1652.72,85.4,7,1
65.64,7.96,0.89,0.982,472.3,11.3,4.7,0.74,161.71,581.25,65.2,3,0
50.11,8.84,0.172,0.997,3303.5,254.3,6.98,0.963,241.43,1433.51,74.1,5,1
17.92,2.91,0.234,0.529,2736.0,327.5,9.63,1.379,77.7,196.63,59.6,9,0
6.4,10.67,0.12,0.967,2156.7,379.8,0.02,1.834,24.93,123.55,71.5,4,0
35.71,7.59,0.666,0.456,770.7,57.6,10.67,1.752,143.58,528.89,67.9,2,0
43.27,5.43,0.624,0.124,2061.0,495.3,10.69,1.992,72.12,398.39,71.7,3,0
0.44,2.6,0.988,0.302,3950.8,303.5,6.67,3.723,1.55,7.52,73.3,11,0
124.41,11.34,0.898,0.951,4449.2,182.2,5.15,4.356,596.38,2534.01,54.6,1,1
93.07,9.18,0.47,0.112,3515.9,125.3,12.63,2.673,152.35,876.14,54.7,5,1
61.07,2.89,0.434,0.591,309.0,286.9,11.77,0.164,153.82,869.04,63.0,9,0
42.52,4.38,0.367,0.168,3355.3,441.0,14.75,6.503,71.45,157.85,55.8,2,0
32.57,9.81,0.237,0.358,1212.5,260.8,5.58,5.89,113.81,315.3,62.6,3,0
6.68,8.5,0.224,0.179,1583.1,331.1,13.6,2.488,12.74,59.94,51.2,3,0
42.71,9.31,0.219,0.874,987.4,179.5,1.31,1.457,135.71,771.84,67.5,7,1
49.02,5.57,0.203,0.632,3881.0,194.7,6.17,0.577,197.06,733.31,60.7,12,0
3.46,8.74,0.316,0.912,3246.5,143.8,6.98,2.824,7.18,15.47,94.6,10,0
51.7,4.94,0.376,0.72,3063.1,353.1,6.61,4.205,214.22,979.66,92.9,7,1
34.57,2.93,0.965,0.974,3343.2,180.2,9.38,2.188,59.13,164.31,65.0,11,0
26.77,7.78,0.621,0.559,1191.5,96.2,2.55,1.983,54.18,228.06,73.8,1,0
9.89,11.72,0.989,0.675,2228.8,185.3,13.0,0.429,24.52,86.78,97.8,3,0
25.52,4.07,0.435,0.619,3169.9,427.1,8.28,0.886,109.4,463.01,76.2,1,0
106.07,5.8,0.512,0.536,3186.6,369.4,13.56,2.568,474.71,2719.97,92.4,9,1
59.48,8.25,0.392,0.861,3961.3,168.0,0.04,0.1,135.1,532.72,91.3,7,1
6.74,6.73,0.265,0.68,1442.6,453.5,9.45,2.05,12.37,26.45,97.1,5,0
57.01,10.2,0.229,0.821,3854.0,38.3,6.19,2.911,254.72,1101.31,65.3,7,1
14.16,9.26,0.951,0.808,2206.5,25.8,7.58,0.815,53.41,176.4,52.2,3,0
77.89,1.17,0.988,0.272,3354.2,64.6,11.16,0.158,159.88,817.38,55.2,3,0
23.51,11.98,0.14,0.685,2284.0,59.1,3.41,3.42,81.16,314.87,78.6,1,1
36.72,9.15,0.235,0.28,4743.6,44.8,3.07,0.306,167.21,830.28,76.5,5,0
86.4,10.43,0.481,0.625,904.7,331.0,10.55,0.927,150.63,848.82,64.9,7,1
5.05,7.99,0.268,0.71,3378.3,300.8,7.82,2.457,9.06,31.24,62.4,3,0
8.9,10.35,0.427,0.998,2886.9,324.2,3.5,3.396,21.87,130.3,85.5,5,1
19.57,1.79,0.216,0.127,871.9,344.5,7.26,3.967,74.05,192.47,67.0,10,0
76.34,4.5,0.511,0.182,339.4,378.7,6.89,1.512,162.08,741.63,80.2,1,0
13.18,10.58,0.345,0.169,3997.7,104.4,10.37,1.292,57.42,122.82,85.6,7,1
59.13,2.82,0.417,0.459,795.7,311.5,0.04,3.772,243.98,695.89,71.5,11,0
24.21,1.4,0.185,0.839,940.7,290.4,8.8,1.656,83.85,380.27,59.7,8,0
59.31,9.56,0.485,0.86,4892.4,471.9,9.09,1.729,113.06,247.01,93.0,8,1
82.01,10.11,0.985,0.763,3589.1,117.0,11.18,1.138,406.66,978.9,54.7,1,1
23.79,2.37,0.396,0.907,1259.9,30.3,13.34,0.933,76.49,242.0,91.5,4,0
25.6,10.32,0.889,0.391,2958.8,327.1,6.6,1.31,78.91,339.5,91.8,9,0
80.39,8.4,0.859,0.179,2675.2,370.3,5.14,0.908,400.69,826.99,78.5,2,0
25.44,6.48,0.957,0.152,4223.9,142.3,1.53,0.842,115.08,452.21,81.5,1,0
26.4,10.05,0.811,0.867,3649.3,285.9,5.05,10.123,81.77,368.23,67.9,6,1
46.66,5.32,0.694,0.757,4160.3,30.7,1.03,0.82,138.4,499.63,92.1,11,0
55.72,2.73,0.871,0.729,1065.4,480.1,12.04,0.592,102.29,232.25,63.2,11,0
22.16,3.78,0.168,0.406,3204.7,55.9,12.11,0.874,105.08,466.94,78.0,1,0
41.21,6.31,0.517,0.442,210.8,34.7,6.26,1.787,183.5,811.67,50.1,6,0
47.09,6.61,0.99,0.962,354.0,23.0,3.89,4.838,121.73,489.87,97.0,1,0
16.96,9.76,0.793,0.157,3570.5,214.2,1.77,3.101,70.16,334.86,97.4,6,0
55.87,9.6,0.966,0.796,131.9,49.5,12.77,3.693,232.96,659.57,85.5,9,0
5.62,7.19,0.802,0.379,2903.0,372.6,13.16,3.918,12.91,60.87,71.2,5,0
42.06,9.48,0.887,0.135,4203.6,449.5,3.99,5.065,153.44,405.98,58.9,4,0
55.64,2.71,0.736,0.768,1905.9,130.8,9.33,0.536,133.13,475.36,74.6,8,0
28.01,1.08,0.784,0.398,233.8,314.8,3.88,1.226,119.45,271.19,89.6,4,0
45.97,10.55,0.571,0.75,3572.1,22.1,3.38,0.973,93.69,494.38,80.3,4,1
6.3,1.37,0.932,0.737,4649.1,193.9,0.32,0.962,24.22,100.57,76.4,11,0
32.77,3.34,0.843,0.581,3588.7,147.2,8.66,2.113,86.54,509.24,92.5,9,0
61.36,8.5,0.859,0.8,2896.5,115.1,2.25,1.028,99.81,575.81,65.7,1,0
45.49,5.21,0.706,0.623,1157.8,322.7,0.19,1.916,87.94,527.12,93.0,12,0
19.47,10.58,0.374,0.358,86.7,66.0,1.57,0.963,73.84,177.59,72.0,3,0
47.85,3.93,0.132,0.761,3476.4,430.5,4.71,0.745,111.95,495.52,50.1,11,0
65.01,0.64,0.942,0.63,1162.8,332.8,10.04,0.871,241.1,875.28,86.6,4,0
31.75,3.96,0.628,0.111,4292.2,355.7,3.04,3.257,93.72,387.11,93.9,8,0
80.57,7.15,0.368,0.911,2337.2,467.7,13.31,1.838,316.19,1022.89,74.2,1,0
28.23,4.82,0.234,0.591,2657.9,471.2,4.33,7.299,91.05,199.62,72.7,3,0
54.89,6.65,0.847,0.882,3772.1,276.3,4.97,3.575,141.62,684.15,90.3,2,0
81.9,10.58,0.853,0.894,3899.4,248.2,3.27,1.33,164.66,965.42,94.2,6,1
8.01,10.99,0.833,0.5,3216.8,168.4,3.81,0.555,21.57,89.09,98.7,12,0
15.17,3.56,0.681,0.557,4692.8,358.1,1.11,2.241,56.46,187.36,67.3,9,0
29.9,5.81,0.429,0.474,4911.7,269.6,4.42,2.594,122.34,703.86,79.7,10,0
12.57,6.82,0.374,0.504,4735.0,466.5,12.89,1.248,25.91,89.6,91.1,9,0
100.72,11.41,0.108,0.906,4122.7,120.1,10.33,0.523,385.26,2179.85,76.6,10,1
10.01,11.98,0.85,0.809,3531.1,155.8,13.13,1.629,21.3,115.52,73.1,5,0
20.56,3.21,0.179,0.214,3320.0,158.7,1.57,0.586,46.79,192.54,78.6,3,0
47.15,8.86,0.668,0.649,527.7,403.2,6.83,5.627,158.42,745.75,67.8,8,0
2.08,4.85,0.554,0.996,1364.7,50.4,3.44,1.982,5.21,25.03,59.6,9,0
26.15,0.59,0.574,0.636,38.4,228.4,10.82,0.69,99.78,455.44,53.3,9,0
51.11,0.61,0.934,0.807,695.7,214.4,14.55,0.486,247.64,654.52,80.5,11,0
28.35,5.8,0.128,0.792,2201.8,37.5,12.23,2.523,57.3,273.38,69.0,1,0
36.73,6.12,0.796,0.415,741.2,206.0,0.53,2.461,128.44,258.54,94.1,12,0
21.47,0.76,0.147,0.435,4509.3,257.2,4.75,1.818,101.6,491.77,61.1,10,0
13.01,8.4,0.134,0.752,4030.4,33.5,0.43,1.905,27.55,116.23,65.5,5,0
51.26,3.88,0.487,0.55,367.3,255.4,0.6,1.852,142.69,433.66,98.5,10,0
101.42,6.94,0.157,0.614,1252.1,479.7,1.19,0.893,196.02,1022.23,77.8,12,0
40.64,3.96,0.81,0.742,4097.2,489.5,4.14,5.542,152.3,551.49,67.3,9,0
47.88,2.42,0.577,0.8,4017.2,266.3,4.56,1.305,183.97,725.42,93.0,11,0
64.25,5.18,0.126,0.344,4727.8,258.0,6.01,0.1,245.72,518.63,87.2,3,0
4.43,3.17,0.136,0.232,4987.8,143.5,6.07,0.857,15.04,54.22,78.7,7,0
99.59,6.65,0.651,0.363,4881.6,498.6,11.57,0.279,409.5,1093.13,94.5,9,1
47.08,2.79,0.826,0.557,2056.6,137.8,2.12,0.903,76.53,237.61,54.7,2,0
97.11,6.35,0.494,0.408,1259.1,227.0,2.37,1.874,471.13,1417.43,69.7,2,0
14.34,2.31,0.599,0.612,3794.5,2.5,9.4,0.1,32.67,71.34,90.5,5,0
103.63,8.22,0.82,0.148,1503.4,175.3,8.58,4.084,199.54,766.63,69.3,8,1
67.13,9.17,0.649,0.559,4033.9,36.6,2.31,1.885,321.82,1316.37,96.3,10,1
59.36,1.77,0.302,0.431,2674.4,372.2,12.78,0.7,261.56,1120.57,57.6,5,0
48.19,5.88,0.652,0.581,3971.7,280.9,4.94,0.746,201.3,774.76,66.8,8,0
31.3,1.32,0.665,0.48,1386.6,286.5,5.5,1.253,58.43,320.07,71.3,4,0
82.02,7.38,0.761,0.356,2545.1,144.0,6.31,0.57,354.84,763.16,84.3,9,0
44.91,3.54,0.659,0.914,2824.5,407.6,4.84,0.1,163.1,726.67,59.8,4,0
28.85,6.57,0.972,0.266,4716.1,2.6,8.36,0.1,117.17,640.27,50.5,5,0
0.9,6.45,0.278,0.713,1340.3,167.5,5.83,0.886,4.42,9.57,98.8,12,0
33.5,11.13,0.956,0.932,4684.1,330.1,3.89,0.265,73.04,291.07,94.9,12,1
50.85,6.81,0.585,0.585,4026.2,454.1,13.57,0.1,166.04,723.3,65.0,12,0
38.02,7.2,0.705,0.889,3657.2,118.1,4.63,3.922,157.28,434.65,74.2,7,1
82.66,5.12,0.19,0.212,3936.5,271.0,10.48,0.641,249.46,750.88,74.4,9,0
28.29,11.41,0.443,0.544,3031.1,269.5,5.21,1.399,47.84,246.03,93.5,5,0
45.03,9.44,0.792,0.511,1228.0,437.2,6.53,0.395,85.1,363.34,79.9,7,0
23.63,3.78,0.736,0.107,955.6,26.2,3.54,0.1,85.24,278.14,91.3,4,0
66.59,10.21,0.136,0.499,4333.0,212.8,11.28,2.732,166.31,841.36,95.6,2,1
36.69,5.47,0.592,0.432,3628.4,92.1,11.06,0.267,72.74,362.76,78.3,2,0
54.69,10.03,0.179,0.703,1073.9,11.7,0.33,0.1,147.09,497.39,64.3,5,1
9.76,9.96,0.996,0.944,3079.3,74.4,0.9,1.77,21.51,85.08,74.9,2,0
84.78,2.67,0.908,0.177,2243.3,488.3,13.84,0.1,134.28,625.47,92.5,2,0
76.46,8.56,0.119,0.395,801.7,108.2,13.33,1.146,155.32,523.89,79.2,2,0
60.42,3.84,0.873,0.5,2664.0,467.6,7.59,0.682,277.39,1252.72,94.8,4,0
35.47,3.92,0.927,0.51,1414.8,103.4,7.4,0.77,54.69,164.32,94.8,8,0
60.3,3.91,0.418,0.797,490.3,465.7,12.19,0.1,253.75,803.9,68.7,7,0
15.26,8.84,0.748,0.499,2340.1,327.7,2.08,6.668,63.13,204.7,72.4,5,0
69.94,3.14,0.498,0.124,2954.6,57.5,9.81,1.455,243.05,1396.1,83.9,7,0
97.73,0.51,0.69,0.739,244.1,291.4,7.14,1.7,217.9,1162.43,55.6,6,0
77.47,8.73,0.406,0.896,2016.4,159.9,11.15,2.194,354.29,1509.52,73.3,8,1
14.46,2.47,0.39,0.563,1295.7,192.2,0.45,3.194,45.75,194.67,57.5,8,0
52.65,1.7,0.482,0.623,162.9,220.6,8.89,1.873,110.89,246.69,92.4,7,0
5.26,3.23,0.231,0.247,637.1,211.9,8.35,2.873,15.79,72.59,97.1,5,0
60.03,4.87,0.848,0.299,703.8,332.4,12.61,1.191,131.01,433.95,57.1,6,0
55.77,5.97,0.414,0.312,922.5,384.4,10.15,0.928,157.05,698.76,83.4,11,0
25.44,1.01,0.46,0.488,4018.9,165.3,13.2,3.465,82.4,441.72,81.8,11,0
0.66,11.66,0.905,0.935,2203.1,462.3,13.31,4.01,1.83,3.99,88.0,10,0
30.09,8.73,0.547,0.57,744.0,469.3,6.12,0.297,114.33,506.29,84.8,8,0
29.47,4.22,0.59,0.273,510.5,21.3,2.06,1.565,140.74,599.1,60.9,7,0
2.33,4.17,0.961,0.339,1496.7,8.4,9.45,2.302,6.34,17.92,64.6,5,0
53.61,5.66,0.898,0.446,3992.1,213.1,13.11,0.175,147.18,674.91,58.3,10,0
48.8,7.7,0.253,0.661,1828.7,295.7,1.12,5.307,199.31,840.95,96.1,8,1
33.2,2.18,0.526,0.496,807.9,139.7,8.37,1.468,111.46,565.0,76.1,4,0
13.55,2.67,0.974,0.453,2026.5,130.4,1.72,2.074,40.65,99.3,98.8,6,0
76.7,10.38,0.435,0.608,2781.0,339.5,0.4,0.393,333.54,1258.91,72.5,4,0
97.94,3.45,0.434,0.318,157.6,301.3,10.19,0.614,452.34,2710.33,77.6,12,0
23.08,4.87,0.276,0.171,3141.9,84.4,10.23,0.258,82.31,391.56,89.5,5,0
18.57,10.52,0.203,0.122,1981.6,442.4,9.01,0.613,39.89,188.99,89.9,10,0
57.19,8.13,0.766,0.326,58.5,340.3,12.89,1.356,179.13,586.01,61.6,3,0
27.47,4.43,0.793,0.182,3372.7,181.9,1.21,3.587,89.69,213.07,64.4,2,0
35.12,8.36,0.972,0.403,3564.8,342.1,1.58,1.526,105.81,613.49,54.9,11,0
65.89,0.73,0.796,0.796,3147.9,57.2,12.97,0.561,159.35,385.93,90.3,1,0
26.83,8.96,0.319,0.745,1716.2,234.7,7.55,0.1,84.59,505.07,89.7,3,0
86.14,6.1,0.136,0.65,2652.7,85.3,4.1,1.946,263.84,660.43,54.1,11,1
42.54,9.85,0.987,0.867,1941.9,21.7,11.07,1.09,95.01,254.97,62.9,1,0
25.6,11.48,0.406,0.354,3506.1,169.8,13.42,8.315,119.34,385.87,72.5,6,1
36.88,11.15,0.381,0.897,2922.1,76.2,10.34,3.026,169.59,686.74,77.1,11,1
38.69,10.96,0.915,0.459,418.2,317.1,11.88,3.304,160.88,830.39,76.1,2,0
20.59,6.39,0.627,0.461,3219.0,337.4,4.24,0.1,59.79,351.78,99.2,3,0
92.32,4.64,0.293,0.465,3439.3,75.2,4.33,3.008,258.15,886.83,88.2,8,1
41.45,5.85,0.9,0.188,1859.8,13.3,12.96,0.433,166.1,345.77,55.7,5,0
55.51,8.43,0.994,0.978,4380.2,396.6,9.22,1.763,201.4,899.58,64.7,12,0
73.3,10.67,0.178,0.225,4216.6,2.0,3.51,1.186,264.05,1278.83,67.3,2,1
4.26,2.88,0.876,0.407,884.1,172.6,7.86,1.695,8.24,29.58,65.8,2,0
56.57,11.06,0.451,0.387,4522.3,247.8,10.29,0.286,207.28,566.68,89.3,3,0
30.63,9.87,0.572,0.167,2210.0,409.5,3.28,1.221,142.64,459.88,68.0,3,0
69.64,11.76,0.923,0.237,3621.5,419.4,9.82,0.1,125.37,579.62,74.6,8,1
34.45,10.62,0.976,0.14,4072.3,362.7,0.63,0.1,92.58,368.16,76.7,5,0
36.53,3.72,0.336,0.363,2530.5,124.4,4.56,2.144,119.88,596.25,63.5,8,0
18.9,1.72,0.292,0.88,2001.5,360.4,10.11,6.061,73.73,211.82,66.1,4,0
55.13,1.79,0.172,0.405,4578.1,124.0,2.24,3.005,99.99,536.74,89.0,9,0
56.45,3.85,0.606,0.211,1162.0,108.1,3.33,1.267,257.13,674.58,93.3,3,0
15.23,7.56,0.112,0.681,1292.3,274.0,13.19,0.115,25.01,83.03,51.9,2,0
15.07,9.75,0.471,0.997,1814.5,339.7,10.11,0.1,67.86,296.2,80.3,6,0
36.13,10.84,0.166,0.309,4298.7,27.5,7.48,0.344,57.69,285.4,81.7,11,1
8.62,7.67,0.465,0.352,4694.6,31.0,3.16,7.444,17.56,53.81,86.9,4,0
69.47,0.56,0.136,0.975,1108.1,392.3,5.12,1.017,298.8,1730.78,84.7,2,0
27.08,2.64,0.852,0.261,4320.7,429.9,8.61,3.708,122.14,589.24,93.9,6,0
61.74,1.65,0.289,0.56,1298.4,302.6,2.33,2.443,304.89,875.25,53.9,4,0
26.88,4.68,0.395,0.316,4853.5,215.0,7.23,1.86,51.21,251.08,69.4,10,0
3.65,6.27,0.883,0.939,2991.1,422.8,6.13,5.906,12.2,58.4,89.1,11,0
17.09,1.0,0.772,0.983,45.4,364.7,7.15,0.524,30.26,151.62,92.3,4,0
3.31,4.51,0.297,0.833,180.3,290.2,1.58,1.214,6.78,38.38,63.2,10,0
43.83,2.56,0.165,0.383,745.9,160.6,1.6,4.001,92.51,448.39,79.3,4,0
86.5,7.94,0.744,0.463,946.0,99.8,14.46,1.605,148.94,507.55,59.0,4,0
50.96,5.84,0.452,0.318,3840.4,209.9,14.69,0.566,235.72,1216.8,92.5,8,0
18.77,6.2,0.789,0.902,1121.6,144.1,6.39,0.469,36.46,174.41,86.5,1,0
55.96,5.42,0.501,0.923,4846.0,170.3,11.83,2.796,207.19,890.3,61.1,9,1
23.93,11.49,0.411,0.477,3184.2,258.3,9.84,0.1,88.31,301.61,81.2,3,0
15.69,2.97,0.506,0.691,3465.7,85.4,1.75,4.911,34.44,195.77,75.5,5,0
0.4,6.44,0.774,0.249,1096.9,403.3,4.45,0.1,2.01,8.15,62.9,5,0
21.31,8.96,0.912,0.491,4464.6,73.6,4.7,1.994,57.88,261.2,94.7,4,0
26.35,6.9,0.145,0.668,3342.4,241.0,8.94,1.856,123.01,450.39,57.4,4,0
45.53,11.18,0.572,0.447,4323.4,373.2,8.7,1.727,219.42,1124.14,73.4,7,1
36.62,4.85,0.13,0.422,4782.8,243.0,13.85,1.286,176.55,593.95,79.1,4,0
25.44,5.83,0.522,0.101,636.9,181.2,11.85,3.827,105.2,551.5,91.2,10,0
6.9,1.52,0.897,0.824,492.0,238.0,12.85,2.154,16.48,40.07,57.5,3,0
61.29,7.5,0.425,0.9,4019.0,424.5,13.37,3.045,117.81,569.73,80.5,11,0
6.1,3.81,0.939,0.973,4332.0,495.2,12.02,0.246,21.32,83.29,50.3,9,0
67.16,2.34,0.668,0.747,2923.0,315.9,4.99,0.102,185.37,888.87,91.1,4,0
4.92,6.76,0.941,0.594,1836.3,396.9,3.23,0.1,21.7,89.53,61.7,4,0
13.66,6.62,0.781,0.342,3266.6,8.2,8.58,0.318,56.13,142.41,86.0,10,0
11.34,1.37,0.193,0.999,1535.3,440.3,10.34,2.199,27.98,109.33,80.1,12,0
22.45,8.53,0.308,0.631,1199.5,477.1,5.8,1.363,35.01,205.12,52.5,8,0
74.14,7.67,0.455,0.713,2445.8,288.0,12.73,2.791,172.78,867.25,59.2,12,1
58.05,2.67,0.253,0.714,1088.6,377.1,14.41,0.426,202.29,647.48,63.4,11,0
74.24,5.9,0.545,0.861,2423.7,256.9,8.54,0.914,131.9,761.89,94.3,7,1
58.27,8.78,0.524,0.109,4783.5,143.8,6.85,4.387,221.68,1134.04,74.0,4,0
1.37,6.59,0.961,0.298,4200.5,426.3,12.64,5.489,5.28,18.26,95.7,8,0
28.42,5.05,0.49,0.699,4708.7,298.8,0.36,5.095,59.48,262.58,52.4,10,0
12.69,4.21,0.807,0.906,4033.6,290.1,1.94,3.411,45.53,168.77,50.3,2,0
86.57,7.52,0.948,0.717,1780.2,329.9,12.68,2.331,313.76,748.88,97.4,9,1
1.89,11.3,0.889,0.472,4062.1,428.1,10.98,4.899,5.99,31.29,86.2,2,0
71.28,8.23,0.288,0.425,4615.3,366.2,6.24,2.505,344.73,952.95,89.2,10,0
71.25,1.36,0.546,0.764,4735.7,106.4,13.33,6.155,133.85,512.95,95.8,3,0
104.04,5.8,0.413,0.767,3419.2,233.9,5.27,0.1,304.12,1462.98,99.2,6,1
25.66,10.74,0.46,0.646,1064.7,490.2,9.51,5.093,117.79,674.8,54.9,7,0
64.93,1.59,0.425,0.362,208.2,277.7,9.52,1.623,185.19,416.85,57.9,9,0
119.86,11.87,0.844,0.933,744.5,469.2,2.76,0.237,357.92,1278.84,59.4,8,1
18.38,11.41,0.507,0.597,4828.1,406.9,4.27,0.484,70.57,314.64,90.9,11,0
13.73,1.4,0.571,0.811,2315.9,333.3,13.74,3.823,52.56,268.99,67.8,6,0
25.8,11.23,0.984,0.293,4276.4,175.3,2.75,1.411,40.77,231.72,79.7,8,0
64.94,4.68,0.154,0.41,2330.6,152.9,2.6,8.128,201.0,402.4,92.8,11,0
25.91,10.21,0.539,0.887,3307.5,322.1,7.19,0.25,69.11,311.76,84.2,11,0
26.97,5.31,0.797,0.145,130.5,216.8,1.38,1.064,99.7,202.17,53.3,5,0
55.31,5.57,0.236,0.561,1256.8,399.6,13.42,0.807,190.53,981.03,72.3,10,0
46.48,7.79,0.65,0.534,2187.0,380.5,1.5,1.452,175.61,456.34,53.4,10,0
54.89,9.41,0.316,0.776,3156.8,156.8,9.25,2.007,207.94,1159.97,73.9,12,0
47.78,0.89,0.881,0.354,865.9,351.7,5.1,2.167,114.29,299.5,61.0,12,0
84.76,7.32,0.394,0.297,3825.1,247.8,12.06,0.1,200.26,1012.76,50.1,9,1
6.67,2.65,0.396,0.934,1828.4,162.3,8.85,0.186,18.65,58.87,90.7,4,0
16.31,4.48,0.638,0.615,4089.0,207.1,5.82,0.1,38.27,161.83,98.5,1,0
12.96,4.5,0.265,0.194,498.9,447.8,14.76,3.999,50.4,223.46,98.2,8,0
69.06,5.89,0.356,0.274,3402.0,180.4,0.99,0.752,249.3,704.77,65.0,5,0
71.51,4.34,0.475,0.999,1473.7,144.4,8.67,0.915,161.43,515.74,91.4,9,1
55.79,1.73,0.418,0.276,3979.0,176.6,14.84,1.197,256.33,622.9,83.9,3,0
81.42,2.17,0.572,0.649,2016.8,108.1,10.36,3.785,253.41,512.19,90.0,9,0
1.23,0.88,0.64,0.478,3330.1,272.8,11.1,0.1,2.39,7.08,92.3,8,0
98.35,5.91,0.61,0.897,4672.2,74.6,0.48,0.253,220.84,897.49,99.0,6,1
93.31,11.48,0.689,0.78,112.9,408.9,0.32,2.311,316.28,1535.36,57.6,11,0
65.75,1.83,0.377,0.637,65.5,113.6,0.54,6.643,176.5,913.23,88.5,10,0
102.36,11.38,0.214,0.11,3853.7,299.4,14.88,2.059,458.51,1044.98,86.7,10,1
17.98,8.93,0.785,0.892,3235.5,63.4,14.69,0.605,58.11,179.54,64.4,11,0
21.64,7.83,0.866,0.5,1472.0,489.2,5.02,1.467,101.8,517.26,69.6,8,0
14.26,7.92,0.331,0.938,2477.0,227.8,4.36,7.376,26.48,103.89,58.8,8,0
65.25,10.01,0.466,0.546,219.3,411.3,2.19,1.502,250.57,683.75,95.7,7,1
3.25,1.73,0.549,0.725,970.3,384.6,4.94,0.935,14.93,53.28,94.0,7,0
66.51,6.3,0.58,0.162,2128.2,357.1,5.55,0.967,167.96,517.34,80.7,3,0
87.97,8.52,0.694,0.771,4171.9,413.9,11.22,6.825,173.73,382.66,75.6,7,1
64.33,7.25,0.137,0.404,2403.5,51.1,12.99,2.538,199.32,1007.45,61.6,12,0
49.93,10.08,0.749,0.416,2935.9,339.6,11.2,2.324,242.9,769.21,89.5,3,0
5.42,1.33,0.156,0.207,4370.0,133.6,9.7,0.528,20.16,116.55,50.4,11,0
10.36,8.44,0.521,0.232,1551.0,393.1,11.49,1.64,38.89,215.94,73.1,9,0
83.74,6.64,0.845,0.267,3506.5,478.5,11.08,0.882,322.41,1568.55,93.0,11,0
67.28,4.86,0.506,0.395,4309.7,450.8,7.14,0.549,110.28,364.64,80.9,5,0
38.63,4.41,0.234,0.903,1021.1,58.4,5.04,4.518,118.21,368.79,81.8,11,0
25.37,7.64,0.987,0.431,1788.8,185.4,4.24,0.966,44.95,175.35,53.5,8,0
30.9,10.75,0.9,0.752,4899.3,182.8,10.19,0.665,80.52,275.25,64.3,12,0
2.52,6.21,0.794,0.174,4916.3,62.0,14.39,5.368,11.03,61.8,83.7,3,0
106.9,9.98,0.47,0.632,1123.9,50.0,8.72,0.44,405.89,1012.29,52.5,3,1
4.82,5.12,0.265,0.534,341.6,193.1,13.69,2.737,24.01,117.57,66.5,3,0
46.63,1.68,0.947,0.98,1361.9,496.0,0.21,2.115,98.05,435.67,67.7,8,0
75.26,1.21,0.579,0.862,1994.7,284.9,11.92,5.064,217.48,1136.38,74.9,9,0
3.92,1.09,0.867,0.509,2210.6,311.3,12.8,3.568,17.0,70.88,68.1,7,0
46.46,4.87,0.408,0.798,3097.8,236.0,9.46,2.444,104.77,473.39,72.7,1,0
72.83,4.38,0.402,0.274,4498.5,331.5,14.01,0.755,148.42,868.42,77.3,6,1
40.44,8.76,0.987,0.606,1658.4,478.4,8.85,1.369,121.18,286.93,56.4,3,0
140.39,9.04,0.57,0.167,4251.4,294.8,3.61,5.783,399.15,965.72,59.0,1,0
18.4,1.08,0.227,0.413,476.5,33.5,3.24,0.1,90.73,324.31,91.6,10,0
77.06,3.04,0.298,0.303,219.0,247.0,8.34,3.163,238.63,928.5,73.0,2,0
33.95,3.65,0.534,0.747,2525.2,496.4,13.6,0.58,153.24,428.98,67.8,12,0
67.02,6.8,0.138,0.541,307.7,194.3,1.09,0.409,308.81,719.73,71.7,3,0
55.45,2.16,0.516,0.776,1968.5,297.3,9.07,0.529,113.81,237.71,58.7,7,0
14.34,2.04,0.477,0.564,4484.9,54.2,11.55,0.123,57.41,290.4,62.0,6,0
48.01,11.35,0.801,0.178,1215.0,71.4,1.73,9.652,118.67,467.61,75.8,2,0
25.03,9.75,0.419,0.762,3532.8,437.5,1.75,4.078,45.84,246.32,67.9,12,0
61.11,2.58,0.984,0.85,1518.8,150.9,5.49,1.472,278.77,959.9,73.8,5,0
50.44,5.18,0.263,0.913,234.2,153.4,4.11,2.511,127.27,612.67,57.5,1,0
62.35,4.59,0.632,0.615,2787.9,194.2,2.97,1.627,168.9,667.85,57.8,3,0
77.03,9.6,0.181,0.778,4175.9,483.3,2.98,3.338,202.9,902.58,69.2,1,1
52.87,6.37,0.76,0.777,2053.2,43.1,1.96,3.726,116.36,405.03,68.9,3,0
45.18,1.97,0.995,0.24,3090.3,409.6,9.16,0.53,136.49,317.29,94.2,2,0
9.16,9.0,0.837,0.248,4501.1,171.4,10.32,1.231,27.48,159.09,51.7,4,0
15.07,5.06,0.6,0.164,3950.6,424.9,10.54,2.015,44.17,236.07,99.6,5,0
81.54,3.52,0.536,0.388,977.4,495.9,7.99,7.674,383.79,1246.39,97.8,3,0
90.27,4.82,0.852,0.526,3669.6,175.0,14.29,2.296,242.75,1416.42,77.1,10,0
31.67,6.22,0.942,0.998,2514.4,65.5,13.21,4.558,50.87,162.87,85.9,5,0
41.61,4.45,0.99,0.488,3732.4,73.0,14.36,3.743,88.4,333.45,96.8,11,0
8.34,3.28,0.457,0.754,2477.6,379.6,5.83,1.745,33.56,168.51,62.6,7,0
81.05,5.08,0.992,0.724,648.5,73.3,13.17,4.482,289.17,935.77,65.8,10,0
63.29,0.72,0.24,0.284,2853.8,131.0,11.44,0.948,305.76,1008.39,55.5,9,0
107.94,9.38,0.328,0.153,2465.7,103.0,5.1,0.954,424.27,1544.49,78.2,8,1
9.26,2.47,0.18,0.591,2594.4,178.5,1.6,3.037,20.18,78.18,58.0,12,0
26.77,1.0,0.345,0.73,4395.7,38.1,10.24,0.289,51.46,128.36,96.5,12,0
48.1,8.02,0.791,0.998,4475.2,428.5,2.05,0.73,159.82,330.83,71.6,6,1
62.63,9.4,0.868,0.423,2273.2,430.2,4.41,1.876,239.76,1361.05,96.0,9,0
32.45,9.86,0.801,0.907,2284.1,207.1,7.51,1.09,67.49,230.33,60.3,8,1
9.45,6.18,0.668,0.444,2580.8,306.4,10.2,5.651,34.06,81.98,84.7,12,0
70.85,2.86,0.563,0.72,2602.8,321.3,13.89,6.364,320.78,1615.65,82.4,4,0
65.24,8.98,0.738,0.638,4752.4,374.9,8.9,1.397,263.99,839.56,70.0,11,0
7.93,8.55,0.452,0.148,3250.5,260.8,10.07,1.549,30.33,82.7,94.9,2,0
87.44,3.33,0.857,0.171,1394.5,255.7,4.65,2.579,372.73,2180.63,71.7,9,0
80.96,10.89,0.709,0.119,2662.4,316.0,10.31,1.222,150.93,857.59,59.9,6,1
44.7,1.7,0.728,0.434,3139.8,351.8,6.57,0.422,98.94,239.73,98.8,10,0
42.79,11.8,0.582,0.771,3202.5,174.0,12.85,2.748,69.88,391.15,72.1,8,1
59.39,10.39,0.897,0.255,2930.4,165.9,5.89,2.677,119.22,663.3,60.4,8,0
9.84,8.41,0.327,0.645,896.9,135.6,7.02,0.562,46.21,209.69,68.2,4,0
41.05,11.3,0.443,0.36,177.6,274.9,6.49,3.579,93.49,385.1,80.7,10,0
35.33,8.81,0.8,0.817,1695.8,180.7,12.17,1.902,134.88,387.07,75.6,5,0
70.68,2.69,0.543,0.819,2143.3,270.6,14.31,0.539,277.08,688.7,81.8,1,0
14.65,5.58,0.9,0.798,318.4,203.6,4.91,2.111,55.07,243.72,83.1,9,0
92.62,1.32,0.412,0.572,4076.7,418.5,7.13,0.532,318.49,1684.14,56.2,7,0
28.45,4.98,0.432,0.356,1726.9,37.5,10.59,0.616,91.07,432.99,65.7,1,0
32.59,9.03,0.9,0.828,4569.0,286.5,13.43,3.768,96.79,263.57,87.4,11,0
18.03,4.94,0.518,0.267,780.5,288.2,7.41,5.304,84.9,268.3,82.5,10,0
29.92,4.3,0.565,0.361,294.1,192.5,1.63,0.594,45.87,192.01,54.4,10,0
89.65,7.35,0.399,0.266,2416.8,211.1,5.53,5.264,151.26,680.65,65.8,3,0
47.07,10.53,0.349,0.707,953.8,400.3,8.26,0.546,151.75,347.37,96.6,9,1
84.69,1.05,0.69,0.718,4687.6,141.1,6.26,0.249,225.01,1002.71,93.1,11,0
51.83,4.93,0.208,0.687,61.4,435.8,2.8,0.12,151.8,750.71,83.5,11,0
2.25,2.32,0.891,0.474,2069.0,448.3,0.55,0.554,11.21,30.56,53.6,12,0
2.36,8.5,0.801,0.19,4634.5,325.7,10.31,0.973,9.96,29.73,80.4,1,0
98.67,1.72,0.272,0.92,1928.2,386.7,14.89,5.25,451.03,1369.14,50.6,6,0
6.91,8.15,0.725,0.557,474.6,306.9,13.79,0.555,19.27,110.99,83.1,5,0
0.37,3.79,0.642,0.466,1521.4,263.1,10.25,0.91,0.86,3.12,86.6,4,0
79.81,2.79,0.266,0.63,2495.1,483.4,12.62,2.65,334.22,1377.77,74.9,1,0
51.85,11.27,0.346,0.274,933.9,142.0,3.84,0.719,224.33,1098.59,50.2,7,1
7.17,0.71,0.468,0.219,2338.1,77.9,9.34,2.306,24.56,85.62,83.3,1,0
47.58,5.53,0.729,0.465,4183.4,144.5,0.91,1.132,220.58,534.29,91.0,1,0
4.1,0.75,0.675,0.304,4364.4,307.7,10.61,0.437,20.02,92.46,79.3,2,0
78.53,6.06,0.579,0.32,255.8,93.4,14.55,2.649,247.25,1154.45,85.5,9,1
77.15,6.26,0.792,0.903,812.9,454.5,12.91,0.1,175.85,534.96,54.5,1,0
58.62,4.2,0.782,0.578,1383.7,206.1,8.02,0.692,194.03,415.4,85.8,8,0
52.66,2.02,0.656,0.535,2978.4,425.1,11.83,0.881,261.36,1218.31,80.7,1,0
101.64,4.83,0.808,0.721,1811.4,125.4,14.16,1.226,256.67,1235.53,66.6,11,0
39.99,8.23,0.401,0.956,4221.8,157.3,3.24,2.278,146.42,308.11,84.3,1,1
1.37,9.5,0.893,0.201,3586.2,30.6,11.9,1.23,5.37,25.61,82.3,9,0
55.73,6.6,0.653,0.85,511.3,129.6,4.05,1.804,125.33,721.34,80.0,8,1
113.01,7.28,0.84,0.626,3126.5,245.7,13.15,1.812,402.28,1092.24,59.1,1,0
4.48,2.81,0.592,0.232,573.9,473.1,1.48,0.934,11.66,47.64,64.8,7,0
27.35,3.8,0.297,0.367,1282.6,195.1,2.67,5.435,122.79,587.8,99.6,8,0
54.58,2.36,0.588,0.534,897.6,320.2,10.81,6.24,218.39,637.77,71.7,2,0
38.11,3.37,0.434,0.722,873.6,214.4,2.62,1.744,167.39,837.99,53.0,4,0
5.62,3.09,0.728,0.318,3085.8,24.3,2.37,0.149,12.36,67.62,95.0,2,0
79.27,6.47,0.528,0.581,2822.4,252.3,8.33,1.351,128.49,675.62,58.6,6,1
121.2,6.97,0.853,0.716,888.4,33.9,12.52,0.408,542.6,1647.11,70.2,5,0
46.86,11.37,0.71,0.504,4951.0,442.0,4.03,1.32,133.73,697.68,63.9,11,0
8.36,2.75,0.716,0.877,2115.0,376.8,12.62,0.418,17.79,65.01,98.2,11,0
14.21,7.88,0.295,0.883,494.4,189.9,12.12,2.434,25.89,79.38,68.9,5,0
49.03,9.9,0.986,0.524,611.6,320.5,8.69,0.168,162.18,433.32,85.4,12,0
78.64,6.94,0.858,0.976,2923.6,56.9,9.7,6.128,159.27,897.65,79.9,8,1
56.63,3.43,0.81,0.168,4895.6,351.6,0.61,0.435,197.27,731.39,52.1,12,0
39.92,3.52,0.397,0.103,2864.0,411.5,5.51,2.161,161.48,882.17,69.2,1,0
19.38,0.95,0.582,0.443,4745.7,411.1,3.95,4.977,65.35,172.4,69.5,10,0
1.77,4.01,0.223,0.641,2226.2,142.9,2.25,0.57,8.27,41.93,99.5,2,0
69.22,9.06,0.585,0.666,2184.8,132.6,5.84,5.445,141.51,345.3,90.6,1,1
71.98,1.05,0.231,0.529,2505.0,261.2,5.32,0.984,232.42,481.17,92.8,4,0
14.1,3.02,0.598,0.212,3490.2,483.9,10.93,6.464,29.2,174.65,65.7,2,0
95.64,8.62,0.684,0.253,1844.4,460.3,8.97,7.106,436.68,1001.81,66.5,10,0
60.09,9.5,0.451,0.867,4320.8,180.5,13.7,0.417,286.21,1100.81,75.8,11,1
88.99,5.74,0.549,0.881,156.1,390.1,2.18,3.557,258.06,1422.81,81.6,7,0
6.97,8.53,0.888,0.707,2204.4,460.7,0.9,0.43,17.93,94.6,86.4,12,0
7.8,4.96,0.198,0.698,2559.8,131.2,8.02,0.514,19.33,75.11,91.0,5,0
34.79,2.34,0.813,0.638,3039.1,415.3,0.02,0.176,156.85,696.96,93.7,5,0
57.6,5.08,0.254,0.283,1387.6,134.7,11.82,0.34,223.97,1012.08,51.2,1,0
102.87,7.17,0.133,0.485,2143.1,172.3,7.59,2.001,471.37,1149.81,89.8,2,0
64.71,11.4,0.267,0.726,2427.8,100.2,7.32,1.193,123.69,388.33,80.5,5,1
31.51,1.29,0.789,0.584,3437.7,254.0,5.44,3.13,99.75,319.6,76.6,7,0
4.08,6.34,0.465,0.117,3870.0,421.8,5.62,0.807,15.76,55.37,81.4,1,0
83.05,4.28,0.885,0.958,3691.8,264.5,6.47,6.923,385.34,1192.88,94.1,7,0
6.24,6.35,0.572,0.86,1714.5,62.6,0.24,0.102,17.69,53.18,77.3,11,0
97.0,0.78,0.12,0.334,4997.3,126.6,1.25,0.13,251.78,860.89,58.1,12,0
30.05,4.1,0.745,0.655,4244.8,281.9,7.58,2.417,141.08,496.16,71.8,2,0
95.67,9.93,0.199,0.931,1307.5,292.0,2.25,4.37,159.42,629.54,96.2,2,1
63.76,6.87,0.81,0.186,983.6,288.9,11.68,3.174,202.67,546.03,90.7,9,0
35.21,5.68,0.251,0.553,1577.0,39.4,4.12,1.346,109.32,563.36,60.2,8,0
21.82,3.78,0.411,0.511,2267.2,377.1,1.47,0.628,43.89,238.86,85.7,10,0
28.07,3.93,0.785,0.469,4255.5,454.8,3.53,0.1,80.9,242.11,62.8,4,0
54.99,4.91,0.959,0.852,3894.0,255.7,5.36,1.424,221.56,552.41,67.4,5,0
42.7,10.11,0.434,0.443,4257.7,359.7,0.53,1.291,118.88,581.23,73.4,9,1
19.22,11.62,0.846,0.157,1367.1,457.1,2.13,0.844,49.65,282.87,72.0,4,0
34.2,5.54,0.272,0.159,2971.4,321.7,4.86,1.726,144.91,310.18,51.5,10,0
42.75,5.02,0.826,0.138,1423.4,337.5,4.66,2.61,212.06,436.37,88.7,12,0
34.51,10.24,0.692,0.468,554.0,361.0,12.01,2.414,145.88,398.79,92.3,8,0
56.04,5.41,0.273,0.747,3424.1,131.0,12.65,0.611,250.04,1185.0,76.5,5,0
5.71,6.85,0.372,0.283,723.6,291.8,2.9,1.76,27.34,160.19,58.6,1,0
0.37,3.16,0.219,0.682,3341.8,421.2,1.86,0.322,1.58,7.9,62.4,7,0
19.06,9.05,0.445,0.718,3243.3,148.8,9.51,0.259,93.97,403.35,56.3,10,0
22.79,6.62,0.283,0.33,4053.1,448.7,12.07,3.082,93.78,450.33,58.5,11,0
7.44,9.8,0.68,0.641,706.4,310.6,14.46,2.367,28.39,82.97,93.8,11,0
15.18,9.48,0.995,0.716,3919.6,212.2,0.1,2.921,59.62,283.47,74.0,3,0
108.36,2.97,0.111,0.52,4996.4,312.0,6.21,0.331,503.92,1655.78,55.6,7,1
21.59,8.73,0.587,0.403,4256.7,201.5,11.01,4.921,84.01,242.77,62.7,8,0
46.22,9.7,0.616,0.657,3761.5,419.2,12.43,0.286,192.48,567.08,97.5,4,0
54.02,4.48,0.923,0.98,3314.2,241.7,0.93,4.081,121.86,569.24,75.5,11,0
44.59,2.49,0.555,0.484,2114.7,450.7,10.21,0.869,209.3,1060.95,75.8,6,0
37.29,0.53,0.589,0.453,3655.2,255.4,4.33,0.223,114.3,494.61,76.3,10,0
1.84,5.69,0.524,0.518,3623.6,330.5,1.12,0.676,3.79,8.54,55.6,7,0
90.78,4.55,0.342,0.169,3161.2,498.9,7.34,0.4,390.3,839.93,98.5,8,0
103.25,6.88,0.15,0.598,3983.4,74.3,2.37,1.349,283.67,813.76,54.2,3,1
18.89,2.66,0.468,0.396,2249.3,368.6,11.06,5.981,40.51,127.45,85.0,7,0
4.16,10.39,0.147,0.209,615.1,70.3,11.12,0.795,9.97,36.08,52.9,5,0
30.21,3.46,0.595,0.52,2799.7,419.6,12.63,1.894,49.0,112.91,72.2,7,0
6.24,3.1,0.377,0.103,1332.6,298.6,5.66,4.446,11.34,55.58,95.0,6,0
57.71,6.03,0.58,0.462,1928.3,469.1,0.2,1.989,206.26,999.54,88.4,5,0
14.51,6.24,0.221,0.195,96.9,433.1,3.9,0.899,65.76,222.7,66.7,3,0
115.78,2.97,0.939,0.122,1920.1,38.4,7.02,9.386,355.42,1511.24,77.6,10,0
81.67,3.63,0.905,0.842,4045.9,69.5,10.41,0.415,301.46,724.6,58.3,2,0
47.44,2.45,0.271,0.925,2718.2,301.0,5.73,1.482,205.61,752.71,97.8,3,0
75.94,8.76,0.409,0.287,58.9,259.6,8.04,3.186,208.75,1133.56,85.4,2,0
78.71,9.36,0.652,0.585,2354.5,85.1,7.86,0.1,298.31,1384.88,68.7,3,0
20.26,5.82,0.186,0.35,1464.3,65.6,2.47,2.422,55.24,133.46,65.9,2,0
11.43,8.71,0.419,0.544,2393.0,282.4,9.35,0.62,42.87,231.06,61.9,1,0
42.74,8.96,0.326,0.493,2029.4,25.4,6.59,0.372,96.65,456.46,89.3,9,1
70.16,2.09,0.924,0.342,4660.6,437.0,12.12,0.641,345.34,1316.53,71.7,10,0
44.87,11.61,0.867,0.73,215.5,403.7,10.36,6.811,79.26,377.96,66.5,5,0
15.19,9.94,0.622,0.214,3421.1,392.9,1.67,4.45,49.66,133.65,95.3,9,0
11.9,2.85,0.568,0.148,4256.6,9.0,7.33,0.481,29.78,125.12,57.5,8,0
37.41,2.64,0.938,0.791,4796.6,24.8,10.54,0.249,134.79,602.74,63.2,7,0
37.35,1.95,0.939,0.699,896.4,275.4,1.31,0.906,112.02,639.75,67.2,12,0
109.04,2.09,0.972,0.549,2661.2,497.2,11.89,1.795,280.59,636.26,63.0,6,0
8.51,9.1,0.213,0.521,227.5,171.8,3.33,4.037,20.21,70.72,79.3,11,0
57.7,5.9,0.245,0.548,2500.9,172.8,7.55,6.768,123.4,709.19,80.1,4,0
92.12,9.5,0.709,0.493,636.0,68.0,14.11,2.782,390.59,1120.56,52.7,10,0
119.5,9.08,0.587,0.454,4191.1,337.5,8.57,1.828,272.19,1429.74,57.2,10,1
25.85,7.45,0.117,0.55,578.2,323.7,6.36,0.307,108.74,218.19,59.9,7,0
57.2,8.39,0.156,0.576,2571.3,51.6,0.1,0.154,182.9,384.75,53.5,7,1
59.94,0.71,0.899,0.723,2610.3,234.2,2.0,1.813,105.07,347.82,56.2,1,0
46.84,4.09,0.882,0.74,4858.5,333.9,8.68,1.549,97.39,494.14,62.0,9,0
36.54,7.83,0.422,0.44,3278.4,247.3,7.41,3.743,169.01,408.41,67.3,4,0
55.26,0.61,0.902,0.472,1446.3,337.5,5.46,0.779,199.48,704.44,89.6,7,0
48.63,0.88,0.634,0.436,1211.6,408.3,13.85,0.1,104.32,263.49,60.9,9,0
63.87,10.3,0.825,0.583,650.0,343.2,4.99,1.102,253.14,732.68,83.5,2,0
44.42,8.37,0.485,0.508,3785.0,308.4,8.06,6.959,194.61,780.75,52.9,8,0
32.21,3.55,0.202,0.901,3456.9,426.9,8.53,3.175,85.6,280.47,82.9,11,0
111.64,8.41,0.49,0.727,3053.3,450.4,7.91,0.1,384.94,1096.19,89.7,4,0
16.38,9.61,0.512,0.909,213.8,195.1,7.16,4.154,41.39,147.92,80.2,4,0
25.89,4.03,0.596,0.738,3816.5,87.5,5.06,1.276,46.09,221.45,60.1,3,0
109.7,0.91,0.195,0.974,3213.0,409.1,13.63,0.908,317.95,787.79,66.5,10,1
10.88,11.23,0.992,0.672,4819.8,107.7,6.76,0.852,44.93,176.04,90.3,4,0
20.75,4.47,0.32,0.967,2940.1,464.5,7.93,1.808,64.42,199.64,71.6,9,0
34.85,1.72,0.279,0.242,1526.7,12.4,9.85,1.513,101.72,357.49,62.8,1,0
69.43,6.16,0.574,0.147,1913.8,460.7,1.01,2.138,193.07,1020.64,96.6,9,0
47.27,9.34,0.583,0.621,887.4,295.0,11.72,1.705,146.84,839.77,81.9,11,0
5.24,3.05,0.496,0.985,3617.3,387.6,7.69,0.311,13.7,40.72,90.3,10,0
21.37,3.6,0.795,0.476,3541.5,199.8,9.86,0.595,77.86,351.91,51.2,9,0
18.74,3.29,0.565,0.291,1011.2,495.9,11.58,3.678,32.28,151.95,67.0,1,0
37.3,11.9,0.649,0.569,800.9,114.5,13.11,2.177,161.34,866.4,72.9,9,1
54.9,2.77,0.751,0.684,394.3,132.9,5.88,1.19,115.63,647.11,79.4,6,0
54.64,7.12,0.123,0.384,4560.8,26.7,12.17,0.403,203.09,786.36,59.5,8,1
22.16,11.14,0.614,0.743,1173.0,470.3,3.88,0.1,68.13,404.06,74.9,8,0
77.24,2.19,0.896,0.978,1727.4,228.6,9.91,0.748,324.96,1911.83,84.3,8,0
48.84,11.66,0.116,0.907,1409.7,337.8,1.54,0.113,214.48,863.47,67.3,11,1
88.46,11.4,0.465,0.362,2074.0,344.0,0.3,1.317,195.91,816.58,84.6,8,1
55.55,10.67,0.934,0.394,3573.1,437.4,1.44,3.45,214.97,1004.14,69.5,12,0
78.55,2.97,0.418,0.434,4354.3,332.8,4.79,0.672,170.03,594.29,73.5,1,0
56.33,7.79,0.513,0.455,921.2,281.4,0.47,3.765,108.94,506.37,56.7,1,0
87.12,9.25,0.983,0.19,3435.2,355.4,9.46,2.439,414.34,1681.02,82.6,7,0
58.28,11.84,0.279,0.786,1769.3,375.7,4.75,0.268,120.95,259.04,61.2,11,1
36.57,2.57,0.159,0.429,4902.8,93.8,11.05,2.069,84.06,454.85,91.4,12,0
119.54,9.31,0.873,0.892,1501.6,55.7,0.69,0.329,233.83,1347.26,77.7,12,1
71.12,4.4,0.882,0.934,45.9,38.3,3.25,2.127,223.73,470.94,78.0,9,0
60.08,2.52,0.525,0.122,2583.0,187.7,6.12,0.308,283.5,1462.02,95.6,11,0
4.67,5.35,0.563,0.99,762.1,249.5,5.74,0.997,11.32,40.12,58.4,10,0
5.09,9.63,0.852,0.739,232.0,308.2,1.96,1.672,17.29,75.09,76.5,8,0
50.25,5.85,0.765,0.568,3494.4,479.1,14.91,0.103,147.73,590.9,69.1,11,0
45.09,6.68,0.339,0.451,3664.0,166.1,4.27,0.333,120.67,507.45,98.3,5,0
18.51,11.94,0.115,0.567,2308.9,380.7,10.82,0.773,64.82,258.02,89.6,8,1
44.93,5.09,0.532,0.392,3387.7,266.1,3.3,1.241,155.3,840.71,87.9,9,0
95.6,7.58,0.873,0.66,2695.8,110.8,13.17,3.911,263.65,1248.12,60.2,7,1
64.34,4.7,0.906,0.184,3152.7,308.0,5.82,0.415,288.04,1051.52,61.9,11,0
0.06,5.02,0.961,0.659,2987.6,483.6,13.51,0.854,0.11,0.52,51.5,10,0
36.1,8.5,0.892,0.348,3332.5,63.0,5.13,1.292,64.91,380.41,81.9,11,0
11.83,11.29,0.622,0.116,1006.2,254.1,0.13,0.701,58.75,136.37,68.5,3,0
26.43,6.74,0.5,0.597,1350.8,26.8,7.76,1.966,108.81,386.54,65.6,9,0
25.52,9.34,0.797,0.621,2205.4,161.3,7.87,0.593,110.1,603.56,81.9,5,0
23.28,1.53,0.766,0.484,2236.2,310.7,1.8,2.96,84.04,416.5,91.4,11,0
3.93,2.93,0.584,0.165,3874.3,420.7,3.52,1.407,11.67,66.98,56.7,8,0
35.53,6.27,0.179,0.904,1843.3,365.4,11.75,0.181,131.55,284.05,95.9,11,1
20.38,0.73,0.933,0.65,820.9,232.0,0.55,1.972,37.17,202.63,51.7,1,0
62.53,3.41,0.51,0.204,1264.8,454.7,7.34,1.684,259.64,1341.61,54.8,1,0
111.85,6.45,0.427,0.56,1081.5,152.1,7.96,0.827,379.48,1996.1,91.9,3,0
78.11,0.67,0.667,0.548,3661.0,377.2,10.33,0.1,378.71,1662.16,74.6,2,0
26.83,3.54,0.706,0.154,2357.0,237.5,0.56,0.448,100.11,221.0,97.0,5,0
40.66,6.41,0.29,0.646,3546.1,449.4,8.78,1.041,82.57,343.22,73.1,11,0
1.01,7.09,0.853,0.827,2086.9,398.9,0.05,0.446,3.2,11.61,96.3,9,0
99.35,11.15,0.361,0.774,4449.8,450.8,3.98,1.723,169.13,694.82,62.0,9,1
106.41,7.92,0.268,0.283,4917.8,107.9,7.5,2.492,437.22,2169.12,80.8,8,1
45.48,5.27,0.466,0.876,3352.5,334.4,13.67,3.876,148.12,649.31,99.7,5,0
75.82,11.2,0.758,0.408,4320.4,369.5,1.9,2.082,211.83,671.57,68.8,3,1
46.14,9.53,0.969,0.952,2544.6,371.5,2.54,2.336,225.6,992.18,50.1,6,0
6.79,2.8,0.828,0.165,4673.8,252.5,10.04,1.875,32.52,75.85,53.2,8,0
25.59,2.0,0.946,0.538,4159.6,6.6,5.62,8.465,123.71,250.07,93.0,6,0
44.62,8.27,0.227,0.637,4959.0,131.5,9.35,0.605,101.43,365.78,74.6,7,1
24.09,6.94,0.164,0.323,3119.2,162.3,14.96,0.619,97.57,490.64,76.8,12,0
32.35,9.58,0.602,0.794,3898.2,426.2,14.8,0.27,155.55,822.95,90.0,12,0
36.8,9.0,0.361,0.664,2718.9,420.6,5.31,1.33,128.73,540.59,90.6,7,0
37.17,7.69,0.845,0.116,1303.0,53.2,7.56,0.202,83.61,457.54,73.9,7,0
41.83,11.84,0.705,0.648,1780.2,475.0,13.57,0.63,182.47,456.85,92.9,9,0
2.88,6.64,0.974,0.542,4471.1,92.0,1.38,1.318,13.18,77.21,73.4,9,0
14.9,1.8,0.329,0.276,289.2,207.8,6.78,6.321,59.04,335.77,83.8,1,0
4.96,10.03,0.537,0.996,2961.5,108.4,5.66,6.638,12.54,55.13,51.7,3,0
74.22,3.4,0.551,0.907,1868.7,430.3,4.42,2.723,160.87,359.54,56.9,5,0
33.7,9.44,0.315,0.363,1939.6,375.0,14.91,0.986,124.17,473.95,92.6,11,0
80.38,11.51,0.631,0.587,4424.0,177.4,11.0,4.007,256.38,696.61,65.7,4,1
88.52,8.51,0.499,0.385,4270.6,341.3,5.83,4.166,339.99,1534.62,66.7,12,0
29.42,7.35,0.502,0.798,2998.2,93.0,12.44,4.82,55.64,153.55,83.1,1,0
51.11,5.79,0.426,0.937,1371.9,191.8,7.34,2.043,100.98,396.56,79.6,1,0
27.35,4.69,0.115,0.423,2382.5,189.2,13.09,0.451,75.77,213.87,54.1,4,0
37.75,4.56,0.57,0.825,2047.4,119.7,4.0,0.191,90.82,247.71,88.3,5,0
4.63,7.82,0.402,0.549,1774.6,438.3,3.35,4.925,16.98,50.79,80.9,4,0
21.97,9.14,0.101,0.457,522.9,339.7,3.71,0.114,61.21,129.57,92.8,2,0
93.56,8.3,0.377,0.945,2720.1,140.7,8.08,0.702,364.3,1772.13,76.8,5,0
63.27,2.78,0.351,0.559,1516.1,121.8,4.37,1.335,265.16,855.65,70.7,10,0
7.64,6.18,0.454,0.521,3307.4,10.0,2.21,0.1,16.47,78.91,68.6,3,0
15.92,9.6,0.219,0.705,1602.8,173.9,14.92,4.748,75.11,346.57,50.2,7,1
28.55,5.97,0.557,0.335,2161.5,263.9,13.51,0.677,121.5,275.13,52.0,4,0
32.53,6.67,0.723,0.392,271.3,139.6,9.53,0.1,120.15,390.28,56.6,2,0
57.37,9.37,0.667,0.939,4962.8,350.5,13.37,10.1,268.55,1146.02,96.5,11,1
21.26,8.1,0.823,0.711,2543.0,206.5,14.03,0.746,51.68,293.23,94.0,8,0
57.9,5.21,0.507,0.844,130.9,158.8,10.14,4.187,172.32,621.25,74.9,10,0
107.73,10.8,0.567,0.344,2710.7,469.6,7.78,1.208,193.94,779.49,59.0,2,1
68.54,2.37,0.829,0.589,4353.1,132.1,13.23,2.176,212.25,1061.39,57.3,11,0
38.32,11.95,0.485,0.974,3865.0,199.7,8.52,0.552,125.39,653.67,62.8,7,1
33.59,1.87,0.731,0.387,3507.5,191.8,1.9,1.398,122.81,699.21,95.4,8,0
27.52,0.67,0.491,0.244,705.9,121.4,5.5,0.596,47.44,189.24,76.1,10,0
81.32,10.74,0.476,0.56,3292.1,109.5,6.69,6.035,131.22,364.19,90.2,3,1
18.04,3.32,0.784,0.449,3833.8,151.9,14.03,0.126,53.58,271.01,75.3,6,0
41.58,8.89,0.257,0.244,2866.4,432.3,9.89,0.642,89.9,224.96,80.5,12,0
41.79,9.83,0.405,0.9,4464.8,383.8,13.13,4.472,173.68,637.98,80.5,4,0
22.44,10.38,0.302,0.992,1392.2,340.8,11.36,1.308,86.17,388.89,51.6,12,1
8.04,11.9,0.423,0.612,1218.3,229.1,4.65,1.833,21.22,101.16,72.3,2,0
51.3,3.88,0.307,0.797,4349.2,254.4,10.78,2.109,85.18,420.1,93.2,8,1
37.86,8.67,0.621,0.873,3130.7,134.3,2.93,0.147,80.98,224.64,74.5,2,0
57.51,1.83,0.818,0.731,17.2,38.1,6.12,0.1,225.48,1336.35,71.8,9,0
21.32,5.18,0.808,0.14,1772.1,166.2,12.09,5.556,105.89,287.34,76.3,9,0
82.73,10.25,0.428,0.242,4290.7,248.3,9.18,0.634,218.62,521.25,69.0,11,1
9.31,4.73,0.99,0.164,146.3,29.6,12.38,0.957,40.11,186.76,75.8,8,0
99.92,7.3,0.634,0.109,26.2,45.0,3.82,2.292,453.13,2555.64,56.8,10,0
21.17,6.29,0.459,0.375,1413.5,132.2,11.25,0.539,35.32,149.67,98.4,3,0
55.22,7.93,0.852,0.453,4570.9,184.2,3.03,2.642,259.89,1138.84,51.7,8,0
56.64,11.69,0.757,0.317,4508.4,197.3,8.18,1.226,177.38,736.83,74.2,5,1
12.16,1.14,0.774,0.158,2598.6,59.8,6.5,3.884,59.26,128.64,60.5,10,0
54.85,7.1,0.277,0.577,2770.7,113.7,8.35,0.653,185.68,877.37,52.9,5,0
84.78,10.42,0.521,0.346,1666.7,131.6,2.03,0.456,196.95,676.09,82.6,2,0
37.59,6.04,0.876,0.816,1226.2,34.7,5.42,3.564,184.61,1060.16,99.3,12,0
57.6,1.4,0.554,0.107,4078.0,163.7,10.0,0.79,135.44,372.08,87.5,3,0
47.26,6.95,0.715,0.858,540.4,37.0,8.38,1.062,216.88,695.86,62.7,8,0
6.2,4.32,0.629,0.959,2441.9,352.0,8.23,3.157,13.06,52.5,74.7,1,0
97.02,2.28,0.858,0.745,3175.6,193.6,7.66,2.019,374.66,1464.72,52.5,4,0
19.64,10.26,0.356,0.76,527.4,164.0,14.16,1.166,57.73,207.88,76.6,6,0
1.09,6.5,0.618,0.94,2602.8,64.1,14.02,0.575,5.32,17.34,55.0,9,0
33.07,11.23,0.211,0.288,2891.8,114.0,5.4,2.89,71.0,183.79,89.7,8,1
112.38,9.77,0.721,0.995,3715.1,117.1,5.28,0.398,329.35,1740.19,52.8,10,1
24.11,8.47,0.759,0.796,1181.8,492.6,8.32,5.27,90.15,342.12,50.5,5,0
3.2,0.56,0.139,0.754,1473.7,417.8,1.43,0.326,15.77,67.68,93.1,7,0
92.41,5.42,0.708,0.425,2851.9,8.6,4.55,3.269,236.9,991.69,97.1,8,0
105.02,2.77,0.473,0.591,4915.8,308.8,3.46,1.104,303.41,1305.24,54.3,12,0
36.38,10.97,0.212,0.689,1095.3,128.7,3.35,0.412,113.37,546.37,63.9,9,1
3.37,2.51,0.478,0.658,4929.7,53.1,9.58,1.03,8.03,36.27,87.1,3,0
113.35,3.79,0.275,0.734,3574.6,353.1,5.77,0.501,494.31,1530.19,77.0,11,1
95.81,6.44,0.474,0.174,4132.1,66.7,2.57,0.292,174.56,735.73,97.5,8,1
63.76,3.53,0.446,0.42,457.3,222.4,13.31,0.547,252.93,753.25,69.5,3,0
11.57,2.91,0.765,0.491,1509.1,316.5,13.11,4.041,38.96,169.7,50.2,1,0
38.28,7.39,0.797,0.335,298.1,277.7,12.94,0.224,89.84,334.91,51.0,4,0
34.39,1.52,0.646,0.255,1864.0,488.8,5.86,7.19,110.9,239.28,78.2,7,0
51.58,1.17,0.12,0.225,4906.6,393.1,0.85,0.1,227.2,1121.45,87.6,9,0
90.79,4.78,0.938,0.43,535.3,387.3,1.6,2.147,277.72,860.55,89.5,10,0
70.78,8.79,0.718,0.544,2816.2,178.4,4.14,3.883,136.37,774.67,95.6,7,1
2.29,6.88,0.131,0.157,40.3,5.2,3.3,5.435,3.77,11.76,61.5,10,0
88.18,5.36,0.837,0.952,3566.3,367.5,13.11,0.311,372.31,2228.83,86.9,11,0
50.96,7.01,0.28,0.789,994.0,499.9,14.8,2.396,135.38,521.44,91.4,5,0
64.05,4.7,0.621,0.758,656.6,203.5,12.25,0.227,304.82,641.85,91.8,1,0
91.33,11.27,0.52,0.256,1691.7,492.8,10.95,0.87,334.27,770.51,70.6,1,0
1.09,1.13,0.478,0.643,3857.5,71.7,8.83,2.633,3.31,7.72,81.3,12,0
38.75,8.24,0.901,0.577,542.0,149.0,11.55,0.849,134.67,299.61,77.6,9,0
21.4,10.75,0.494,0.984,1156.9,86.2,14.21,0.752,66.34,203.73,79.9,4,0
14.88,9.74,0.168,0.773,52.2,238.1,9.02,0.247,69.47,229.14,64.1,3,0
52.13,2.62,0.952,0.618,4842.4,398.7,2.32,0.137,161.78,395.57,84.2,11,0
127.9,3.9,0.928,0.866,2964.8,171.0,2.46,0.245,238.44,894.76,85.5,5,0
24.4,8.75,0.716,0.24,3602.3,453.2,8.76,4.166,87.6,303.22,59.8,7,0
38.87,1.47,0.521,0.114,3260.4,272.9,5.0,0.1,143.06,650.25,72.2,7,0
62.42,9.84,0.184,0.721,730.4,233.2,13.65,2.361,260.83,726.0,71.1,5,1
44.31,8.77,0.812,0.188,2978.8,393.7,9.17,2.927,211.19,1194.49,87.4,8,0
36.04,8.89,0.168,0.204,665.8,51.6,10.15,1.678,109.95,446.84,83.3,5,0
5.47,1.65,0.162,0.77,2012.2,387.1,0.09,2.624,14.95,67.21,73.8,10,0
48.15,8.75,0.584,0.343,2849.1,122.2,7.48,2.113,154.92,334.34,82.6,4,0
13.51,8.32,0.244,0.666,2798.8,141.1,6.47,1.216,62.85,266.24,63.1,6,1
36.65,10.06,0.107,0.926,604.2,300.1,10.59,0.965,180.67,627.35,61.6,3,1
81.81,0.98,0.481,0.385,181.8,451.1,5.74,5.672,400.82,2283.33,62.0,4,0
73.54,0.77,0.223,0.295,3993.2,289.6,14.65,7.147,169.44,939.13,51.5,8,0
41.81,4.79,0.244,0.196,3632.4,324.8,10.05,2.107,135.42,616.25,84.6,10,0
48.02,2.21,0.169,0.217,418.3,388.5,9.9,0.44,115.63,586.43,99.3,10,0
77.6,6.92,0.285,0.156,645.8,130.4,13.79,1.188,216.35,990.52,65.5,3,0
47.85,11.05,0.744,0.179,4464.0,413.8,14.93,1.372,77.08,159.4,96.5,11,0
71.64,5.0,0.828,0.489,3848.0,209.6,2.97,2.837,147.73,710.95,80.3,10,0
29.59,10.22,0.507,0.389,4980.8,88.7,12.16,2.204,85.5,231.57,61.2,3,0
85.92,0.5,0.556,0.736,1277.4,175.7,2.43,1.446,238.55,1128.42,50.6,6,0
51.23,2.44,0.129,0.883,2444.1,123.8,6.86,2.281,126.83,259.0,86.2,8,0
46.79,0.85,0.162,0.806,1189.9,115.1,1.5,0.1,107.91,350.01,84.8,10,0
4.45,4.27,0.332,0.578,3117.8,142.0,9.35,2.998,18.35,74.64,61.5,2,0
50.04,10.94,0.59,0.192,585.9,91.3,7.03,0.476,126.66,422.1,66.6,1,0
10.88,1.61,0.766,0.739,644.9,334.2,9.43,2.137,43.23,206.47,94.9,10,0
17.66,7.47,0.645,0.427,368.7,290.4,10.17,0.242,49.28,201.58,57.9,1,0
11.46,5.69,0.453,0.177,3471.0,324.6,9.29,0.243,49.37,288.23,91.8,7,0
2.68,11.29,0.206,0.858,2475.4,172.5,4.41,0.1,5.59,19.19,58.5,2,0
114.37,1.91,0.803,0.404,3092.5,385.1,12.55,4.821,234.64,1146.77,74.1,9,0
86.6,2.94,0.427,0.296,4397.7,65.7,8.28,1.856,335.9,1794.82,74.9,10,0
107.21,0.84,0.762,0.884,3704.2,286.0,7.35,0.899,504.14,1519.71,73.6,4,0
2.8,5.49,0.562,0.912,2314.0,138.5,14.81,3.1,5.6,28.11,64.4,7,0
42.49,3.7,0.765,0.405,4921.9,264.3,4.25,1.967,74.7,266.93,62.7,5,0
5.27,10.5,0.917,0.419,2286.7,162.5,7.92,1.936,25.16,63.27,86.7,5,0
15.65,7.46,0.929,0.622,571.1,395.5,10.23,1.335,29.9,60.24,63.8,7,0
7.87,7.56,0.582,0.76,4963.3,445.7,1.88,0.1,18.69,92.99,80.5,9,0
83.39,6.62,0.56,0.157,123.9,371.5,5.31,0.598,396.35,1087.97,92.3,4,0
26.13,1.56,0.339,0.634,2753.9,88.6,12.03,0.231,112.63,248.33,91.9,9,0
77.39,5.62,0.942,0.958,1552.4,138.2,3.55,2.172,208.93,833.41,58.4,9,0
61.14,11.99,0.512,0.336,2522.7,459.8,7.4,0.572,295.99,1002.46,82.7,11,0
120.63,10.11,0.215,0.918,2798.0,219.2,9.46,1.196,420.77,2005.9,80.1,8,1
11.78,10.77,0.489,0.955,1208.1,470.6,10.07,0.872,20.65,50.17,64.1,1,0
84.07,9.97,0.214,0.342,2788.7,196.8,10.92,0.309,332.99,842.67,69.6,10,1
80.13,1.68,0.552,0.779,3782.7,475.9,12.99,6.358,270.86,979.55,64.3,11,0
5.93,3.12,0.605,0.315,1339.9,462.9,5.89,5.419,20.79,84.84,76.9,11,0
75.25,0.54,0.404,0.764,1923.3,330.6,10.6,0.177,374.7,1984.68,90.2,9,0
51.77,3.99,0.164,0.818,1348.5,5.4,10.98,3.513,105.28,457.18,93.9,3,0
32.04,1.75,0.949,0.322,4104.6,200.8,4.5,1.34,121.71,682.82,86.1,8,0
11.16,5.94,0.796,0.744,3627.7,455.7,14.52,2.972,34.67,99.53,74.2,5,0
14.83,8.29,0.855,0.831,4357.3,442.7,12.98,0.328,36.36,159.44,97.9,6,0
111.74,10.56,0.43,0.423,858.5,94.5,4.35,0.284,438.86,2027.96,78.2,3,1
40.02,9.12,0.785,0.251,377.2,200.2,10.13,4.428,153.64,753.34,73.9,11,0
67.37,11.29,0.537,0.183,605.7,417.9,10.77,4.562,303.03,1804.44,92.8,7,0
12.32,1.12,0.281,0.618,813.5,289.4,6.47,1.254,56.37,218.27,59.2,2,0
12.71,0.64,0.212,0.98,2670.1,423.8,12.96,4.083,44.04,153.14,57.9,3,0
77.87,8.11,0.411,0.841,4854.9,413.5,10.35,2.202,205.54,1111.71,89.1,2,1
7.24,3.83,0.224,0.492,1792.6,453.8,9.87,0.409,24.26,65.68,93.5,11,0
25.47,3.42,0.998,0.583,4793.0,59.5,3.31,0.798,70.22,150.85,53.6,9,0
41.19,4.31,0.144,0.352,200.6,73.5,6.12,0.293,101.77,384.13,88.2,11,0
43.9,3.6,0.497,0.247,4635.1,42.3,6.51,2.974,150.59,450.1,71.2,3,0
33.73,6.38,0.507,0.534,914.0,467.7,11.0,8.433,128.27,460.0,85.2,8,0
53.85,5.56,0.371,0.517,4563.3,238.1,9.28,1.581,192.1,1141.88,56.7,6,1
64.25,6.39,0.614,0.57,290.6,33.1,1.29,2.133,311.0,1055.52,98.7,1,0
65.71,8.24,0.235,0.958,4741.6,161.4,4.62,2.742,167.25,808.14,94.1,11,1
5.5,4.95,0.806,0.644,1012.0,176.4,7.1,0.508,15.41,46.25,70.3,6,0
30.05,3.39,0.399,0.645,1520.5,405.0,11.05,0.819,115.31,370.58,94.7,8,0
81.82,2.41,0.632,0.215,2459.8,368.0,11.15,1.063,294.64,875.86,94.7,10,0
71.31,4.52,0.744,0.997,1909.8,345.0,7.36,1.806,107.43,460.75,73.1,3,0
8.05,9.03,0.9,0.796,3341.0,11.9,1.75,3.801,20.87,60.63,97.3,7,0
52.3,9.2,0.852,0.889,4874.3,455.4,4.39,0.587,124.91,608.72,98.8,6,0
29.24,8.17,0.647,0.473,3036.1,108.6,3.82,1.273,129.81,612.83,60.9,1,0
41.64,3.19,0.45,0.552,3610.2,314.9,11.72,2.785,188.72,695.45,53.3,2,0
106.42,7.26,0.553,0.57,449.1,31.8,2.7,0.183,265.38,557.9,66.6,11,0
6.82,7.06,0.792,0.275,3142.8,41.7,6.97,1.439,12.67,26.5,74.4,5,0
10.8,6.07,0.89,0.721,2274.7,5.8,10.06,0.312,23.95,98.96,54.6,7,0
66.74,6.82,0.193,0.913,4430.1,283.4,14.47,1.549,141.36,757.22,57.0,4,1
14.0,6.16,0.446,0.247,1947.2,315.1,14.99,2.921,32.63,143.42,98.6,6,0
17.85,7.0,0.799,0.178,3400.5,26.2,14.29,0.541,41.44,155.1,86.9,2,0
60.88,8.73,0.488,0.764,1148.5,146.0,10.77,3.787,193.55,1070.03,93.7,5,0
17.8,1.76,0.399,0.346,1304.3,425.9,11.2,0.815,46.61,129.96,98.6,10,0
31.74,9.12,0.47,0.661,1886.9,51.6,11.39,0.423,109.8,377.47,68.9,3,0
66.05,2.06,0.643,0.726,1527.3,109.1,12.94,1.252,178.62,761.15,84.4,1,0
54.75,1.27,1.0,0.39,1276.9,212.8,14.28,4.176,238.26,754.48,59.2,6,0
49.34,11.72,0.544,0.834,257.8,421.3,6.69,0.143,238.2,1427.0,77.6,9,1
28.13,11.51,0.288,0.595,4185.4,128.2,6.25,0.794,81.96,312.23,60.5,10,1
52.95,1.2,0.247,0.882,330.9,498.6,6.91,2.118,88.6,195.52,58.0,8,0
35.67,5.6,0.138,0.787,4438.0,178.3,9.9,0.885,83.41,225.58,54.9,4,1
56.02,2.64,0.603,0.882,636.1,193.8,11.63,0.147,104.01,429.54,79.0,8,0
22.61,6.08,0.59,0.118,335.7,61.9,13.06,0.807,61.19,257.02,97.5,11,0
33.61,10.05,0.285,0.319,2819.4,340.4,6.84,3.44,126.3,749.81,56.1,5,0
5.35,11.43,0.726,0.181,2517.2,122.5,5.45,6.886,17.75,78.08,75.1,3,0
38.77,7.79,0.767,0.498,2461.3,314.8,14.75,0.1,91.12,425.23,84.4,4,0
11.61,4.57,0.333,0.901,2876.8,112.4,3.48,1.685,48.61,138.79,74.8,7,0
1.01,7.44,0.41,0.521,1442.4,194.5,3.33,0.223,1.98,4.8,95.6,5,0
49.05,4.09,0.991,0.865,3318.1,428.5,10.73,2.281,112.76,497.04,58.3,4,0
47.45,10.96,0.437,0.394,2517.0,369.7,2.69,0.1,183.43,1001.46,51.2,3,0
67.4,10.51,0.785,0.406,1680.4,78.1,5.99,0.1,147.63,642.11,69.2,3,0
24.91,6.92,0.507,0.906,4134.2,304.2,4.39,3.0,96.55,364.09,77.8,10,0
54.28,4.24,0.814,0.483,3641.3,314.7,2.53,0.155,267.03,1151.65,62.7,6,0
59.28,3.87,0.792,0.811,1974.1,46.2,8.7,0.728,261.4,1012.95,58.4,8,0
55.57,0.88,0.701,0.313,4239.6,233.4,5.6,6.342,114.47,293.91,90.2,4,0
11.1,9.88,0.869,0.954,4602.1,131.1,6.93,8.433,36.88,183.09,59.4,1,0
45.23,5.68,0.945,0.617,2689.0,234.1,2.94,0.352,134.69,556.58,72.1,4,0
52.74,4.24,0.622,0.783,1082.6,388.8,11.52,1.646,262.19,943.16,97.7,12,0
40.25,5.92,0.314,0.181,4579.8,80.0,4.72,1.638,196.24,831.78,80.6,5,0
33.03,9.92,0.459,0.543,955.5,62.5,5.14,1.204,64.23,190.45,74.9,8,0
45.62,1.93,0.782,0.911,251.6,135.4,3.78,5.173,213.51,792.53,68.0,7,0
117.44,10.36,0.686,0.889,1644.2,476.2,6.52,2.805,255.66,1147.86,76.0,2,1
27.4,10.82,0.26,0.142,3637.6,374.2,6.95,2.892,71.73,208.36,86.7,9,1
14.52,11.39,0.146,0.373,4617.1,10.7,7.95,0.628,39.73,198.5,91.1,3,1
53.07,5.07,0.715,0.499,3190.1,201.1,14.51,1.139,132.87,542.66,82.5,9,0
50.93,3.0,0.326,0.255,4759.7,129.4,13.57,1.337,228.5,1244.62,89.5,1,0
81.75,4.8,0.55,0.757,470.9,319.4,9.14,0.71,217.02,1169.49,54.4,9,0
4.03,4.33,0.772,0.266,313.2,230.2,0.58,0.199,17.54,69.8,50.7,7,0
65.6,2.53,0.606,0.412,3024.9,482.3,9.18,0.27,326.7,908.84,86.7,2,0
60.66,7.48,0.175,0.697,4830.9,110.3,1.35,0.399,269.51,1333.17,63.1,10,1
35.02,5.98,0.267,0.534,2518.6,294.3,10.66,0.455,94.97,348.99,93.9,7,0
51.85,10.46,0.297,0.765,267.1,350.4,5.85,0.555,206.87,905.76,76.8,1,1
76.03,0.87,0.332,0.965,1113.9,413.0,12.57,0.59,256.13,622.15,73.9,11,0
70.53,7.9,0.609,0.205,1231.5,204.1,14.14,1.217,299.96,1357.7,88.6,3,0
0.01,9.27,0.554,0.739,1695.9,343.8,6.26,1.425,0.01,0.04,87.1,7,0
68.71,9.23,0.283,0.307,227.6,152.3,6.91,0.739,256.51,855.91,85.2,3,1
37.74,10.69,0.161,0.473,4525.4,218.3,8.85,4.757,158.79,939.96,84.5,2,0
42.55,8.88,0.254,0.13,2582.7,447.9,2.96,1.611,177.19,660.88,75.8,5,0
42.56,11.17,0.986,0.222,3357.9,475.0,13.91,3.097,207.39,977.23,96.3,3,0
34.74,4.33,0.522,0.388,345.2,359.7,6.49,5.16,59.21,267.11,94.5,9,0
81.71,6.29,0.881,0.408,280.0,187.8,2.5,0.356,221.45,535.3,66.5,7,0
37.07,0.66,0.864,0.91,2936.5,410.2,11.44,1.117,117.44,586.2,90.2,11,0
0.82,0.58,0.56,0.768,4437.6,13.9,3.29,1.136,2.11,6.94,94.6,1,0
26.23,3.26,0.736,0.975,2647.1,52.3,2.15,0.875,67.78,352.15,80.9,1,0
46.25,1.66,0.273,0.639,4390.3,331.0,8.44,0.1,97.89,433.73,77.8,6,0
83.02,3.49,0.72,0.318,4056.8,146.3,10.07,3.385,360.76,1179.1,83.6,4,0
61.11,2.54,0.345,0.395,388.5,475.7,8.54,0.237,285.88,979.19,58.2,1,0
10.23,0.83,0.849,0.388,1017.8,218.6,9.85,10.799,18.29,90.12,54.4,9,0
126.98,10.96,0.175,0.394,3292.0,215.3,1.73,2.965,259.32,1089.18,91.0,2,1
49.27,0.59,0.796,0.706,2223.1,339.4,7.14,1.735,113.29,529.47,78.7,1,0
84.64,8.96,0.19,0.578,1460.6,384.0,5.36,0.336,277.74,731.36,56.1,3,0
34.69,2.25,0.893,0.447,2099.0,238.3,14.6,1.449,148.1,762.38,70.8,10,0
58.67,10.99,0.374,0.234,2231.5,107.8,0.74,0.605,102.67,336.93,64.9,12,0
69.38,10.77,0.689,0.12,4553.7,386.9,4.47,0.582,258.71,1158.89,93.8,12,0
82.64,8.02,0.539,0.297,526.3,160.9,14.13,3.538,167.15,410.97,75.4,1,0
77.01,8.23,0.43,0.197,1405.9,88.4,14.75,0.958,377.35,1239.84,78.9,4,0
70.53,0.56,0.681,0.807,2692.4,316.2,12.37,1.198,327.65,1505.69,61.8,4,0
28.97,11.83,0.953,0.201,3494.5,46.1,1.14,3.703,139.75,432.77,90.0,6,1
19.99,10.6,0.137,0.752,3156.9,485.7,8.42,0.184,37.41,206.55,96.5,12,0
51.64,10.79,0.927,0.447,4708.8,316.6,6.0,1.806,165.67,769.53,89.6,3,0
72.66,8.08,0.648,0.166,3980.1,493.0,12.1,1.727,151.01,827.72,74.6,9,0
32.2,4.47,0.827,0.831,2789.8,170.1,0.83,1.108,115.98,415.38,91.8,6,0
77.28,10.78,0.445,0.622,1081.3,485.6,2.96,3.541,178.87,382.06,59.4,7,1
90.84,3.85,0.525,0.312,2259.9,73.6,7.34,5.726,381.28,1641.25,55.7,6,0
7.93,6.97,0.882,0.905,3470.0,21.3,2.36,1.252,29.76,99.91,71.9,9,0
10.71,1.65,0.473,0.141,4191.4,17.5,10.39,1.218,37.48,142.17,59.1,2,0
35.09,11.1,0.581,0.282,4799.1,233.0,12.31,1.395,153.97,727.43,63.0,11,0
50.77,2.12,0.118,0.777,3031.2,42.4,10.57,2.568,165.04,792.63,79.3,8,0
21.64,3.09,0.243,0.738,2639.3,256.6,6.6,2.206,52.9,111.63,70.2,5,0
87.33,6.92,0.678,0.36,98.3,164.4,13.18,0.504,320.71,1628.29,93.3,2,0
54.84,9.29,0.745,0.156,369.8,168.5,2.07,0.132,265.97,1056.98,61.3,7,0
41.38,7.62,0.624,0.872,789.0,318.2,3.91,5.962,149.14,630.38,99.8,12,0
10.26,3.17,0.229,0.382,283.3,82.4,7.34,0.605,37.99,121.26,68.0,5,0
6.05,0.51,0.501,0.276,2010.3,383.5,0.92,2.036,28.89,106.39,75.8,8,0
49.84,9.21,0.42,0.564,1691.0,291.4,1.44,3.526,164.63,797.05,56.6,10,0
34.64,11.83,0.546,0.919,3190.4,457.6,5.96,0.714,172.76,882.27,79.0,11,1
75.44,9.81,0.883,0.139,2683.0,183.1,14.16,2.018,155.32,551.15,98.1,6,0
34.46,5.79,0.798,0.789,2983.9,491.4,13.63,0.228,116.48,554.96,87.5,7,0
153.51,10.89,0.176,0.615,2365.2,288.3,6.99,7.009,344.65,1045.04,62.2,11,1
120.78,5.21,0.901,0.483,1395.9,486.7,2.13,0.12,372.8,1986.29,72.1,12,0
33.65,6.54,0.525,0.77,4764.6,14.5,2.67,1.153,70.56,313.25,71.3,1,0
36.28,5.99,0.769,0.969,441.2,364.3,5.66,1.539,82.67,421.69,54.9,2,0
74.85,5.65,0.226,0.306,4695.1,408.5,3.15,3.126,167.49,654.65,94.3,9,1
99.61,9.41,0.704,0.229,1563.1,27.5,1.24,0.258,260.99,761.17,69.1,7,1
17.33,6.56,0.313,0.922,2568.2,289.9,10.11,1.163,34.16,126.98,74.7,7,0
22.52,4.14,0.495,0.702,553.1,401.2,8.72,0.713,97.59,344.08,64.6,4,0
18.23,3.47,0.115,0.494,363.9,281.0,4.37,0.748,41.42,137.97,57.6,4,0
60.4,0.93,0.236,0.616,2153.4,32.8,11.68,3.017,178.65,508.92,95.1,3,0
57.39,7.21,0.183,0.771,3711.1,347.0,11.64,0.1,89.31,449.83,51.9,10,0
77.44,3.14,0.316,0.796,1354.1,31.2,7.37,2.765,144.59,339.12,70.0,4,0
1.99,2.2,0.19,0.928,2816.1,408.9,1.45,3.326,9.22,51.2,86.5,12,0
41.07,8.02,0.723,0.484,1400.5,22.5,13.78,4.633,181.92,491.2,65.4,10,0
70.03,8.33,0.126,0.364,1949.2,69.6,10.03,1.972,311.16,1841.92,72.3,6,1
11.01,9.15,0.656,0.676,4533.2,138.3,3.71,0.811,32.38,192.76,78.2,11,0
30.65,6.29,0.227,0.474,4280.6,317.0,9.16,1.115,61.15,219.75,99.8,3,0
45.08,10.78,0.951,0.635,2584.9,488.2,6.08,6.996,84.64,503.71,87.9,10,0
67.76,11.27,0.94,0.478,1198.1,59.8,9.53,4.26,245.27,1343.16,98.4,8,1
35.73,9.78,0.303,0.238,974.0,72.2,7.11,1.245,157.16,366.13,84.7,1,0
23.98,7.81,0.653,0.522,4770.9,185.1,7.28,5.732,111.49,645.48,63.5,6,0
34.42,3.99,0.125,0.722,1021.6,418.3,11.04,3.463,86.42,187.53,64.4,2,0
27.03,11.8,0.939,0.819,4042.8,234.1,9.21,4.627,70.91,193.43,91.1,11,0
7.18,3.65,0.571,0.544,1851.2,161.5,1.2,2.298,13.31,57.74,71.4,1,0
14.99,2.83,0.139,0.249,4928.4,281.0,0.98,3.899,63.1,146.57,68.5,12,0
58.24,5.58,0.408,0.473,1847.1,131.0,4.58,4.447,143.57,380.01,97.3,4,0
51.26,1.15,0.169,0.808,1764.1,201.2,6.45,0.193,163.17,948.66,50.7,12,0
45.88,11.75,0.454,0.472,3190.9,167.0,4.13,6.717,217.99,1303.32,76.2,6,1
5.17,7.27,0.703,0.727,4808.0,402.3,9.77,0.812,21.37,110.94,88.8,7,0
33.65,6.9,0.523,0.556,4881.3,462.2,2.93,1.159,56.68,230.18,86.8,11,0
36.2,8.04,0.445,0.317,3539.0,380.0,10.56,3.14,55.33,309.91,68.4,1,0
46.25,6.22,0.207,0.817,3775.5,220.1,11.6,2.187,196.82,481.74,76.8,3,0
90.01,0.87,0.32,0.176,2821.4,252.7,1.86,4.471,309.07,1783.83,50.3,6,0
11.59,7.54,0.19,0.572,3781.3,63.4,9.76,1.024,46.62,158.81,76.7,6,0
19.49,8.74,0.827,0.288,4300.3,373.7,14.42,0.935,39.94,217.5,79.5,10,0
51.52,5.29,0.222,0.16,2435.6,298.6,2.89,0.1,234.52,1096.04,93.7,6,0
83.85,9.21,0.636,0.553,3103.1,451.3,13.64,1.242,352.72,2060.3,60.5,7,1
24.31,3.11,0.408,0.55,2691.2,101.1,9.09,2.575,112.27,612.86,91.3,11,0
15.77,3.04,0.303,0.736,2816.7,380.1,8.86,0.717,42.49,235.86,85.9,7,0
28.91,2.36,0.676,0.77,4451.3,342.7,0.78,1.242,71.27,322.63,83.3,12,0
43.62,4.78,0.511,0.755,1784.5,133.7,11.22,0.495,88.6,472.45,69.7,10,0
111.47,10.24,0.46,0.469,1048.8,334.0,7.17,2.964,530.09,2665.56,68.4,8,1
49.71,10.02,0.634,0.669,2286.8,462.3,10.82,0.125,105.33,278.74,85.2,11,0
39.22,4.9,0.542,0.619,1048.3,459.3,12.14,2.444,75.21,345.54,99.5,2,0
51.27,7.27,0.373,0.479,2497.0,360.1,7.86,0.953,111.49,289.05,70.3,10,0
39.61,8.79,0.603,0.637,4518.5,25.0,3.95,0.1,166.36,911.31,95.9,1,1
11.54,3.27,0.703,0.953,3091.0,436.3,2.12,3.841,53.26,120.57,79.3,10,0
68.81,2.43,0.124,0.274,4278.6,329.2,2.41,1.338,298.53,1775.72,93.4,7,0
47.9,11.68,0.519,0.915,839.3,155.9,13.0,1.829,166.28,599.03,60.9,12,1
40.62,7.6,0.152,0.148,4505.4,94.4,1.85,2.634,202.21,542.44,88.1,1,0
5.86,11.79,0.268,0.378,3012.9,59.0,5.77,2.129,10.21,58.61,91.7,2,0
85.62,4.38,0.604,0.359,168.5,26.1,5.01,2.625,388.31,847.19,91.6,1,0
63.26,8.58,0.88,0.664,3169.3,377.3,12.98,2.873,189.6,735.74,89.2,12,0
20.65,3.06,0.895,0.218,4757.5,118.7,7.17,1.779,63.86,324.48,65.2,12,0
75.06,3.5,0.163,0.894,405.0,13.1,14.95,0.91,146.12,477.37,76.1,1,0
22.59,6.39,0.477,0.846,2916.5,199.2,11.06,0.557,36.52,150.29,65.0,3,0
12.63,4.18,0.625,0.687,4578.2,241.8,12.76,4.664,32.94,158.17,67.1,4,0
13.41,2.43,0.232,0.513,58.4,85.4,1.48,7.008,28.32,164.49,65.1,5,0
21.99,3.52,0.789,0.94,3158.3,23.0,3.8,0.885,70.18,169.18,64.2,5,0
56.5,0.91,0.77,0.848,2379.8,95.4,2.03,0.238,113.89,299.41,84.7,2,0
24.09,8.6,0.913,0.549,1741.5,339.9,6.95,0.503,47.76,192.75,82.5,11,0
3.0,6.16,0.108,0.732,3141.4,42.0,10.77,2.221,13.69,50.29,60.2,3,0
32.65,1.58,0.295,0.61,273.0,278.0,2.54,0.38,154.24,561.91,84.6,8,0
36.99,2.47,0.844,0.629,3767.8,74.1,1.95,3.029,180.31,574.79,64.6,2,0
34.74,1.68,0.704,0.398,32.4,98.6,9.22,5.129,134.85,572.12,60.1,4,0
28.57,7.54,0.905,0.516,1541.6,197.1,3.45,6.629,119.93,663.62,87.4,7,0
3.51,1.58,0.151,0.17,2524.8,51.3,7.19,0.1,15.53,41.06,68.1,9,0
1.03,9.17,0.637,0.422,1891.3,87.4,0.77,6.348,3.91,11.2,78.5,3,0
56.25,0.74,0.612,0.726,1544.3,175.1,10.21,2.696,149.4,699.68,60.0,3,0
20.73,3.37,0.132,0.958,4155.9,165.5,8.12,0.176,42.44,94.43,80.7,7,1
51.07,10.74,0.562,0.967,4674.8,374.9,9.71,1.073,119.02,558.82,60.4,8,1
9.02,8.76,0.649,0.6,4369.8,38.3,4.13,2.408,40.05,130.46,58.3,4,0
46.34,1.34,0.272,0.646,2616.9,430.4,4.18,6.279,182.4,625.89,69.3,1,0
85.61,9.94,0.346,0.267,4422.0,408.3,12.02,0.359,265.0,959.89,89.5,5,1
60.52,6.17,0.676,0.726,4605.1,383.2,10.78,0.273,97.0,329.65,58.8,11,0
25.57,10.24,0.521,0.164,2052.1,155.4,8.7,1.279,62.17,333.52,55.9,4,0
49.0,7.41,0.872,0.356,1424.4,411.6,9.42,6.89,198.51,1148.26,51.6,11,0
31.58,8.34,0.408,0.702,500.3,92.2,1.41,7.107,103.99,435.94,70.8,8,1
40.28,11.93,0.34,0.379,2400.7,63.1,12.84,0.517,121.81,527.13,64.1,7,1
28.6,3.17,0.986,0.145,4732.0,23.4,11.55,0.769,74.31,169.57,64.6,2,0
34.25,7.68,0.92,0.849,2808.9,469.7,8.86,4.773,124.12,602.35,99.1,6,0
47.42,5.79,0.126,0.379,3341.1,154.7,13.78,2.655,231.54,1004.04,59.7,4,0
5.23,0.95,0.794,0.157,573.3,458.9,2.53,7.174,24.35,53.61,72.9,7,0
4.44,0.67,0.199,0.167,726.2,137.0,10.3,4.473,7.14,19.95,99.3,9,0
8.6,1.87,0.125,0.327,2327.7,453.9,14.44,0.484,27.37,76.86,51.5,7,0
16.01,7.96,0.346,0.26,4756.8,452.1,4.65,2.852,42.48,114.0,84.8,2,0
2.6,7.02,0.342,0.797,1810.3,461.9,0.23,0.1,8.56,39.68,68.6,8,0
45.58,6.86,0.837,0.39,4388.6,248.6,11.02,3.406,165.08,943.25,95.3,6,0
8.75,0.87,0.74,0.824,610.2,433.1,0.1,1.84,19.26,97.28,95.6,9,0
57.98,5.9,0.983,0.256,3088.9,475.4,13.09,6.252,245.56,960.01,69.4,7,0
41.21,11.13,0.74,0.544,3007.1,163.0,0.84,6.439,130.35,471.38,61.1,5,0
28.9,5.07,0.476,0.719,4300.8,210.0,9.79,0.104,143.68,509.46,71.4,8,0
62.92,7.69,0.729,0.687,26.6,359.9,5.66,0.35,99.92,440.15,98.3,7,0
68.38,9.47,1.0,0.641,957.8,150.9,3.05,1.324,147.97,508.56,64.1,1,0
5.21,9.52,0.739,0.932,1106.2,377.2,13.47,4.232,20.41,59.28,99.1,11,0
54.71,6.47,0.786,0.306,4750.3,37.9,11.19,3.369,215.17,949.19,91.0,5,0
10.02,10.37,0.945,0.544,776.9,262.2,5.11,6.669,35.46,126.32,63.4,7,0
43.42,5.0,0.202,0.896,194.4,62.0,4.26,1.925,212.83,437.69,89.6,10,0
4.26,10.72,0.734,0.17,2677.0,147.4,11.04,0.593,12.57,26.27,52.5,7,0
22.76,3.26,0.866,0.15,2647.5,130.1,12.55,0.1,67.36,208.58,77.4,11,0
26.6,3.72,0.959,0.31,4221.8,419.6,10.74,0.504,124.67,504.88,67.9,3,0
35.67,1.11,0.29,0.67,4744.8,97.6,9.6,2.25,120.73,412.51,71.3,5,0
26.08,9.65,0.554,0.334,2697.3,404.4,3.42,5.215,71.41,149.69,73.6,8,1
1.44,5.3,0.712,0.271,4650.7,397.2,12.79,0.774,5.79,16.74,75.1,9,0
26.0,3.13,0.323,0.513,3628.5,249.9,11.24,4.17,95.4,227.6,82.8,9,0
49.43,3.17,0.64,0.652,1330.2,117.7,7.76,1.005,127.14,736.74,84.8,10,0
38.43,10.87,0.332,0.324,4642.8,114.2,7.67,0.737,97.71,317.7,98.8,5,1
46.39,10.09,0.4,0.371,3340.5,233.0,8.54,1.422,133.81,275.53,88.1,2,0
16.55,6.87,0.497,0.652,2076.3,5.4,12.42,1.168,28.97,134.47,84.4,8,0
81.01,7.59,0.576,0.951,3404.4,266.1,11.13,4.902,388.78,1139.05,69.6,7,1
1.17,5.95,0.504,0.707,2012.6,476.4,12.84,1.263,2.5,10.65,55.9,4,0
57.06,5.0,0.544,0.805,579.8,78.2,7.61,0.65,124.31,323.57,52.9,5,0
81.37,11.03,0.369,0.43,3597.7,287.1,9.37,3.697,306.31,1818.3,73.9,12,0
56.83,1.94,0.243,0.345,4122.2,480.9,12.82,13.368,229.31,1348.57,83.4,10,0
32.91,5.31,0.143,0.509,3646.7,430.4,3.48,2.089,134.24,620.74,82.5,12,0
21.51,4.46,0.276,0.826,1153.3,425.3,6.66,0.577,60.5,292.15,97.6,12,0
76.26,6.23,0.624,0.511,4783.6,411.1,9.31,0.546,347.5,1286.99,69.1,11,0
9.8,5.76,0.808,0.862,136.0,155.2,13.73,0.119,33.37,195.19,81.4,11,0
6.05,6.47,0.252,0.99,1670.1,445.4,0.24,0.161,18.35,67.8,94.4,10,0
26.09,2.11,0.198,0.165,1307.9,470.7,3.19,4.93,113.12,334.58,70.2,2,0
83.32,6.4,0.774,0.141,250.1,248.4,3.52,0.203,196.0,482.46,73.9,9,0
53.29,3.29,0.375,0.235,2034.6,177.9,4.9,1.325,240.38,680.88,96.1,12,0
6.12,2.62,0.956,0.446,3119.3,207.7,4.23,2.395,20.72,88.85,77.5,6,0
29.14,1.25,0.743,0.218,4413.9,167.8,8.85,3.799,135.5,403.85,90.0,9,0
18.5,9.27,0.394,0.884,4948.6,107.0,13.28,0.376,40.8,188.38,96.8,8,1
15.16,5.42,0.361,0.121,4042.4,309.6,9.55,1.152,72.4,255.46,78.6,1,0
74.26,7.71,0.571,0.384,2348.7,281.7,3.62,0.579,290.18,1609.77,55.5,9,0
8.01,8.87,0.171,0.266,3621.3,231.8,12.96,0.591,29.35,124.28,91.1,9,1
96.31,8.31,0.206,0.938,4219.7,48.8,9.48,0.724,286.73,1287.54,90.9,4,1
68.99,5.91,0.258,0.703,2331.9,398.6,3.28,1.769,334.39,1413.22,55.7,1,0
78.18,4.96,0.797,0.921,3927.4,88.3,5.42,0.1,238.74,1323.16,77.4,4,0
23.8,4.82,0.562,0.975,2418.4,58.2,11.85,1.051,77.22,174.03,74.4,6,0
34.75,7.86,0.11,0.547,1938.6,311.9,11.08,0.414,147.18,334.02,92.4,4,0
10.16,6.19,0.706,0.311,2635.2,199.9,8.65,6.83,25.37,121.95,63.7,9,0
21.64,10.27,0.481,0.274,3382.5,30.8,2.17,1.748,54.53,276.57,71.3,4,0
57.28,10.56,0.56,0.301,3637.1,178.4,12.05,4.051,241.34,901.26,80.2,10,1
85.36,2.46,0.293,0.738,1790.1,386.1,4.61,0.436,166.46,567.49,75.9,8,1
1.25,2.07,0.597,0.136,2860.9,308.0,11.57,3.322,5.47,17.03,97.8,2,0
27.21,7.75,0.981,0.146,4550.3,182.0,9.71,1.072,100.34,294.77,98.0,12,0
34.7,3.96,0.166,0.647,4881.8,96.7,3.96,0.391,117.54,663.83,54.1,7,1
8.85,0.71,0.356,0.678,1144.0,316.3,3.19,2.865,20.38,64.81,64.9,8,0
60.7,10.72,0.319,0.699,972.2,443.9,1.96,2.871,258.1,1185.29,50.4,6,1
14.66,3.11,0.324,0.435,3386.7,323.5,3.63,10.988,63.29,325.86,70.9,10,0
33.16,11.19,0.441,0.825,2079.3,406.6,2.37,3.037,105.79,220.88,83.1,6,1
24.18,8.75,0.836,0.58,130.9,261.2,9.26,0.314,69.21,147.8,73.6,8,0
12.37,9.27,0.922,0.195,1740.8,359.3,8.98,0.779,29.22,97.38,53.4,3,0
39.75,2.82,0.282,0.817,4035.7,448.2,8.79,1.202,164.57,787.32,59.8,2,0
32.45,3.19,0.589,0.958,3989.2,386.8,9.63,0.271,121.31,369.18,58.7,9,0
26.98,6.49,0.673,0.154,2478.5,455.0,12.22,3.103,59.99,120.34,75.6,8,0
14.5,2.48,0.57,0.452,2368.2,216.1,13.7,1.496,62.09,195.73,83.9,10,0
51.18,4.01,0.491,0.539,2901.7,452.2,3.46,5.781,234.81,554.29,65.8,5,0
97.88,4.2,0.273,0.232,1104.8,311.2,8.82,1.78,167.11,480.89,56.5,5,0
44.9,2.34,0.539,0.881,2635.0,435.2,1.18,1.48,188.72,628.96,89.9,6,0
74.86,2.86,0.461,0.356,65.1,20.6,1.8,0.148,335.75,843.48,92.9,6,0
8.66,9.57,0.816,0.805,2383.0,329.3,9.82,0.323,43.03,207.65,63.8,2,0
45.52,2.42,0.787,0.704,1686.9,424.1,7.3,3.788,106.14,320.93,71.0,7,0
1.59,0.83,0.221,0.638,3377.6,87.9,11.37,9.35,4.46,20.69,54.1,3,0
11.69,7.74,0.18,0.273,3195.4,331.2,6.39,1.073,57.08,250.92,61.4,8,0
14.12,11.72,0.917,0.299,1910.4,412.7,1.91,3.322,25.83,144.45,88.4,9,0
81.72,4.31,0.582,0.143,46.3,144.7,13.08,1.975,272.36,640.52,68.3,3,0
73.25,1.86,0.872,0.317,1268.8,203.2,1.24,6.391,239.79,685.43,80.2,6,0
48.51,7.06,0.152,0.411,3170.4,285.2,2.83,0.544,175.73,959.61,97.3,8,0
13.64,10.92,0.574,0.85,371.1,260.1,4.15,1.574,36.26,191.78,86.2,6,0
33.13,9.52,0.585,0.43,547.1,20.6,14.93,1.051,157.06,434.81,72.7,10,0
50.56,7.66,0.875,0.779,3238.7,50.2,6.25,1.561,123.63,300.53,68.3,3,0
46.14,4.12,0.188,0.495,3781.3,51.1,7.53,0.626,174.14,944.72,59.5,4,0
24.53,6.73,0.316,0.806,1614.5,131.9,11.55,1.377,79.38,215.33,87.8,9,0
8.84,1.55,0.466,0.979,2453.5,123.7,9.55,1.961,21.51,117.96,55.6,12,0
37.76,8.31,0.879,0.316,4729.1,371.4,12.62,0.169,81.59,476.87,53.1,12,0
58.77,8.84,0.945,0.876,4728.3,286.8,7.3,2.717,284.92,821.48,55.2,11,1
36.86,11.6,0.993,0.66,1544.4,382.2,14.58,2.452,127.72,684.76,62.1,12,0
34.33,3.49,0.963,0.836,4051.8,35.9,11.95,4.248,124.08,458.5,81.4,1,0
45.01,0.71,0.105,0.686,2973.8,243.1,6.02,1.11,190.83,983.77,93.1,4,0
69.74,6.77,0.143,0.482,4877.7,162.6,5.72,0.127,124.43,451.63,99.6,10,1
64.25,8.63,0.233,0.305,2393.3,425.1,13.94,1.238,256.88,586.1,86.6,1,0
60.39,9.59,0.414,0.163,3875.8,354.2,10.27,0.296,125.49,608.72,57.3,8,1
12.0,2.73,0.847,0.582,3843.0,434.8,9.32,2.085,49.11,127.82,63.9,7,0
26.78,3.51,0.903,0.991,2492.2,24.2,11.37,0.1,53.42,304.91,56.6,7,0
26.24,6.39,0.268,0.764,3980.2,360.7,8.41,0.937,115.83,425.21,55.8,2,0
75.06,4.3,0.658,0.395,1312.6,270.5,2.39,0.173,291.49,678.59,78.4,10,0
88.77,10.4,0.926,0.844,620.0,412.7,4.79,0.1,253.05,737.37,95.3,6,0
64.87,5.95,0.517,0.792,2131.6,254.1,8.37,6.466,178.77,974.33,84.2,8,1
55.03,9.7,0.193,0.353,4718.7,270.6,0.27,11.108,111.23,365.31,90.0,8,1
53.29,7.18,0.512,0.113,2508.7,26.8,6.56,1.622,248.54,1348.42,75.4,5,0
20.54,9.39,0.438,0.206,3179.9,334.6,11.34,0.546,39.32,105.75,73.8,8,0
35.45,4.33,0.62,0.89,3124.6,137.3,2.46,4.84,111.74,432.76,96.9,2,0
98.42,10.06,0.495,0.853,671.5,10.8,0.97,5.129,229.1,1263.02,86.1,4,1
7.01,3.66,0.116,0.366,1957.6,34.2,12.54,3.855,34.96,76.69,73.0,10,0
96.52,6.78,0.995,0.357,3537.6,478.7,9.26,1.572,342.68,1102.44,66.6,2,0
28.73,2.96,0.589,0.814,4860.2,173.7,2.65,0.155,58.13,327.84,54.7,5,0
86.39,5.97,0.526,0.944,848.4,434.2,12.09,0.185,331.43,1453.7,91.0,11,0
9.24,4.16,0.959,0.801,2058.1,479.9,9.87,4.539,45.92,223.4,58.5,3,0
60.51,3.57,0.24,0.645,484.5,471.7,5.01,4.172,218.89,1175.12,75.8,6,0
14.21,11.62,0.27,0.318,1219.5,441.0,5.64,1.14,44.07,180.45,81.9,7,0
9.53,2.34,0.827,0.573,1890.0,447.5,2.34,0.795,24.09,129.63,87.2,6,0
47.65,9.55,0.335,0.31,2707.8,145.2,12.53,2.066,86.84,395.55,54.2,11,0
75.33,11.82,0.819,0.827,1160.5,76.6,7.64,3.29,173.18,821.31,50.5,2,1
10.43,0.73,0.344,0.448,1145.5,320.0,8.36,2.631,35.84,93.61,85.3,2,0
12.47,8.54,0.13,0.85,3891.4,244.6,13.25,1.912,51.59,296.93,72.7,4,0
36.79,3.41,0.565,0.443,4813.6,50.3,0.24,0.527,168.21,872.06,59.1,7,0
36.94,0.97,0.277,0.842,1624.8,339.1,1.0,0.609,158.03,476.74,99.1,8,0
59.19,5.13,0.782,0.4,3443.1,281.9,2.42,2.575,114.78,495.84,89.6,5,0
73.24,11.26,0.677,0.496,1297.8,431.7,0.45,3.245,308.11,1080.2,78.9,10,0
37.92,0.64,0.931,0.654,4640.5,305.0,9.87,0.247,134.07,622.31,85.1,1,0
104.94,7.26,0.805,0.163,3367.8,287.4,9.51,0.415,329.72,1970.05,57.8,9,1
47.85,6.27,0.263,0.953,4015.4,220.9,3.16,2.282,167.69,366.07,98.1,8,1
27.88,10.54,0.82,0.616,256.3,231.9,2.24,0.985,42.6,247.51,99.8,1,0
16.4,1.47,0.678,0.557,2996.5,477.2,2.19,1.657,28.5,65.24,82.4,9,0
30.81,8.34,0.702,0.855,2642.8,70.1,14.3,1.908,102.91,395.49,83.4,5,0
28.23,8.32,0.849,0.879,1472.1,223.7,10.4,2.994,59.49,233.71,85.2,8,0
73.61,8.19,0.616,0.57,1319.5,328.3,8.78,3.277,250.97,771.7,83.3,10,0
56.19,11.34,0.519,0.935,2904.3,217.1,4.84,0.657,153.94,656.82,71.9,10,1
1.28,9.97,0.673,0.158,3535.4,142.3,6.5,1.559,5.98,31.88,77.0,12,0
46.03,0.98,0.368,0.202,175.5,144.4,1.34,0.264,222.04,705.16,64.1,2,0
63.5,5.92,0.264,0.637,2841.3,117.6,14.97,3.691,313.02,714.2,72.3,7,1
93.48,5.08,0.655,0.419,860.6,172.6,11.33,3.734,434.34,1967.18,71.8,9,0
71.06,4.07,0.31,0.518,710.4,436.0,9.32,0.712,351.8,1761.48,64.4,7,0
66.63,5.69,0.172,0.395,3119.4,253.1,8.82,0.35,264.62,1539.59,89.3,9,1
42.1,4.92,0.1,0.464,1561.2,120.9,7.56,0.145,204.7,540.02,70.5,4,0
53.59,5.47,0.647,0.84,2210.0,192.9,3.86,1.711,200.77,1125.38,77.6,5,0
83.73,11.76,0.426,0.634,1806.4,53.8,3.4,0.192,362.75,1425.06,57.8,7,1
6.65,1.52,0.777,0.998,3245.2,452.1,8.24,2.283,13.04,38.38,73.7,1,0
27.77,11.11,0.438,0.808,2355.9,204.7,1.05,2.267,108.0,631.9,88.1,2,0
12.96,6.02,0.537,0.346,4817.7,490.2,1.12,1.904,61.68,182.17,72.2,2,0
53.27,7.67,0.466,0.338,1768.4,174.4,8.41,4.184,180.6,891.02,77.9,10,0
83.06,10.05,0.686,0.402,3704.0,418.3,13.8,0.951,178.9,919.44,85.1,9,1
19.11,4.65,0.421,0.859,1293.9,128.9,13.71,4.651,63.89,237.81,69.4,3,0
43.66,5.45,0.967,0.125,2548.7,39.0,0.16,0.1,173.52,825.95,67.7,9,0
25.57,5.21,0.943,0.307,2767.3,16.8,1.61,0.239,107.26,460.12,54.3,1,0
71.97,4.81,0.863,0.914,1652.3,303.5,8.75,1.063,239.88,664.01,79.1,11,0
58.82,11.14,0.928,0.676,2364.2,156.5,12.73,1.803,132.97,670.12,85.3,3,0
54.99,10.03,0.504,0.304,1403.6,222.3,14.32,0.1,260.82,1489.84,79.1,10,0
30.2,1.75,0.583,0.297,39.9,409.5,12.91,1.676,127.07,502.51,64.2,2,0
4.77,1.74,0.768,0.876,1086.1,124.8,10.16,0.735,11.66,69.72,63.1,2,0
58.04,5.42,0.727,0.904,3503.3,155.0,3.01,4.363,251.95,935.21,58.0,1,0
10.8,1.63,0.902,0.331,3857.1,422.8,1.09,1.524,29.35,115.02,52.3,6,0
116.44,7.62,0.745,0.478,1408.2,246.9,0.71,1.773,302.0,1418.05,71.3,5,0
59.97,2.15,0.998,0.851,2046.1,414.0,9.18,5.824,271.1,743.65,58.0,12,0
19.68,6.51,0.414,0.794,196.5,187.9,0.54,2.889,89.66,502.77,84.5,5,0
18.6,0.58,0.85,0.833,1192.9,199.8,11.09,1.153,53.85,280.27,98.1,11,0
36.75,4.14,0.728,0.567,3898.3,84.4,10.69,1.296,56.27,308.89,53.7,9,0
31.62,8.29,0.722,0.92,3033.9,458.3,1.19,2.088,68.07,302.12,94.6,6,0
79.09,6.07,0.393,0.393,1036.8,448.5,13.6,0.447,370.34,2049.82,82.9,9,0
46.52,11.75,0.807,0.241,1294.6,492.1,7.83,0.186,216.14,1020.14,93.0,4,0
14.39,10.55,0.91,0.738,4085.8,201.8,13.57,0.746,44.43,179.76,57.7,7,1
106.17,4.63,0.297,0.585,1053.3,409.5,13.52,3.014,272.25,1559.23,95.3,11,0
41.73,1.02,0.663,0.869,1677.4,208.1,2.96,0.595,106.8,401.46,97.9,4,0
66.91,10.22,0.453,0.173,3325.1,227.7,5.71,0.28,310.47,1242.59,95.3,1,1
18.71,10.98,0.991,0.859,2810.0,415.2,2.02,0.494,49.34,132.13,89.3,4,0
52.71,9.94,0.531,0.364,2309.7,89.5,11.62,2.272,173.44,1004.33,54.5,2,1
50.89,1.97,0.305,0.689,4499.7,110.9,7.56,1.904,206.53,595.69,61.0,5,0
26.14,11.98,0.444,0.136,1106.4,158.0,13.93,2.332,58.37,163.77,95.7,11,0
110.53,3.47,0.688,0.649,3709.7,394.3,3.12,0.777,264.0,634.87,61.5,2,0
85.17,8.83,0.168,0.746,803.7,187.0,10.33,4.622,234.5,894.25,67.4,2,1
26.1,10.94,0.643,0.432,3082.5,179.7,14.84,1.202,98.91,306.06,52.5,12,0
1.42,3.21,0.938,0.294,4354.4,499.4,9.98,1.442,6.2,30.75,81.4,11,0
52.16,10.94,0.865,0.584,2294.9,192.5,1.03,5.944,178.06,575.16,78.2,12,0
43.03,4.06,0.161,0.85,3624.2,124.6,8.83,7.753,84.57,412.98,98.1,4,0
52.45,11.73,0.994,0.391,4103.8,312.0,2.7,2.167,160.59,447.06,94.6,7,1
46.71,3.73,0.729,0.327,688.8,401.1,0.46,5.794,90.93,265.51,75.3,3,0
57.72,11.46,0.246,0.351,3532.1,35.7,5.02,1.56,104.41,545.54,80.5,11,1
90.66,1.12,0.111,0.954,4600.0,309.8,3.99,0.734,323.07,1125.68,70.7,12,0
59.88,8.66,0.254,0.423,2886.1,18.8,11.83,0.757,290.24,710.25,56.6,7,1
3.26,6.62,0.854,0.103,938.8,263.6,5.61,1.637,14.46,84.51,93.4,11,0
87.69,6.0,0.119,0.804,643.4,129.2,10.99,1.858,369.23,1000.46,77.5,9,1
97.42,3.07,0.31,0.729,1306.1,154.0,0.24,1.158,394.04,1024.82,71.3,3,0
150.32,8.61,0.782,0.216,526.5,234.1,0.22,4.304,697.49,2394.84,53.4,4,1
0.68,2.69,0.627,0.986,2571.8,463.6,0.44,1.113,2.8,6.68,83.3,1,0
48.5,6.86,0.804,0.647,357.8,355.6,3.29,0.639,179.17,469.86,70.0,7,0
32.87,3.41,0.772,0.551,1124.8,468.5,5.61,0.1,91.27,491.56,62.7,1,0
59.36,11.49,0.146,0.444,2205.2,330.3,9.12,7.051,110.01,295.5,93.8,12,1
20.81,0.83,0.903,0.909,2374.8,4.5,14.79,3.478,64.8,158.49,59.2,3,0
107.32,2.8,0.304,0.32,2831.3,133.5,5.32,1.912,508.35,2806.01,75.8,9,1
12.89,3.29,0.598,0.357,3531.0,453.0,0.83,3.55,45.64,172.29,89.8,12,0
19.12,5.26,0.68,0.21,245.7,322.1,2.92,3.325,41.03,107.85,92.5,5,0
23.51,3.18,0.252,0.783,412.3,490.8,13.47,5.372,88.65,383.52,90.9,10,0
29.14,6.15,0.979,0.636,313.7,78.8,10.49,0.976,91.19,197.52,94.8,10,0
66.29,10.53,0.539,0.648,2121.5,149.1,11.85,1.619,315.52,1170.44,57.1,11,1
32.28,8.69,0.152,0.297,218.8,181.8,1.86,0.208,66.6,290.45,97.0,2,0
41.0,7.17,0.944,0.686,3732.9,164.0,2.02,6.723,163.66,953.88,50.5,9,0
32.72,1.52,0.628,0.789,1122.8,126.7,1.68,8.416,127.15,420.34,62.8,6,0
28.79,8.48,0.729,0.422,4696.7,222.3,12.86,3.113,142.29,720.01,54.2,9,0
97.52,2.41,0.573,0.821,2437.2,321.5,3.15,1.211,339.09,858.17,97.3,12,0
52.62,9.54,0.851,0.414,2237.2,156.3,9.65,1.373,239.46,894.22,71.2,11,0
9.78,3.38,0.13,0.782,3904.9,40.8,7.74,1.143,15.51,44.87,65.8,4,0
38.91,5.3,0.342,0.13,3568.6,354.6,8.17,0.694,75.1,298.13,58.4,6,0
40.63,4.53,0.523,0.596,3040.5,230.0,2.93,1.501,110.14,404.1,57.8,12,0
56.54,10.38,0.169,0.973,4676.4,278.7,9.53,0.11,207.38,1227.49,80.7,7,1
7.84,1.96,0.735,0.983,2117.1,228.2,0.65,9.629,24.08,136.55,52.4,11,0
60.74,7.0,0.454,0.354,4044.6,445.3,14.9,1.103,134.2,580.93,79.7,6,1
54.65,2.13,0.345,0.497,1906.7,279.8,0.4,5.245,194.69,526.83,88.7,4,0
17.95,8.61,0.103,0.157,4193.3,461.7,0.75,2.577,62.54,264.42,80.1,8,0
22.91,10.91,0.748,0.886,1304.8,255.8,4.87,0.685,76.42,394.96,91.3,6,0
62.17,5.5,0.85,0.612,1453.4,147.0,12.47,0.502,112.95,243.09,63.3,2,0
40.79,6.11,0.456,0.447,3392.6,178.4,3.86,10.887,193.54,723.09,53.9,12,0
9.19,11.17,0.608,0.201,1071.4,261.5,7.08,2.958,32.85,71.31,86.0,6,0
5.53,6.49,0.305,0.952,1153.5,265.5,0.27,0.574,13.39,39.86,91.4,1,0
46.95,6.11,0.66,0.577,1533.3,344.0,1.18,0.14,183.4,434.37,75.1,9,0
37.23,7.15,0.111,0.355,3397.9,113.0,9.12,2.387,97.28,568.32,91.0,10,0
19.73,8.43,0.54,0.415,4448.0,329.8,2.92,0.722,64.53,172.64,72.9,12,0
23.17,1.73,0.68,0.344,3376.1,389.5,10.41,0.5,62.42,162.32,59.9,7,0
64.37,9.94,0.926,0.642,4140.8,338.6,11.78,2.656,294.88,1736.34,73.7,8,1
21.88,5.51,0.443,0.937,2722.4,241.4,12.76,2.274,108.94,442.73,60.8,12,0
36.92,1.33,0.789,0.871,353.9,495.8,2.01,1.313,76.2,383.44,73.6,11,0
115.95,9.54,0.638,0.514,511.3,203.0,6.83,5.717,183.49,607.22,57.4,4,1
9.83,4.83,0.934,0.844,2776.4,54.2,14.21,2.277,22.29,92.08,59.3,8,0
24.81,1.65,0.459,0.481,1645.7,410.9,11.58,4.478,88.46,179.34,94.1,12,0
67.43,7.79,0.387,0.327,1110.6,106.9,1.75,0.423,142.19,516.9,55.8,1,0
16.25,10.62,0.898,0.985,2336.6,356.9,7.54,0.704,70.52,297.61,61.2,11,0
28.86,10.71,0.144,0.373,3335.8,90.3,13.84,0.221,84.57,343.17,99.8,4,1
12.66,11.51,0.223,0.391,1931.1,9.4,6.6,0.726,46.04,166.82,78.8,6,1
30.91,10.48,0.174,0.991,4014.7,80.7,12.56,7.135,95.65,492.74,79.3,10,1
95.95,0.52,0.859,0.221,3695.2,189.1,7.44,6.586,447.28,1792.05,92.2,7,0
68.07,4.87,0.11,0.784,3677.2,54.2,1.6,2.857,110.48,502.09,76.2,12,1
70.18,9.91,0.875,0.942,4926.1,99.6,2.22,1.472,284.4,778.82,61.1,3,1
9.57,4.71,0.506,0.561,1483.2,382.5,0.7,3.035,36.19,197.1,71.1,10,0
0.29,7.42,0.104,0.102,3227.2,385.2,2.93,1.613,1.1,3.78,87.8,10,0
59.37,7.47,0.461,0.438,4278.8,408.9,13.4,0.1,175.07,687.76,93.6,2,0
11.67,4.7,0.268,0.2,2901.8,420.7,9.75,1.392,18.15,61.86,63.7,9,0
73.48,10.9,0.662,0.475,3949.6,210.8,11.08,1.827,287.5,1600.68,63.1,1,1
58.09,6.29,0.711,0.811,2078.1,433.9,9.32,0.618,255.79,1433.2,66.4,10,0
32.25,5.85,0.539,0.495,2956.6,263.4,5.8,0.455,57.99,168.01,79.8,1,0
39.22,11.97,0.136,0.489,287.8,235.8,3.25,0.64,119.45,598.54,63.9,10,1
15.89,6.18,0.691,0.601,4929.0,359.5,13.88,1.954,32.88,79.28,94.7,2,0
47.17,2.55,0.858,0.624,4002.1,107.7,7.72,0.316,171.61,363.7,98.9,5,0
66.81,6.4,0.748,0.871,4345.4,395.0,7.22,2.548,283.9,1517.82,84.0,1,0
16.56,9.86,0.847,0.378,3474.5,215.3,14.94,1.099,63.47,160.24,98.5,6,0
50.49,9.43,0.28,0.84,938.4,64.5,5.76,0.872,131.93,345.55,64.4,8,1
72.64,9.57,0.9,0.609,164.8,60.5,12.81,3.293,144.48,639.5,90.8,10,0
25.47,8.64,0.39,0.37,4324.6,83.3,12.94,1.411,109.02,574.2,83.9,2,0
64.52,3.42,0.112,0.366,1987.7,445.4,3.49,0.951,169.94,468.76,63.2,5,0
138.51,10.41,0.859,0.425,1326.7,495.5,1.42,4.21,218.5,536.81,65.9,3,0
36.35,10.77,0.948,0.66,2812.7,179.1,14.63,0.919,127.22,293.78,74.4,2,0
53.77,2.73,0.69,0.308,2110.3,146.8,6.39,3.918,127.07,266.77,89.6,6,0
14.17,2.0,0.308,0.928,3261.8,110.2,0.03,1.403,62.97,155.27,93.6,1,0
46.34,11.72,0.327,0.617,2424.1,412.1,7.49,0.466,92.75,535.25,81.7,12,0
56.11,10.49,0.52,0.928,3489.2,105.4,9.29,1.898,169.55,403.73,86.1,8,1
46.82,10.77,0.908,0.142,4268.6,462.1,11.64,0.672,111.71,490.43,63.2,6,0
4.31,10.69,0.235,0.408,985.8,334.0,14.14,0.318,16.87,95.89,87.1,4,0
47.22,6.73,0.843,0.121,1653.9,448.7,13.73,0.181,161.49,728.55,80.2,12,0
91.18,7.93,0.362,0.345,2189.7,277.5,14.1,0.553,389.18,829.35,61.1,5,0
55.7,6.77,0.828,0.876,4810.7,345.6,0.48,2.668,172.96,758.56,97.5,2,0
73.67,1.09,0.928,0.133,1833.0,310.1,10.68,3.64,111.74,627.14,75.6,8,0
31.7,9.07,0.485,0.493,1911.7,415.8,3.39,3.957,71.44,235.04,89.7,6,0
66.25,6.31,0.429,0.206,3270.8,418.1,2.81,0.63,331.04,1077.36,76.3,6,0
49.77,7.95,0.822,0.475,2101.8,295.3,12.0,2.163,145.28,435.17,96.6,3,0
6.72,6.28,0.577,0.855,4756.6,316.6,6.26,0.524,24.66,99.19,57.1,1,0
51.15,6.16,0.716,0.661,4473.4,461.0,13.75,1.95,238.72,704.65,77.3,8,0
5.29,2.48,0.661,0.763,2571.9,465.0,0.64,4.364,8.32,40.71,51.3,12,0
17.85,3.71,0.238,0.414,3227.4,332.5,12.03,0.1,67.98,311.31,59.9,7,0
46.63,2.33,0.86,0.95,299.6,4.9,2.05,8.43,117.0,421.56,64.1,12,0
50.4,2.75,0.276,0.738,3481.7,53.1,2.65,3.51,124.87,610.63,73.6,1,0
1.62,11.69,0.939,0.48,3538.9,429.1,7.16,2.868,3.71,8.89,91.0,12,0
76.89,2.26,0.326,0.484,1802.4,43.3,5.93,2.351,336.74,1683.07,73.3,8,0
60.02,3.6,0.76,0.927,1106.2,107.5,7.29,2.942,168.38,742.81,78.1,10,0
15.33,7.29,0.356,0.619,4576.2,116.0,14.1,10.441,26.6,120.26,96.2,2,0
13.82,7.52,0.386,0.736,2139.3,300.5,9.86,2.941,25.41,57.38,87.8,11,0
34.93,2.27,0.379,0.475,3272.0,288.7,4.35,0.866,70.56,315.58,52.5,8,0
24.39,9.63,0.773,0.301,176.3,145.4,2.59,1.903,113.33,450.66,58.8,5,0
43.96,9.53,0.601,0.751,2076.2,104.6,6.3,0.822,131.71,519.38,51.9,8,1
27.29,3.23,0.895,0.647,4088.1,382.5,6.77,7.017,128.44,422.22,53.5,11,0
30.26,3.82,0.377,0.551,1944.0,467.8,9.02,4.608,131.97,267.97,66.9,12,0
26.41,11.29,0.723,0.662,3019.8,27.4,3.99,1.677,117.06,432.0,86.4,6,1
29.3,10.0,0.778,0.287,1057.2,67.5,11.51,3.04,73.37,264.41,62.2,2,0
62.18,8.52,0.236,0.815,2088.5,321.4,1.48,4.809,152.31,562.22,69.6,7,1
15.56,1.45,0.461,0.953,4638.9,402.4,8.41,0.558,53.85,239.53,69.7,11,0
98.75,5.31,0.535,0.902,2836.6,395.8,9.35,1.733,292.58,936.15,79.5,11,0
26.91,6.93,0.42,0.389,4510.6,360.1,3.1,1.314,88.3,271.75,94.6,6,0
85.89,2.66,0.39,0.465,4511.1,443.8,12.39,2.953,144.83,578.04,99.2,4,0
32.15,5.65,0.718,0.828,4721.3,109.5,9.23,0.953,157.55,688.37,80.2,9,1
70.09,7.41,0.294,0.636,4478.0,54.5,9.69,2.469,119.4,509.74,75.3,4,1
42.79,4.26,0.738,0.593,26.4,308.1,7.47,1.032,90.97,502.77,84.1,1,0
79.88,9.48,0.942,0.934,4670.7,411.3,13.64,0.235,309.45,1570.94,83.4,3,0
26.44,10.17,0.609,0.582,695.9,291.4,10.41,0.227,54.05,119.39,76.2,11,0
1.55,4.22,0.65,0.563,209.2,481.5,5.73,0.254,2.9,12.34,86.8,8,0
89.72,10.14,0.162,0.138,286.4,398.0,3.58,0.1,182.82,671.16,74.6,3,1
36.03,1.69,0.878,0.162,1751.1,350.7,1.07,1.523,61.85,213.03,99.8,7,0
47.75,10.13,0.357,0.107,3107.8,31.1,2.48,2.229,113.64,662.69,52.4,11,1
83.22,2.26,0.654,0.922,2017.5,54.8,14.89,0.271,203.79,779.94,72.2,1,0
3.88,1.45,0.981,0.468,137.5,392.6,6.1,1.893,12.6,61.44,69.9,4,0
60.84,7.88,0.636,0.522,2387.6,99.9,13.48,1.821,184.69,1083.81,88.5,4,0
19.35,5.93,0.752,0.861,2216.2,15.4,2.56,0.318,61.12,159.15,59.5,9,0
35.37,10.94,0.501,0.648,3786.7,455.5,6.38,1.035,129.33,286.92,71.7,12,0
42.53,4.68,0.154,0.649,1405.3,445.5,14.41,2.814,98.17,319.51,84.9,11,0
12.51,3.8,0.818,0.367,1095.5,110.0,1.37,0.1,24.66,53.7,80.2,1,0
12.74,6.26,0.131,0.851,1287.1,390.3,8.91,0.318,58.3,143.84,77.3,11,0
87.29,5.74,0.731,0.249,1525.7,24.9,13.79,10.959,324.6,1936.86,71.7,12,0
71.02,4.46,0.121,0.148,2999.8,143.2,14.25,2.645,121.6,710.25,87.6,9,0
37.81,8.48,0.876,0.272,2362.9,312.2,12.69,1.248,183.88,876.24,82.3,10,0
48.51,9.23,0.242,0.341,1691.1,381.8,12.84,1.987,190.43,954.45,93.7,8,0
29.7,10.31,0.563,0.354,1877.8,6.2,9.78,3.744,60.32,154.55,86.6,10,0
87.48,11.69,0.637,0.703,1860.9,163.8,3.31,3.694,427.95,1874.83,57.0,6,1
32.99,3.57,0.512,0.296,4862.3,108.0,10.96,0.785,91.67,239.96,81.0,11,0
48.11,8.74,0.407,0.709,1172.7,499.4,14.68,1.352,237.96,836.1,52.2,4,0
80.11,5.03,0.521,0.182,4092.1,335.8,7.89,2.033,149.12,504.24,69.4,11,0
12.79,8.29,0.38,0.232,3544.0,203.4,3.91,0.149,26.35,117.41,70.6,6,0
94.56,5.97,0.494,0.558,37.8,38.8,8.6,5.83,359.41,833.39,92.7,6,0
13.57,11.93,0.423,0.93,4965.9,299.7,10.36,1.134,21.4,51.66,59.0,2,0
97.04,8.88,0.61,0.874,3784.6,321.2,3.12,0.927,151.9,674.41,82.2,7,1
26.96,11.45,0.314,0.972,3415.4,408.4,10.79,4.752,115.16,523.32,59.6,9,1
31.51,10.1,0.99,0.685,2032.6,145.0,8.81,0.252,65.76,220.92,97.4,8,0
26.15,10.88,0.551,0.708,2780.5,490.7,9.19,0.1,123.32,319.09,76.5,3,0
24.08,9.87,0.275,0.663,1273.8,220.3,4.59,2.31,72.02,399.31,85.4,8,1
3.61,5.78,0.529,0.661,187.1,148.7,2.33,0.972,16.44,36.36,82.3,4,0
18.73,3.4,0.88,0.232,4181.7,174.9,9.35,2.892,55.49,270.2,65.2,10,0
35.19,4.76,0.12,0.589,4483.5,260.3,8.79,0.142,118.1,302.37,95.1,1,0
73.52,0.73,0.712,0.447,820.7,468.4,5.07,0.968,191.73,872.29,81.4,3,0
47.27,6.53,0.593,0.498,3937.4,367.8,4.44,0.537,179.77,836.74,75.5,1,0
50.77,6.31,0.253,0.571,3708.4,289.0,5.21,2.691,132.69,692.27,76.4,5,0
1.66,6.54,0.836,0.216,900.1,82.2,7.35,0.515,3.78,13.53,94.5,10,0
9.17,11.7,0.432,0.424,2114.9,75.5,14.62,1.225,16.36,34.15,53.0,11,0
102.96,10.98,0.364,0.157,2119.6,251.6,11.45,3.417,175.21,918.86,69.5,9,1
14.27,2.36,0.845,0.982,3802.2,364.6,12.78,4.939,36.68,138.52,92.1,7,0
97.97,4.74,0.675,0.207,4189.9,375.8,7.58,2.565,399.48,2152.53,51.9,3,0
31.49,5.38,0.908,0.333,482.9,113.7,7.89,1.122,69.9,356.78,82.0,7,0
40.08,4.65,0.667,0.902,2819.2,50.9,3.06,1.697,102.1,407.69,70.2,12,0
77.46,9.68,0.767,0.534,3811.1,192.8,10.82,2.34,361.6,2168.76,60.2,8,1
84.52,6.53,0.853,0.222,3933.1,459.2,6.32,4.158,315.84,1215.45,80.6,4,0
36.12,7.08,0.149,0.446,748.5,273.1,11.14,4.389,170.46,815.82,91.6,3,0
26.41,10.31,0.798,0.204,2632.3,160.7,6.14,5.346,123.85,579.53,73.4,2,0
38.04,9.77,0.652,0.28,4289.2,162.5,1.63,3.329,65.51,266.76,57.3,8,1
51.83,2.02,0.163,0.147,1599.4,66.9,2.6,0.318,250.98,1089.61,65.3,3,0
71.2,8.71,0.558,0.494,2131.3,237.1,12.17,2.754,119.55,620.98,99.1,7,1
40.15,5.51,0.174,0.826,4023.7,395.9,3.88,3.37,190.29,815.66,55.6,11,0
61.66,3.89,0.762,0.627,455.7,484.3,3.97,4.205,210.48,799.96,58.0,11,0
97.34,1.08,0.592,0.646,4298.9,251.3,13.94,5.176,327.67,1523.12,99.5,11,0
53.35,6.1,0.958,0.281,1562.7,84.4,9.86,1.423,213.19,456.67,94.1,2,0
50.91,4.59,0.265,0.41,17.2,341.8,1.71,2.129,233.02,567.81,85.4,5,0
13.16,3.39,0.645,0.861,1178.5,378.6,2.15,0.1,48.17,120.5,57.5,5,0
52.08,8.49,0.29,0.179,456.6,36.8,4.09,1.701,155.65,576.38,62.0,9,0
53.59,9.35,0.653,0.872,471.0,425.2,8.91,1.282,101.38,556.27,59.0,8,0
36.68,3.32,0.75,0.535,3467.3,414.8,11.29,6.557,156.34,714.99,81.5,8,0
21.98,1.07,0.75,0.853,1077.7,236.8,4.12,4.64,42.84,252.38,69.9,10,0
48.52,10.26,0.834,0.386,4674.4,280.7,13.06,3.195,196.15,423.63,52.4,2,0
37.89,0.61,0.868,0.405,2587.1,357.0,1.64,0.117,126.83,619.96,64.6,2,0
79.47,11.28,0.17,0.776,2305.9,338.7,3.11,1.028,226.53,737.76,93.0,12,1
43.01,7.72,0.409,0.806,2177.1,9.3,14.56,2.382,156.81,328.22,89.8,10,0
13.86,4.2,0.718,0.307,3466.0,62.1,2.02,0.1,58.25,308.93,82.2,7,0
74.66,3.33,0.549,0.976,2266.8,82.1,13.32,0.538,357.9,948.71,54.3,12,0
32.4,0.6,0.272,0.176,651.7,378.1,10.56,4.37,78.62,224.56,94.1,4,0
58.43,3.21,0.597,0.162,4402.1,220.6,1.1,0.278,281.33,945.8,76.7,3,0
23.29,2.08,0.467,0.636,2147.7,273.2,7.26,0.105,113.27,583.73,74.7,3,0
17.26,7.54,0.451,0.75,379.3,386.6,7.78,1.738,75.02,337.49,96.7,7,0
42.95,2.42,0.829,0.965,2651.5,171.2,13.98,5.855,196.91,602.43,50.4,1,0
40.45,6.58,0.467,0.464,3240.3,374.7,6.32,3.599,158.7,424.36,77.8,4,0
56.79,7.29,0.124,0.123,1385.2,221.7,6.7,7.36,92.96,226.66,89.6,6,0
30.6,3.93,0.152,0.643,4003.7,189.2,1.69,2.801,107.48,279.37,53.2,9,0
24.27,0.9,0.871,0.361,3352.2,167.2,9.59,1.15,99.89,546.64,67.9,12,0
24.85,0.93,0.965,0.49,3255.2,482.5,3.16,5.861,119.19,678.3,98.9,1,0
67.78,0.8,0.72,0.54,2109.9,386.2,1.16,1.112,237.01,1391.69,60.6,1,0
29.59,9.0,0.428,0.158,4810.0,11.1,14.95,0.862,126.64,676.14,76.6,2,0
31.38,4.16,0.945,0.537,1378.2,478.8,4.04,1.189,124.49,690.87,87.3,7,0
74.52,9.66,0.697,0.484,2892.8,387.9,2.12,3.364,185.03,974.06,69.5,7,1
15.08,5.46,0.86,0.741,1552.2,75.4,10.49,4.995,30.79,179.57,70.4,5,0
14.0,5.71,0.789,0.681,3726.6,39.1,12.33,0.885,57.79,311.04,53.2,4,0
34.38,6.4,0.441,0.267,248.5,154.8,0.96,1.241,79.69,306.67,59.5,10,0
23.05,8.7,0.531,0.286,239.0,312.5,1.58,4.572,54.32,178.89,94.0,6,0
6.18,3.65,0.268,0.326,4056.2,308.7,1.35,0.1,23.2,100.63,90.9,8,0
33.86,1.9,0.363,0.261,2177.0,138.6,0.7,3.064,144.31,639.69,65.2,12,0
57.2,6.89,0.8,0.691,1712.5,223.4,9.89,1.211,202.39,870.22,69.1,7,0
39.67,4.26,0.905,0.995,3041.6,106.7,8.82,0.945,182.4,880.44,72.0,2,0
50.74,5.59,0.752,0.687,3512.5,26.2,9.94,1.185,113.67,545.15,67.3,11,0
103.47,7.94,0.519,0.646,1014.0,259.0,7.59,1.085,246.61,579.24,82.7,2,1
28.0,6.18,0.178,0.469,935.3,174.1,12.26,2.826,104.42,328.09,50.6,6,0
49.74,7.63,0.151,0.381,4791.2,271.9,8.2,5.261,219.0,1217.54,94.0,12,0
22.18,6.76,0.437,0.92,2952.4,473.3,13.78,1.352,75.13,327.58,65.0,1,0
10.38,9.01,0.517,0.972,1956.7,72.5,7.28,3.576,15.94,52.84,93.6,5,0
19.53,8.62,0.648,0.547,4009.2,2.0,11.86,2.633,75.56,408.17,72.7,1,0
23.24,6.64,0.106,0.361,2630.5,39.4,6.11,0.803,101.05,302.77,88.8,7,0
52.58,8.31,0.991,0.793,1215.9,231.9,6.53,1.77,129.77,471.93,91.3,3,0
122.22,10.55,0.428,0.219,1041.6,353.8,12.73,2.198,206.51,641.22,65.1,9,1
14.94,5.47,0.863,0.789,1990.3,290.8,1.61,0.1,49.49,271.47,82.0,5,0
25.42,5.25,0.581,0.837,4300.9,248.0,8.47,1.008,41.88,205.75,80.4,1,0
37.79,9.29,0.217,0.212,316.6,177.6,10.9,9.823,111.71,429.07,73.8,10,0
53.85,7.2,0.818,0.979,1100.4,155.7,11.26,2.028,84.14,482.04,73.5,4,0
49.22,1.32,0.739,0.987,4466.8,188.8,8.87,0.814,112.59,642.89,65.3,8,0
84.94,10.76,0.575,0.943,617.5,306.2,6.72,0.575,243.01,1177.66,65.5,7,1
44.92,0.85,0.563,0.546,3151.8,84.7,3.91,0.47,84.95,473.0,77.4,6,0
43.54,9.11,0.179,0.321,1075.4,385.9,13.64,1.027,82.71,403.43,51.6,9,1
22.64,9.23,0.69,0.624,3033.3,288.1,5.55,0.43,99.52,449.1,96.7,12,0
78.41,11.46,0.92,0.478,1921.7,135.3,11.98,0.29,128.98,475.03,82.5,12,0
14.8,1.12,0.184,0.285,517.4,251.1,0.47,0.905,57.88,179.07,72.2,4,0
65.27,7.36,0.337,0.481,2916.6,481.4,3.48,1.868,283.96,636.36,53.1,10,0
59.99,5.42,0.912,0.698,3418.4,11.2,5.18,0.317,117.43,611.07,81.5,12,0
48.53,4.3,0.356,0.164,3404.6,100.6,10.07,0.1,105.98,263.74,50.9,1,0
1.84,1.54,0.689,0.4,3188.8,224.7,4.79,0.1,6.9,25.13,84.0,12,0
5.51,6.97,0.581,0.116,2506.1,319.6,0.62,0.622,14.34,42.14,53.6,10,0
6.06,6.01,0.637,0.775,2602.2,106.9,2.61,0.422,19.19,73.28,82.8,6,0
43.87,1.7,0.474,0.677,3181.8,465.8,3.89,1.55,194.16,632.96,70.3,4,0
18.08,7.54,0.37,0.156,3454.4,321.6,2.64,1.217,35.85,190.68,83.1,1,0
57.29,8.99,0.144,0.968,3277.8,438.8,3.06,0.785,210.19,1242.81,56.9,10,1
59.91,9.32,0.77,0.12,2938.9,165.3,11.53,3.586,287.48,1657.68,55.9,3,0
10.01,10.91,0.771,0.631,787.6,414.6,6.18,1.406,17.03,76.45,62.4,11,0
0.59,5.21,0.704,0.799,1061.0,189.7,6.08,0.192,1.01,5.95,70.6,1,0
31.03,11.46,0.679,0.809,1308.5,127.1,14.5,0.701,106.79,384.74,62.7,5,0
21.17,10.45,0.319,0.131,4599.1,455.9,6.7,7.249,102.88,420.79,54.1,8,1
67.92,3.91,0.12,0.916,3799.4,47.0,13.91,7.543,154.3,467.13,66.3,12,1
25.08,2.33,0.828,0.927,2768.8,471.5,4.49,0.588,66.65,372.69,85.3,2,0
41.59,5.51,0.542,0.605,1267.8,229.8,6.01,0.366,76.75,208.67,79.2,12,0
59.54,5.12,0.376,0.534,563.3,496.3,5.94,1.369,164.8,732.05,98.2,6,0
104.98,7.12,0.192,0.14,4494.8,270.3,8.19,1.313,173.76,903.19,71.8,6,1
23.14,7.21,0.156,0.606,4464.4,379.0,8.76,1.056,66.22,290.14,66.6,5,0
51.36,9.12,0.414,0.468,562.4,4.5,3.72,1.507,176.88,409.5,84.7,7,1
23.14,6.36,0.824,0.796,3988.1,248.8,11.9,0.528,113.65,505.27,70.6,1,0
43.72,1.71,0.927,0.463,2238.8,369.0,7.45,0.244,190.8,967.05,80.9,10,0
69.57,10.37,0.907,0.715,1626.6,391.6,0.11,1.69,304.51,837.81,97.3,4,0
39.81,4.06,0.928,0.191,3698.1,79.9,8.87,5.394,91.49,452.69,75.0,11,0
81.25,11.67,0.917,0.22,3075.5,210.1,11.97,0.296,146.68,808.83,74.9,6,1
8.07,1.86,0.575,0.226,3902.4,210.1,3.76,2.44,29.14,173.24,88.8,4,0
58.2,11.52,0.297,0.141,380.9,52.7,0.57,1.152,193.44,704.18,87.8,6,1
105.41,1.55,0.818,0.587,1599.7,222.1,12.11,0.696,348.67,732.43,75.8,2,0
54.69,3.16,0.292,0.815,1603.4,403.7,14.64,3.836,102.9,378.29,53.2,11,0
49.68,1.04,0.34,0.649,1655.5,150.8,1.15,1.219,160.4,744.39,99.0,9,0
40.3,8.61,0.31,0.617,2517.4,216.9,14.07,1.751,81.66,454.46,68.9,4,0
14.98,10.28,0.563,0.713,1422.2,480.5,5.39,1.171,44.6,256.58,65.8,5,0
87.45,5.49,0.39,0.406,2227.5,16.8,14.12,0.169,150.19,846.83,99.1,7,1
18.62,11.18,0.239,0.426,1845.2,296.2,9.73,1.807,83.77,388.03,93.6,8,1
57.66,7.29,0.508,0.383,3679.1,372.0,13.35,1.085,89.15,421.66,66.5,1,0
14.71,7.75,0.887,0.741,3021.5,380.7,11.79,0.182,70.41,141.49,65.4,7,0
1.28,10.22,0.613,0.245,3271.6,358.3,0.42,1.812,5.79,20.01,86.0,10,0
90.23,3.91,0.891,0.112,1060.8,363.5,0.98,0.1,373.01,2099.11,66.7,9,0
27.84,4.57,0.276,0.637,1634.3,30.4,7.89,0.468,137.52,654.39,62.6,2,0
90.86,10.92,0.25,0.948,115.6,267.5,1.94,3.038,153.41,593.97,99.0,11,1
37.26,10.86,0.618,0.648,550.8,391.7,6.92,0.1,139.57,337.34,78.3,2,0
24.47,11.73,0.517,0.805,1332.6,47.9,14.32,2.081,109.43,326.67,88.1,11,0
71.22,10.87,0.694,0.706,336.7,7.0,4.42,5.98,138.4,583.99,85.7,4,0
19.35,1.96,0.815,0.548,3017.1,407.5,7.33,0.376,68.64,383.71,87.8,12,0
64.45,9.97,0.776,0.747,4990.7,356.4,5.76,1.08,185.55,442.2,95.2,1,0
40.88,5.21,0.948,0.842,513.1,206.7,9.45,1.714,123.69,323.44,75.0,9,0
14.01,11.89,0.458,0.302,4107.9,470.3,2.91,1.197,65.76,303.8,87.7,12,0
45.75,5.93,0.286,0.403,602.9,383.5,3.9,1.937,154.88,491.98,89.8,5,0
116.87,6.87,0.596,0.301,3352.9,484.0,12.88,1.035,213.45,571.79,97.3,3,0
57.25,6.59,0.2,0.507,3219.4,464.7,12.17,0.322,273.69,742.73,85.7,6,0
37.99,4.2,0.36,0.897,4514.6,241.2,11.84,0.187,81.6,324.01,94.6,7,0
77.64,1.36,0.287,0.411,578.6,377.6,11.56,2.729,359.01,1556.31,54.8,4,0
47.37,10.8,0.457,0.437,1584.1,334.9,6.89,0.545,232.05,1303.49,56.3,2,0
47.33,9.73,0.2,0.874,463.0,405.9,10.93,3.761,216.43,891.53,57.9,12,0
1.79,2.1,0.129,0.564,2042.8,394.1,5.81,2.718,6.94,33.07,57.2,5,0
48.18,9.43,0.691,0.582,4558.8,77.5,1.51,0.101,197.67,538.22,54.4,12,1
76.24,7.7,0.649,0.875,3909.8,117.6,5.9,0.449,301.11,1461.56,56.1,7,1
10.74,5.21,0.738,0.541,3617.3,133.6,2.38,0.691,33.41,153.53,99.8,10,0
89.86,3.42,0.694,0.713,2669.8,409.4,5.86,1.805,221.09,633.37,63.6,10,0
36.79,10.39,0.203,0.177,4418.6,405.6,4.46,3.32,91.88,429.79,73.9,3,0
8.93,8.55,0.362,0.261,2252.7,248.2,8.99,0.124,36.24,103.14,91.1,2,0
74.92,6.8,0.217,0.464,756.9,290.8,5.42,0.574,276.53,1209.62,55.9,2,0
29.96,7.51,0.859,0.545,4189.6,413.6,10.58,0.944,106.28,496.9,65.9,11,0
66.58,1.55,0.772,0.969,1405.4,157.0,7.68,0.405,251.96,1202.7,58.0,12,0
29.79,5.95,0.281,0.974,277.6,26.0,13.79,1.576,125.46,707.24,53.1,12,0
37.91,2.73,0.407,0.866,638.9,241.8,1.37,1.3,156.14,904.28,98.0,11,0
57.27,2.9,0.97,0.384,3049.2,456.9,10.32,0.761,107.04,560.97,92.9,4,0
50.18,8.1,0.635,0.968,3039.3,395.4,10.09,1.455,139.03,766.77,94.0,4,0
29.84,10.98,0.821,0.72,1308.3,183.9,14.26,0.88,72.34,150.27,93.4,5,0
0.76,5.14,0.338,0.454,3638.6,33.3,5.57,0.841,2.56,8.83,57.7,3,0
72.53,2.89,0.289,0.732,3870.5,318.8,4.58,0.617,124.38,268.53,89.2,11,0
35.38,7.96,0.806,0.115,4603.3,417.4,2.59,1.555,147.47,427.56,86.4,1,0
21.67,10.52,0.717,0.232,2928.8,332.8,3.98,1.174,40.58,143.13,96.3,4,0
7.55,9.11,0.713,0.847,3899.3,213.1,7.53,0.437,18.5,101.18,61.0,1,0
2.21,10.49,0.597,0.681,3768.0,62.6,12.57,0.1,9.37,37.91,70.7,12,0
30.76,6.67,0.607,0.428,1296.5,455.5,4.26,0.327,51.7,237.57,64.7,8,0
36.46,9.15,0.762,0.551,1558.0,138.7,2.37,0.1,138.92,479.45,62.9,5,0
19.05,2.11,0.343,0.915,2397.6,112.9,4.08,1.13,90.24,398.09,82.6,2,0
6.17,4.51,0.417,0.668,105.0,408.2,1.51,0.51,22.59,118.88,58.2,12,0
37.62,4.98,0.884,0.458,1494.0,490.6,13.9,1.091,150.25,481.54,73.2,5,0
52.74,6.38,0.378,0.208,2374.7,330.4,13.09,0.799,225.35,1291.04,82.3,5,0
113.26,11.18,0.592,0.364,549.3,312.8,4.63,1.544,258.0,736.13,56.5,1,1
12.92,10.55,0.732,0.981,640.1,160.4,3.7,2.574,45.64,259.09,62.8,5,0
80.58,2.05,1.0,0.494,2321.6,11.2,13.58,1.305,208.03,439.6,98.4,8,0
74.06,2.49,0.492,0.525,3657.5,96.7,0.03,0.128,175.76,733.09,89.8,10,0
12.73,4.61,0.485,0.549,4170.4,292.6,9.01,0.1,27.67,164.4,83.8,2,0
47.11,3.84,0.858,0.896,2736.1,76.5,13.74,0.48,167.21,742.24,92.8,8,0
23.98,7.57,0.825,0.644,2379.0,442.0,7.63,1.107,102.67,433.2,50.7,8,0
46.5,10.88,0.758,0.724,1927.6,94.9,0.04,0.1,212.3,1004.14,50.3,12,0
92.82,11.57,0.517,0.45,972.8,261.5,3.28,0.794,278.46,879.17,57.7,1,0
61.2,8.02,0.392,0.126,741.3,256.5,13.84,4.361,171.66,380.35,74.8,4,0
57.8,10.14,0.648,0.938,3961.6,302.4,0.26,0.189,225.75,678.2,78.5,5,1
24.94,6.54,0.889,0.954,2330.4,164.4,5.92,5.933,105.52,285.44,55.7,10,0
11.94,2.9,0.895,0.954,3953.7,436.9,11.85,3.885,28.5,162.29,53.6,8,0
32.7,6.53,0.198,0.949,3523.4,222.7,12.57,3.565,83.08,449.41,91.4,3,0
82.23,6.88,0.486,0.834,977.5,350.4,7.16,3.985,276.86,905.58,73.2,1,0
13.45,9.04,0.518,0.716,2556.4,318.3,3.49,0.167,41.1,219.63,99.6,7,0
3.07,3.03,0.98,0.86,2225.6,59.5,9.0,0.328,12.2,34.72,61.5,4,0
44.42,4.74,0.71,0.64,2125.1,311.7,3.96,0.289,145.06,405.92,82.4,10,0
5.54,4.69,0.467,0.221,2717.4,275.8,3.83,0.236,10.47,53.08,90.2,12,0
12.26,11.53,0.123,0.452,4910.6,449.4,12.11,0.794,25.51,84.4,93.6,5,0
25.17,5.61,0.609,0.974,4066.4,440.6,2.31,3.546,117.23,264.84,65.3,6,0
7.8,9.18,0.186,0.416,4519.5,76.3,0.08,0.581,17.9,87.35,59.7,4,0
5.91,9.13,0.851,0.881,157.9,41.8,5.05,0.56,9.89,58.95,61.3,1,0
64.62,3.55,0.777,0.184,710.3,148.0,7.36,2.253,262.36,1118.69,83.3,11,0
5.76,7.08,0.514,0.401,433.0,493.3,10.58,0.204,22.42,68.49,76.1,8,0
15.93,10.78,0.486,0.416,1323.5,11.8,11.72,0.893,57.34,200.2,79.9,11,0
17.95,5.96,0.908,0.146,2215.0,336.8,9.95,0.7,58.48,268.68,51.0,9,0
65.62,11.37,0.36,0.207,3213.8,304.6,9.4,3.759,321.11,1543.08,69.5,3,1
33.11,2.97,0.324,0.274,2509.1,323.6,9.99,1.445,63.55,352.39,65.5,10,0
23.74,1.35,0.945,0.854,4516.9,109.9,4.07,2.08,78.0,439.55,93.2,4,0
41.55,10.75,0.828,0.157,4699.9,114.1,5.74,0.276,144.36,786.06,88.8,5,0
21.1,10.25,0.839,0.369,826.0,215.9,9.25,5.288,33.31,153.03,71.5,10,0
57.31,11.91,0.276,0.109,4266.0,48.8,0.98,0.779,168.62,640.65,81.5,9,1
53.42,8.31,0.229,0.726,2413.8,38.2,4.43,2.454,226.49,1068.41,52.4,5,1
25.67,11.27,0.123,0.658,2272.1,45.1,6.1,6.186,80.84,377.24,81.9,7,1
75.21,10.01,0.313,0.68,3926.8,286.9,8.0,1.421,343.21,985.67,54.9,3,1
0.54,10.21,0.797,0.437,474.8,199.5,7.3,1.417,2.02,8.14,85.7,1,0
79.48,7.05,0.316,0.287,4413.6,147.5,10.77,0.249,332.32,941.41,78.7,6,1
45.41,4.9,0.756,0.748,3357.6,158.6,7.1,0.989,195.96,1096.71,65.0,10,0
28.22,11.25,0.327,0.83,4377.6,104.4,13.56,3.827,110.43,363.66,68.5,1,1
39.3,5.47,0.456,0.225,4972.4,206.3,5.7,0.29,162.05,846.15,54.5,6,0
36.25,6.7,0.985,0.538,2594.8,102.3,7.88,4.99,142.58,500.29,66.1,8,0
82.71,5.63,0.32,0.324,475.4,349.3,0.05,2.201,283.42,1432.65,98.3,9,0
2.32,7.0,0.439,0.251,841.0,62.8,4.66,1.093,8.07,23.26,74.3,8,0
13.31,5.91,0.371,0.761,1624.9,474.2,13.0,1.582,28.81,145.66,73.7,5,0
76.27,1.05,0.199,0.584,526.7,45.8,5.0,0.326,335.29,911.36,81.5,7,0
19.16,10.64,0.541,0.295,4078.6,471.8,3.8,0.49,49.66,196.83,74.2,6,0
71.52,5.61,0.441,0.379,1491.4,416.8,8.15,0.675,241.38,592.47,67.8,9,0
99.48,7.27,0.725,0.97,4879.7,340.7,1.18,0.972,236.11,970.78,57.0,4,1
25.94,2.1,0.836,0.864,3515.9,456.2,7.97,4.943,102.08,539.26,81.5,8,0
63.85,0.54,0.59,0.892,875.4,70.5,4.55,0.916,313.69,1575.41,87.4,12,0
0.38,3.32,0.129,0.514,2385.5,89.0,5.75,1.484,1.63,3.6,96.2,11,0
66.42,8.6,0.657,0.661,2339.8,126.8,11.87,0.354,243.54,966.52,50.2,9,1
46.98,1.64,0.15,0.439,2467.6,123.2,9.93,2.663,163.78,885.89,53.3,7,0
56.56,10.95,0.655,0.17,2683.1,156.1,6.69,1.643,181.78,836.28,95.0,12,0
17.4,2.97,0.717,0.461,165.6,288.2,8.66,1.159,38.59,86.33,81.6,7,0
18.14,2.85,0.278,0.635,3434.6,15.1,11.5,5.882,49.3,162.81,97.9,2,0
57.61,2.59,0.837,0.358,2441.1,191.8,11.19,4.426,168.37,711.59,71.5,9,0
32.22,0.66,0.92,0.863,3956.9,123.9,2.78,2.155,154.84,416.63,70.8,12,0
28.89,9.38,0.832,0.236,4078.6,303.7,4.51,5.097,86.38,408.36,67.2,5,0
72.94,10.56,0.375,0.43,1160.4,492.6,5.22,1.664,259.06,1175.99,57.1,10,0
46.72,7.56,0.628,0.212,251.6,259.3,2.81,3.508,220.9,620.67,68.9,3,0
108.19,2.66,0.923,0.464,3519.1,213.4,0.18,1.053,358.6,1506.7,50.7,4,0
75.88,3.78,0.389,0.136,4889.0,184.8,2.61,0.181,180.6,947.57,75.5,10,0
17.11,5.97,0.838,0.345,2238.8,392.7,12.12,10.282,48.49,169.69,92.4,2,0
40.96,11.47,0.109,0.461,1305.5,36.9,8.19,0.362,115.27,344.41,66.1,3,0
38.34,3.34,0.103,0.53,791.8,479.9,5.12,0.579,153.43,737.19,54.7,6,0
15.38,8.91,0.784,0.589,1444.4,209.5,9.13,0.356,39.0,89.05,98.7,12,0
7.09,5.55,0.785,0.347,1646.3,157.5,11.1,0.823,28.74,153.21,56.4,1,0
20.37,3.93,0.81,0.571,2125.1,487.1,5.32,0.683,93.97,542.56,76.4,2,0
31.27,5.74,0.937,0.558,3280.5,468.0,6.99,1.838,83.68,490.3,90.5,4,0
41.66,1.32,0.206,0.385,1373.1,321.3,0.96,11.287,82.23,306.73,62.6,1,0
31.28,9.68,0.309,0.847,264.4,10.2,8.96,0.108,116.84,524.93,92.1,6,1
18.55,3.3,0.913,0.591,1872.7,374.5,5.35,3.014,51.26,278.3,77.9,12,0
54.15,8.84,0.26,0.399,4279.6,168.4,6.5,0.274,182.42,527.87,66.6,4,0
65.06,1.29,0.714,0.953,2496.8,194.8,6.34,0.1,241.98,510.77,93.3,2,0
47.95,11.48,0.577,0.861,4824.3,80.2,9.49,2.035,140.34,496.57,81.1,10,1
28.66,2.72,0.175,0.984,2523.1,262.2,8.59,4.132,135.73,751.63,80.8,4,0
60.7,10.65,0.357,0.723,1386.7,372.5,6.33,0.388,175.95,707.37,75.2,12,1
63.81,9.81,0.568,0.44,974.6,137.2,0.25,0.836,164.36,677.29,63.7,8,1
50.76,11.63,0.867,0.353,3475.7,469.4,9.31,0.37,233.49,1112.77,65.2,6,1
11.14,6.0,0.737,0.697,2686.5,98.2,13.19,4.74,22.02,94.65,54.4,11,0
49.68,8.87,0.66,0.983,3024.0,34.1,11.54,0.63,96.12,213.18,62.2,1,1
81.84,4.76,0.546,0.664,3778.1,322.5,14.72,1.177,390.79,1658.29,63.9,5,0
19.12,2.62,0.369,0.893,3632.3,424.8,2.09,4.503,42.66,195.89,52.9,11,0
113.43,5.6,0.207,0.396,226.4,476.6,3.34,1.61,229.07,1046.03,55.5,6,1
21.6,2.41,0.468,0.466,4014.8,383.8,8.09,5.402,72.87,358.03,63.5,4,0
41.13,11.79,0.126,0.916,2668.2,100.6,3.54,5.22,68.44,279.2,83.9,4,1
16.46,1.61,0.29,0.781,1964.6,488.9,0.52,1.238,60.42,338.37,59.2,3,0
47.81,7.28,0.489,0.983,2692.2,459.8,6.03,1.746,147.52,568.99,76.1,10,0
20.98,7.7,0.477,0.797,3066.1,82.4,4.31,0.524,78.49,319.66,75.4,10,0
20.89,6.69,0.14,0.504,756.0,279.8,3.96,9.32,52.09,266.77,91.7,6,0
1.78,8.12,0.63,0.578,2092.9,278.2,14.3,0.652,8.29,44.22,80.5,12,0
44.74,1.84,0.595,0.91,1684.6,221.8,3.58,3.059,109.47,502.86,95.8,9,0
74.81,6.88,0.17,0.596,1758.5,492.2,1.94,0.751,279.14,699.37,81.4,7,0
62.61,3.8,0.949,0.33,465.8,30.8,1.88,0.751,301.02,1001.73,51.3,9,0
43.01,11.31,0.189,0.492,807.6,314.0,12.09,0.219,124.85,259.76,69.1,12,0
111.47,9.26,0.869,0.565,817.5,103.4,10.72,1.641,230.19,732.42,85.0,6,1
50.33,11.68,0.1,0.187,1872.4,264.1,1.94,0.562,87.55,374.8,73.8,2,0
12.82,0.93,0.894,0.769,4473.5,390.1,3.3,0.321,62.45,326.06,71.0,6,0
45.5,3.78,0.118,0.198,1038.1,124.1,11.21,0.514,189.87,824.52,83.6,7,0
46.17,2.75,0.782,0.464,2086.8,197.3,4.12,0.578,217.74,470.22,64.3,2,0
16.66,0.63,0.426,0.824,1564.9,475.4,14.72,1.403,65.74,199.61,95.4,1,0
46.93,3.29,0.764,0.521,3939.0,381.0,8.11,0.975,126.64,546.09,70.7,6,0
18.74,8.31,0.462,0.858,260.1,286.8,2.88,0.157,36.18,174.95,81.6,12,0
25.85,3.16,0.164,0.408,990.8,111.8,12.88,1.536,122.84,671.43,99.1,8,0
15.98,6.35,0.791,0.962,1061.1,213.2,4.79,3.1,51.36,301.48,89.3,11,0
10.14,10.71,0.164,0.289,4964.9,387.3,4.33,1.708,29.29,163.07,76.6,6,1
45.1,8.48,0.93,0.134,2858.2,410.5,4.91,7.341,158.87,614.72,93.0,8,0
60.49,5.04,0.146,0.885,703.4,123.1,11.52,0.209,113.29,565.04,78.0,6,1
58.02,4.78,0.531,0.777,1368.3,331.4,2.6,3.442,149.82,443.79,72.1,6,0
68.7,5.74,0.751,0.309,847.4,48.4,5.73,1.409,256.42,578.3,93.7,8,0
51.35,2.54,0.454,0.986,631.8,12.6,0.46,1.475,95.02,210.98,51.4,3,0
21.35,7.79,0.296,0.552,3987.9,274.8,12.4,1.464,42.14,124.95,70.4,3,0
69.39,4.69,0.783,0.956,2483.8,113.0,5.11,0.787,228.08,490.42,67.1,6,0
7.51,10.3,0.806,0.555,3159.7,40.4,3.72,0.785,27.66,149.42,85.7,4,0
8.48,9.2,0.93,0.525,1662.9,365.2,8.7,1.998,18.26,72.31,50.6,7,0
6.25,7.52,0.439,0.504,2772.9,249.5,10.57,0.1,10.1,52.98,83.0,11,0
77.8,4.69,0.556,0.401,1295.3,398.3,12.19,1.777,377.67,2175.24,67.3,7,0
73.0,2.91,0.427,0.58,1547.1,332.3,5.22,2.579,116.52,696.28,54.9,9,0
57.06,9.43,0.331,0.507,3264.7,365.2,12.18,0.881,85.99,494.35,99.0,2,0
77.52,6.09,0.776,0.133,760.2,154.4,6.97,0.49,204.0,992.72,60.6,11,0
9.23,3.08,0.406,0.334,3089.9,132.4,1.52,0.48,21.02,79.2,67.5,2,0
52.2,2.74,0.485,0.292,4262.7,300.8,12.69,0.171,183.1,804.15,60.4,6,0
35.62,2.4,0.463,0.881,610.9,100.8,8.21,0.188,164.91,868.39,83.1,9,0
69.64,9.44,0.741,0.639,4488.3,407.9,9.04,0.365,221.73,1239.51,89.1,7,1
35.97,3.13,0.926,0.787,406.4,261.9,14.06,0.1,151.3,881.44,93.0,6,0
26.53,6.56,0.7,0.961,1751.1,114.3,8.39,0.619,124.21,611.4,65.5,5,0
58.93,5.69,0.524,0.68,3056.4,313.0,0.08,0.732,127.46,530.22,76.2,8,0
70.67,7.17,0.801,0.984,2801.5,472.6,13.06,10.687,226.77,1331.95,83.2,12,0
16.61,10.59,0.677,0.381,491.0,42.0,4.27,9.58,62.23,363.1,81.5,2,0
37.86,10.48,0.155,0.268,3996.6,55.6,7.53,0.414,100.77,394.05,85.8,12,1
2.95,5.69,0.186,0.463,4866.0,422.1,3.07,0.479,12.08,55.51,88.5,3,0
47.43,0.68,0.134,0.524,914.3,55.7,4.45,1.354,188.24,985.82,54.9,12,0
47.02,5.4,0.511,0.906,4476.7,20.6,10.3,0.322,139.82,521.84,58.4,6,1
61.31,7.47,0.843,0.604,2788.5,174.6,6.44,1.403,110.84,589.4,86.7,1,0
49.17,6.91,0.382,0.363,4680.3,233.9,9.41,1.02,75.75,185.27,73.8,12,0
28.23,7.99,0.446,0.768,888.7,285.2,12.35,0.785,78.85,309.46,71.4,8,0
27.72,2.27,0.919,0.555,3962.2,254.1,5.11,3.459,49.54,194.73,72.8,11,0
37.64,7.94,0.853,0.246,308.3,456.7,8.53,3.522,159.44,755.53,68.6,11,0
87.94,2.6,0.699,0.619,4417.2,384.6,11.66,8.827,234.81,578.96,79.6,9,0
1.99,9.13,0.34,0.92,3374.1,491.9,10.73,0.505,7.62,18.38,66.2,2,0
83.94,4.4,0.205,0.858,1857.6,238.8,8.1,4.383,227.67,1275.5,81.8,9,1
73.11,8.66,0.114,0.628,960.4,43.1,5.75,1.544,313.31,1007.29,60.1,5,1
8.48,1.05,0.196,0.439,4084.5,477.8,6.11,1.79,39.09,129.28,87.9,8,0
0.35,5.19,0.363,0.178,3020.2,3.1,6.5,4.532,1.56,7.98,89.1,1,0
52.26,8.61,0.597,0.523,1808.5,388.3,5.23,5.716,167.01,611.21,78.9,1,0
10.45,3.11,0.158,0.777,2224.7,16.6,10.49,2.595,18.74,99.93,68.5,12,0
43.59,9.65,0.223,0.424,4134.4,380.8,1.88,0.855,122.09,440.23,50.7,12,1
23.1,7.75,0.263,0.312,1701.2,469.0,14.51,1.345,68.97,347.78,56.1,4,0
22.34,7.26,0.669,0.938,457.3,195.2,11.68,1.909,108.59,445.37,54.0,1,0
38.07,4.57,0.654,0.839,4557.3,121.2,4.47,3.528,132.44,760.66,50.5,12,0
47.93,6.05,0.596,0.674,1942.8,113.9,0.64,2.146,179.41,593.78,86.1,1,0
20.35,7.37,0.325,0.223,1748.5,246.4,10.67,0.91,86.2,297.47,97.8,12,0
20.64,5.93,0.434,0.23,1030.0,86.3,11.02,1.082,72.01,423.44,50.6,5,0
64.36,8.53,0.187,0.193,4488.1,336.8,14.45,0.104,231.34,1145.14,55.6,2,0
81.07,5.49,0.304,0.655,1095.4,184.8,3.81,5.161,191.22,973.34,93.0,4,0
30.46,2.83,0.908,0.204,3187.0,162.2,1.24,0.184,51.97,165.46,84.4,8,0
28.08,2.96,0.982,0.858,4405.0,231.2,13.73,1.735,113.01,466.54,70.2,11,0
57.51,0.57,0.683,0.994,184.2,271.8,3.88,4.106,257.07,836.55,99.6,6,0
7.49,3.96,0.925,0.43,4145.7,71.8,10.82,1.092,22.04,67.0,78.7,2,0
47.81,9.11,0.678,0.508,2058.9,354.2,0.91,3.22,163.57,677.33,83.5,3,0
59.32,9.63,0.13,0.741,3293.3,441.6,11.41,3.257,152.77,909.13,82.7,2,1
63.81,2.83,0.997,0.943,1868.3,139.7,1.91,0.123,196.26,561.0,61.1,4,0
27.79,11.53,0.189,0.905,3480.6,91.0,10.43,1.063,61.99,184.13,74.4,5,1
13.35,6.28,0.714,0.152,1278.9,380.5,7.99,2.349,55.54,165.1,60.8,12,0
9.26,11.05,0.328,0.252,119.4,92.6,14.33,1.098,29.84,154.15,75.5,9,0
43.5,8.63,0.453,0.779,4739.5,21.6,0.55,1.576,148.54,600.39,51.5,7,1
56.83,8.81,0.681,0.72,91.7,310.0,4.38,1.805,92.62,327.77,69.1,8,1
92.38,1.48,0.493,0.22,4122.3,120.6,1.04,0.328,339.83,1826.63,68.6,7,0
22.68,3.03,0.325,0.552,854.0,86.7,13.19,1.062,50.1,159.81,64.6,11,0
22.58,0.6,0.401,0.803,1967.2,490.8,8.91,0.1,64.18,229.06,54.0,10,0
80.24,8.74,0.407,0.297,4114.2,146.6,8.02,0.324,236.26,542.1,88.5,8,1
50.38,4.46,0.963,0.884,1037.6,451.8,1.97,1.436,154.7,382.97,71.0,11,0
84.37,9.55,0.819,0.148,4329.9,89.9,7.34,1.705,193.71,493.37,90.7,5,1
50.11,4.4,0.513,0.804,2493.8,409.7,5.98,0.316,224.24,759.71,91.8,3,0
0.5,9.92,0.28,0.654,1837.1,251.5,4.74,2.818,1.5,6.13,60.7,12,0
6.66,2.0,0.83,0.384,3315.6,40.2,11.58,0.934,24.26,48.59,71.1,7,0
14.3,2.49,0.241,0.749,1713.5,367.1,0.92,5.068,52.19,144.03,86.0,1,0
63.17,4.42,0.289,0.804,1743.0,446.1,9.7,0.981,228.96,618.8,75.0,3,0
81.6,5.2,0.429,0.941,3670.3,82.3,12.34,0.325,282.14,850.21,92.8,7,1
104.73,4.51,0.892,0.431,1556.1,363.1,13.61,2.837,458.62,1221.92,78.6,4,0
69.51,9.28,0.219,0.717,1011.9,223.1,11.19,1.678,301.96,839.6,81.5,7,1
80.7,1.61,0.21,0.642,4040.2,377.2,4.24,0.978,238.87,1417.82,89.4,10,0
19.7,4.54,0.545,0.573,4028.8,357.3,9.01,0.88,73.39,321.37,56.1,10,0
0.47,10.13,0.349,0.901,2493.0,14.3,2.12,0.327,0.88,4.46,79.2,6,1
69.75,1.27,0.612,0.103,2638.0,90.2,1.76,0.834,126.79,669.12,54.3,4,0
54.62,11.34,0.506,0.354,3483.4,236.0,9.58,0.1,173.67,811.17,63.0,7,1
43.76,11.84,0.491,0.584,2551.3,466.9,12.77,1.396,203.52,980.21,60.6,8,1
53.56,1.52,0.201,0.26,2091.0,171.7,1.01,4.541,202.18,915.71,78.4,8,0
51.31,3.85,0.227,0.917,4974.5,314.8,1.59,3.173,197.15,906.4,92.2,7,1
84.93,4.78,0.839,0.683,746.7,7.0,8.48,0.1,174.27,995.75,56.6,2,0
85.32,9.43,0.897,0.53,2967.7,355.9,3.27,4.262,263.36,722.38,88.4,8,0
59.05,7.35,0.311,0.833,4430.5,301.9,9.18,1.204,171.4,531.16,57.2,5,0
69.6,7.91,0.202,0.506,3439.2,358.0,3.22,0.424,295.15,700.39,59.5,9,1
57.99,9.21,0.148,0.603,4405.8,452.4,1.75,2.792,114.96,614.97,95.8,6,1
23.86,1.86,0.647,0.102,1688.3,74.1,8.18,0.78,80.81,306.69,50.5,4,0
66.48,10.08,0.744,0.429,1367.2,131.5,12.93,0.584,311.77,1754.78,59.9,9,0
8.81,8.61,0.436,0.225,4257.8,497.9,10.28,0.352,40.72,148.5,60.8,1,0
76.89,7.14,0.712,0.721,1976.6,79.0,12.28,1.333,344.69,1299.66,64.1,4,0
1.81,10.73,0.742,0.531,3551.3,360.6,4.0,0.196,5.09,19.29,68.2,11,0
50.0,8.55,0.942,0.372,747.3,362.8,13.29,3.08,239.71,1066.69,55.2,5,0
10.42,2.82,0.158,0.521,3781.6,341.8,5.66,1.272,45.0,227.89,73.4,4,0
59.37,5.44,0.273,0.289,2749.4,114.5,12.79,1.185,265.91,905.47,70.0,9,1
38.81,6.18,0.162,0.933,1350.4,108.4,7.07,0.1,184.87,835.75,81.2,1,0
15.82,1.14,0.881,0.149,2477.6,333.5,4.02,3.406,75.59,212.87,93.4,3,0
54.72,11.48,0.813,0.879,3487.7,93.9,3.9,1.358,128.07,539.96,64.9,9,1
19.77,1.98,0.617,0.56,69.3,331.1,8.52,1.159,38.5,161.16,77.3,12,0
70.84,8.52,0.175,0.657,3191.0,246.8,1.19,2.866,277.56,1541.79,68.6,7,1
40.05,6.32,0.346,0.372,2712.5,193.9,13.95,0.13,139.01,776.15,52.0,5,0
53.84,0.79,0.368,0.97,1109.2,150.8,4.07,0.914,142.46,562.55,91.1,11,0
6.49,11.13,0.605,0.354,3767.4,473.8,5.03,1.715,25.26,53.01,81.7,6,0
19.37,10.3,0.332,0.63,1524.3,254.5,3.5,1.235,33.26,178.91,50.1,4,0
23.95,6.53,0.166,0.994,1391.5,281.1,0.05,0.401,39.88,79.86,62.5,5,0
69.98,3.13,0.758,0.893,2361.4,474.7,10.39,0.711,191.76,750.37,65.4,8,0
98.71,1.9,0.369,0.583,3384.0,327.3,8.86,0.714,215.03,447.09,90.6,5,0
11.82,4.68,0.507,0.991,4644.9,479.0,12.14,9.649,47.45,161.83,88.0,10,0
77.69,3.44,0.215,0.731,715.4,54.1,0.62,0.79,374.31,1702.03,69.8,2,0
35.94,6.33,0.822,0.288,1988.4,423.5,13.93,0.459,137.13,477.88,57.9,8,0
1.8,11.61,0.609,0.465,344.3,168.4,4.96,3.459,6.81,38.88,69.3,12,0
6.44,7.11,0.911,0.401,3795.2,405.4,13.7,1.093,9.81,44.78,90.5,3,0
7.34,10.73,0.546,0.41,2244.2,428.0,1.61,1.173,24.16,110.81,72.6,5,0
15.43,7.99,0.947,0.784,3537.6,136.5,11.16,1.592,67.25,235.24,55.8,12,0
54.45,5.97,0.903,0.626,1617.8,205.0,8.69,1.811,206.35,444.52,51.9,11,0
32.51,10.33,0.619,0.134,4223.1,363.3,5.37,1.786,74.68,369.86,66.7,6,0
53.28,5.92,0.941,0.89,2678.8,50.4,1.19,0.1,238.14,1158.55,57.4,1,0
64.17,10.49,0.391,0.367,4718.6,378.0,9.07,3.417,312.83,1289.03,87.3,3,1
49.3,3.85,0.429,0.997,403.3,56.1,0.4,0.433,122.08,447.44,63.9,1,0
63.02,1.98,0.141,0.959,2576.2,457.3,7.52,0.692,140.21,582.34,93.9,7,0
37.57,10.34,0.63,0.946,3834.6,138.9,9.06,0.381,100.86,503.01,80.9,2,1
1.54,7.26,0.75,0.83,3004.8,288.2,10.99,2.914,2.66,12.9,69.7,10,0
77.02,10.72,0.796,0.299,125.7,59.5,14.87,1.752,351.0,1625.97,80.5,7,0
19.38,11.29,0.235,0.579,4862.0,135.5,3.9,2.815,92.11,517.2,64.8,12,1
7.25,1.12,0.5,0.302,1498.3,202.6,4.84,2.119,26.96,119.69,57.1,3,0
33.77,6.26,0.259,0.334,1253.9,244.0,5.12,0.22,141.01,290.2,98.2,3,0
8.05,4.81,0.696,0.65,2433.4,1.0,10.97,0.718,30.92,138.28,78.2,1,0
25.39,7.7,0.242,0.137,2715.4,444.4,13.98,1.416,71.62,318.72,50.4,7,0
52.04,9.63,0.914,0.973,3833.8,4.8,14.61,0.728,193.19,440.19,65.5,12,1
52.19,3.73,0.308,0.927,1972.4,387.1,14.19,0.465,231.06,857.45,58.0,8,0
8.58,6.9,0.362,0.443,2205.4,235.8,13.19,4.078,37.17,171.16,62.9,11,0
22.93,8.65,0.866,0.564,2679.4,262.4,14.86,2.755,40.9,197.06,52.8,4,0
77.6,2.05,0.513,0.52,1978.0,104.9,5.64,0.847,242.05,1348.74,62.3,9,0
57.37,9.86,0.122,0.894,4573.6,304.1,14.22,2.896,165.85,889.85,84.2,4,1
112.63,7.47,0.545,0.72,4257.7,269.1,11.42,1.975,465.38,1147.72,91.0,10,1
81.3,11.42,0.176,0.35,2280.3,83.0,2.53,0.1,264.63,1173.68,67.4,5,1
80.05,4.4,0.987,0.502,11.0,119.8,0.68,0.957,218.05,956.37,76.1,11,0
8.58,1.74,0.629,0.486,4505.7,34.4,3.22,0.686,34.06,109.51,52.1,6,0
66.74,6.32,0.331,0.963,630.4,34.1,11.68,0.492,210.72,576.61,54.5,9,1
38.14,1.49,0.607,0.258,1230.1,7.9,9.48,0.58,91.47,255.94,77.6,9,0
20.72,11.65,0.169,0.181,770.3,111.0,3.37,5.707,95.63,259.18,92.0,8,0
45.88,0.94,0.82,0.893,907.3,340.2,11.13,1.332,86.97,454.45,54.4,10,0
73.08,9.17,0.933,0.907,4016.4,158.8,2.12,3.764,114.25,296.32,70.9,12,1
57.53,6.54,0.887,0.885,2901.7,172.0,12.33,0.482,115.27,352.45,98.5,2,0
9.25,4.74,0.408,0.56,4780.9,66.8,11.91,0.383,19.18,55.07,86.9,12,0
65.99,1.26,0.393,0.694,1165.0,288.2,14.59,4.393,223.24,1083.04,59.9,10,0
17.68,7.65,0.132,0.607,2433.3,171.7,2.25,1.369,65.2,171.72,64.3,10,0
47.58,7.23,0.686,0.163,4887.4,338.5,13.6,4.51,146.09,306.24,97.4,1,0
29.38,3.73,0.581,0.636,4134.0,371.0,5.12,0.13,65.07,227.55,61.0,12,0
32.34,10.97,0.513,0.112,3645.8,292.8,6.24,4.964,63.47,204.4,72.0,2,0
66.82,4.0,0.917,0.392,953.0,138.8,7.03,1.074,215.32,773.19,67.8,6,0
3.59,5.67,0.251,0.939,3849.3,254.8,9.4,0.338,12.5,62.7,74.5,11,0
108.08,6.75,0.109,0.374,1744.3,126.7,14.92,2.3,277.11,567.92,61.8,7,1
23.74,1.65,0.166,0.946,2657.4,451.6,9.0,3.188,53.92,115.98,83.4,6,0
19.08,11.22,0.301,0.325,3049.7,383.4,13.9,0.1,34.0,102.78,61.7,1,0
52.96,4.81,0.13,0.383,3050.7,247.0,3.83,8.716,84.3,468.44,80.1,1,0
60.45,1.43,0.553,0.666,3635.4,482.8,5.98,2.388,113.05,302.55,67.9,1,0
36.48,4.95,0.383,0.785,3311.9,273.8,7.57,0.775,149.48,895.12,62.6,1,0
37.99,7.4,0.262,0.551,351.2,164.9,4.84,0.328,102.73,536.54,84.8,10,0
54.37,6.41,0.775,0.894,2292.2,48.6,14.65,0.997,86.77,331.86,98.3,10,0
31.91,8.49,0.284,0.136,3323.5,272.3,10.89,0.498,104.63,522.24,93.5,1,0
88.76,1.14,0.719,0.93,1487.0,430.3,7.18,1.363,299.68,1221.27,54.3,2,0
69.38,3.77,0.414,0.277,1572.2,433.5,11.27,3.046,208.16,887.59,72.7,2,0
70.55,9.92,0.561,0.896,631.6,302.7,7.01,2.158,133.15,575.63,84.7,4,0
6.18,1.42,0.94,0.461,2098.9,197.3,0.26,1.145,25.62,117.71,78.1,3,0
37.22,10.34,0.134,0.849,4934.3,325.5,8.15,0.253,145.6,326.59,86.3,4,1
29.48,1.56,0.55,0.704,1433.7,381.3,9.38,6.3,84.96,379.43,98.8,5,0
4.8,10.1,0.869,0.258,2661.9,206.4,14.72,0.63,13.61,66.25,67.1,4,0
52.61,4.65,0.629,0.926,3718.8,238.7,0.61,0.651,107.62,349.0,88.5,3,0
21.18,7.54,0.349,0.321,77.4,340.6,7.68,2.074,87.64,518.33,54.7,3,0
62.94,2.26,0.458,0.32,4503.2,438.4,1.47,2.944,226.49,583.83,93.5,4,0
2.54,1.26,0.712,0.833,1938.9,395.7,2.23,8.29,4.58,25.83,88.9,6,0
100.17,2.98,0.902,0.195,4346.9,12.2,9.16,6.958,282.79,1330.76,76.0,7,0
8.63,1.97,0.137,0.3,204.3,63.1,3.47,4.901,40.23,187.36,91.1,4,0
47.68,4.09,0.164,0.553,736.9,426.5,11.24,1.143,147.0,809.09,83.3,8,0
67.72,6.42,0.393,0.847,1619.4,417.1,7.71,0.365,178.58,951.29,77.6,6,1
20.03,7.27,0.31,0.233,1733.9,195.0,3.27,1.756,75.17,254.2,97.3,5,0
69.84,9.58,0.338,0.593,4240.5,292.6,7.41,0.1,154.37,744.28,56.5,8,1
3.02,8.05,0.299,0.74,65.9,453.0,0.01,0.437,10.07,22.18,99.6,6,0
90.82,7.5,0.276,0.875,3209.1,455.9,12.94,0.1,349.07,1346.03,57.7,1,1
40.5,5.24,0.218,0.942,665.2,391.8,0.19,0.398,181.91,1046.17,74.0,11,0
19.13,5.95,0.941,0.806,4117.8,105.6,0.11,1.288,75.04,232.36,61.6,1,0
29.53,5.27,0.23,0.688,3895.1,365.4,9.17,1.0,84.02,184.84,63.6,10,0
68.31,10.18,0.284,0.49,2504.6,51.4,14.6,0.922,286.04,1239.08,81.6,10,1
19.54,3.15,0.322,0.201,1071.3,447.1,12.84,3.555,90.77,310.47,51.7,6,0
13.77,0.57,0.94,0.739,3176.1,75.4,3.78,2.248,43.69,153.73,97.0,8,0
32.25,7.99,0.78,0.993,789.7,331.5,2.95,5.511,48.88,211.63,64.0,9,0
1.19,2.83,0.811,0.763,958.2,305.5,9.39,1.179,5.47,24.54,63.6,4,0
103.72,10.74,0.194,0.115,3137.2,388.7,12.34,0.636,215.64,808.48,93.2,11,1
20.18,10.38,0.853,0.547,4956.2,276.2,5.43,0.262,39.18,157.92,88.2,7,0
69.11,1.38,0.467,0.653,4456.4,30.7,6.49,2.23,178.08,1063.67,83.6,9,1
47.33,1.72,0.337,0.721,2969.6,353.2,1.73,3.687,133.95,780.71,57.3,12,0
5.54,6.19,0.618,0.748,2697.3,192.2,2.29,0.406,23.82,115.01,88.5,8,0
39.79,7.51,0.84,0.602,4991.9,160.8,8.53,4.22,113.89,301.34,68.0,12,0
67.44,3.66,0.801,0.301,2741.5,495.8,1.54,1.494,112.68,387.61,99.7,8,0
33.41,8.74,0.901,0.948,2106.4,295.6,3.03,0.311,124.48,688.69,83.6,1,0
81.76,7.34,0.935,0.727,4548.7,355.6,3.52,2.059,314.71,1162.63,91.8,10,0
75.75,4.24,0.314,0.313,1178.6,263.6,6.66,1.468,329.51,1918.22,86.7,6,1
72.16,0.79,0.481,0.39,496.7,385.2,0.68,0.1,208.98,826.15,79.7,11,0
23.91,9.13,0.113,0.93,3174.1,376.3,7.5,1.019,43.07,234.61,85.8,9,1
2.21,2.97,0.891,0.899,488.3,328.9,13.93,3.072,7.58,16.23,79.9,8,0
18.52,10.1,0.239,0.465,1872.0,498.9,0.37,1.621,35.63,133.14,52.6,2,0
46.87,5.33,0.875,0.134,2123.7,230.4,9.46,0.663,73.1,350.97,67.3,5,0
59.1,7.14,0.396,0.144,2742.2,353.4,12.54,5.28,249.71,1361.99,65.8,11,0
36.0,10.54,0.431,0.356,4958.4,399.1,4.69,0.543,104.84,465.35,85.7,4,0
39.72,10.43,0.135,0.666,1112.7,188.6,1.97,0.583,132.55,356.97,78.8,8,1
45.53,4.77,0.394,0.626,1885.0,229.1,0.65,0.876,173.94,964.15,80.5,9,0
30.29,2.9,0.9,0.67,669.9,484.6,9.66,4.499,87.94,378.07,92.3,12,0
85.19,9.41,0.123,0.746,3042.0,17.1,8.28,1.417,143.04,347.88,76.3,3,1
54.76,5.48,0.466,0.117,3641.1,168.3,3.44,2.293,130.59,503.46,60.9,9,0
85.86,2.71,0.128,0.195,2415.6,243.6,12.47,7.482,187.18,897.69,50.6,1,0
32.44,10.9,0.434,0.424,1236.7,1.7,11.03,3.058,159.64,607.28,58.0,7,0
72.81,2.78,0.255,0.239,3108.2,449.7,4.15,0.379,297.67,1632.19,51.5,8,0
97.23,0.8,0.327,0.168,2700.4,143.8,11.3,3.106,299.5,1106.59,61.9,6,1
85.91,0.73,0.89,0.677,864.2,129.6,3.67,2.759,147.92,641.05,81.7,4,0
1.78,7.66,0.492,0.834,2034.4,410.3,10.13,0.53,3.38,9.62,57.6,4,0
31.12,8.11,0.346,0.777,2181.6,139.7,1.78,0.787,135.23,547.77,54.1,7,1
27.92,4.08,0.63,0.835,4913.3,329.2,10.38,2.477,134.27,388.22,98.5,10,0
57.12,4.18,0.228,0.699,4247.9,410.9,3.58,0.545,91.95,266.73,99.8,6,0
64.02,4.4,0.333,0.762,3674.5,396.4,8.59,0.467,300.03,935.99,81.9,4,0
10.64,8.32,0.592,0.345,4445.0,391.2,2.59,2.431,30.13,65.58,55.4,5,0
42.37,1.17,0.314,0.994,3680.1,45.2,10.89,4.25,95.25,252.71,91.1,10,0
30.7,11.18,0.711,0.265,4518.0,40.8,0.91,0.156,57.03,210.87,77.0,4,1
90.47,3.06,0.542,0.293,282.2,154.1,2.48,1.181,380.07,959.38,59.1,1,0
22.07,12.0,0.795,0.36,2285.8,18.9,2.76,1.869,69.32,175.62,78.8,4,0
41.96,2.47,0.953,0.978,3737.0,250.7,0.62,2.256,185.17,1087.26,52.0,6,0
29.16,9.37,0.204,0.989,2920.6,198.0,11.18,11.143,66.83,247.82,98.6,11,0
80.11,3.07,0.401,0.815,884.1,279.0,14.71,2.296,310.43,1122.18,91.3,2,0
59.31,1.43,0.388,0.666,1709.1,150.1,11.68,1.936,113.49,348.52,63.0,7,0
39.42,10.56,0.236,0.568,1595.7,243.4,12.91,9.158,71.51,289.6,70.9,9,1
36.3,10.38,0.829,0.974,1314.1,168.0,0.09,0.125,71.39,313.0,69.8,12,0
24.12,5.14,0.784,0.726,1722.2,98.4,1.77,0.155,104.48,383.73,93.1,11,0
100.42,8.58,0.536,0.95,2579.1,325.0,8.39,1.645,381.05,1362.35,67.7,10,1
8.94,6.91,0.584,0.385,4275.8,337.0,14.67,0.888,18.61,89.36,52.4,2,0
67.01,10.31,0.154,0.4,3712.7,414.8,9.91,0.203,190.77,1106.27,60.7,7,1
52.47,4.12,0.6,0.869,4177.9,437.5,5.61,0.732,218.95,1206.68,60.8,2,0
84.15,6.52,0.812,0.235,4419.2,352.5,2.19,2.244,210.37,520.56,97.5,9,0
16.65,6.08,0.616,0.951,2086.6,344.1,2.29,4.251,78.65,362.53,96.2,12,0
14.35,4.57,0.339,0.557,1736.7,29.3,5.44,0.198,67.44,136.79,65.0,1,0
78.36,10.75,0.701,0.934,297.5,55.8,10.71,1.554,269.19,1220.05,50.1,4,1
54.89,2.41,0.425,0.403,4653.2,406.5,0.48,0.702,203.73,785.88,75.8,12,0
14.07,2.22,0.59,0.744,338.5,117.2,12.78,2.201,53.28,211.24,89.9,2,0
21.12,7.13,0.539,0.535,3708.3,178.4,14.12,1.595,50.8,221.07,63.4,1,0
53.52,8.06,0.443,0.664,1896.8,73.5,13.33,5.227,148.72,739.24,72.0,2,0
69.32,2.74,0.747,0.554,4744.4,98.4,13.7,0.1,136.97,673.57,58.6,10,0
16.23,4.99,0.895,0.97,2103.8,387.9,0.23,1.27,76.87,167.41,66.4,6,0
62.0,11.39,0.105,0.723,4084.9,131.7,14.67,0.428,250.07,1236.85,87.9,5,1
58.31,3.34,0.94,0.326,1420.4,225.1,5.5,1.539,96.93,515.6,71.4,12,0
2.71,8.19,0.56,0.919,1502.5,76.7,13.04,3.843,9.28,21.09,72.4,1,0
30.61,9.01,0.731,0.365,2981.6,339.3,2.8,4.845,82.66,272.1,89.5,3,0
59.13,5.65,0.87,0.434,4989.9,364.4,6.7,1.016,257.43,1330.46,88.1,12,0
68.49,11.28,0.52,0.192,2592.7,181.5,0.66,3.34,185.15,735.48,59.4,10,0
44.5,8.97,0.851,0.91,4682.2,392.6,0.6,0.658,167.08,798.58,70.8,6,0
32.1,5.77,0.26,0.358,3933.4,120.7,14.15,0.1,66.78,267.72,92.4,5,0
88.62,7.05,0.243,0.333,3981.4,346.3,12.16,3.865,306.22,1810.67,72.8,6,1
62.31,8.47,0.692,0.928,2185.4,365.3,7.95,0.254,157.55,905.08,83.1,8,0
96.57,7.31,0.883,0.825,1938.8,484.4,7.88,0.1,200.59,626.75,65.3,6,0
8.75,10.61,0.903,0.227,967.7,116.9,11.23,0.873,32.07,113.66,53.0,11,0
38.79,4.6,0.679,0.792,4820.1,47.8,5.13,0.954,144.89,539.78,58.2,5,0
16.58,3.95,0.573,0.922,4797.4,132.3,11.43,0.161,81.96,198.08,70.1,11,0
31.97,2.96,0.398,0.171,3737.9,62.3,7.28,3.366,122.83,444.19,67.7,4,0
31.3,0.93,0.982,0.843,1488.3,85.7,9.57,1.04,103.44,527.49,94.8,5,0
61.93,0.99,0.388,0.593,1233.4,167.7,14.47,1.346,290.72,1566.26,77.3,11,0
41.59,10.51,0.77,0.702,4943.2,207.6,7.07,0.615,182.97,1014.51,81.4,9,1
61.82,8.3,0.579,0.544,342.0,452.0,6.28,1.433,211.46,435.23,84.4,10,0
64.62,8.1,0.648,0.728,4219.4,98.6,13.59,2.911,212.58,1095.91,76.6,11,0
115.42,7.57,0.454,0.131,1783.7,485.9,13.54,4.733,553.67,2220.5,88.5,6,0
28.96,10.27,0.968,0.786,2100.2,405.3,14.89,7.049,106.01,299.44,89.2,5,0
7.06,6.02,0.615,0.13,4161.6,440.9,8.26,1.113,28.24,112.84,67.6,11,0
48.61,10.51,0.944,0.51,462.1,464.8,5.16,9.217,87.67,471.39,54.2,11,0
11.92,4.63,0.107,0.236,1777.3,376.9,3.61,0.699,47.85,178.81,99.3,8,0
91.87,11.16,0.615,0.841,4760.6,394.6,0.51,0.1,222.91,1328.95,82.1,5,1
30.09,8.53,0.745,0.382,3498.3,219.5,10.9,2.919,57.3,255.93,85.4,5,0
20.2,3.46,0.771,0.509,3777.1,255.7,3.5,0.393,90.39,357.87,87.8,8,0
23.5,6.99,0.914,0.486,3790.0,466.3,9.1,0.108,92.12,292.89,80.6,9,0
65.14,6.63,0.104,0.795,312.2,189.7,13.75,5.154,190.64,389.72,73.5,8,1
34.48,2.09,0.1,0.533,1024.0,21.9,14.25,3.139,103.78,461.01,99.2,9,0
17.54,7.3,0.525,0.81,2461.4,381.6,0.07,0.217,38.41,165.57,86.4,9,0
98.29,4.12,0.126,0.166,1847.1,287.0,4.76,3.0,150.72,613.0,92.3,8,0
10.03,1.1,0.977,0.272,2060.5,407.6,12.56,3.716,27.32,113.4,72.0,7,0
41.24,11.41,0.3,0.596,3909.4,38.7,8.05,4.714,83.29,447.62,95.2,7,1
62.83,7.88,0.525,0.952,83.2,311.0,12.11,1.569,186.99,610.98,86.6,12,0
17.1,10.58,0.155,0.167,3305.9,124.6,12.8,2.431,75.54,317.34,87.3,1,0
56.81,8.27,0.57,0.139,10.6,451.7,6.64,2.873,108.03,509.88,54.3,7,0
3.07,4.61,0.442,0.241,324.7,55.8,5.38,2.334,5.59,15.88,80.9,10,0
68.8,6.4,0.14,0.677,2047.3,421.7,6.83,2.082,320.41,1826.13,66.8,6,0
6.31,8.27,0.402,0.459,4206.3,45.2,9.79,1.586,25.91,128.22,83.5,12,0
64.25,11.54,0.452,0.843,733.5,13.5,5.51,1.305,108.3,239.7,78.4,1,1
78.7,3.42,0.991,0.165,2777.6,118.3,11.62,11.106,139.98,764.32,55.6,10,0
70.15,10.56,0.287,0.277,3395.7,167.2,13.56,0.824,273.39,1563.66,76.5,10,1
48.8,11.13,0.59,0.37,1155.4,313.6,4.23,0.185,136.44,706.05,72.6,8,1
31.9,8.21,0.989,0.664,2566.5,66.7,14.47,2.897,128.72,476.9,88.8,9,0
19.83,11.21,0.813,0.717,4557.9,219.2,9.34,0.481,57.8,345.51,75.1,11,0
91.49,5.08,0.994,0.212,2566.0,102.9,13.17,1.522,447.12,1116.78,74.1,11,0
15.52,11.46,0.971,0.949,795.0,427.8,1.56,0.201,60.99,252.9,86.0,2,0
3.7,8.58,0.541,0.407,3142.8,23.4,3.77,1.931,6.16,16.51,83.4,4,0
63.29,0.98,0.727,0.742,2965.1,178.6,4.82,5.765,168.14,631.77,99.6,11,0
12.14,10.93,0.199,0.572,144.5,316.1,4.54,2.565,42.14,240.61,67.6,7,1
6.75,6.07,0.497,0.3,462.1,456.6,2.58,0.483,13.47,69.75,84.4,12,0
10.53,5.79,0.828,0.862,792.3,434.1,13.02,7.09,15.88,81.45,58.4,11,0
23.1,7.01,0.555,0.836,690.1,447.7,6.28,0.734,41.06,140.23,90.2,1,0
37.1,2.22,0.732,0.456,1304.7,32.4,14.45,1.148,123.74,709.92,89.3,8,0
48.51,5.9,0.771,0.63,2276.0,420.6,8.75,1.379,180.11,625.52,86.3,12,0
73.3,10.06,0.328,0.332,1864.9,390.2,2.08,9.36,133.78,288.94,56.0,9,1
58.44,0.68,0.888,0.721,4454.3,451.3,8.19,0.143,223.72,1018.18,99.4,8,0
33.32,3.64,0.514,0.378,3064.4,156.5,14.9,2.386,121.95,420.79,97.1,2,0
33.06,0.53,0.289,0.86,4382.0,456.0,8.48,0.899,158.36,414.1,68.5,8,0
57.86,5.28,0.879,0.296,2639.9,201.9,0.03,0.163,257.02,1474.92,78.9,8,0
84.54,8.88,0.476,0.113,458.5,317.4,14.0,5.468,405.91,1846.45,94.4,2,0
44.42,9.69,0.775,0.342,2321.8,212.7,3.52,1.783,216.84,1249.43,74.7,11,0
23.58,11.37,0.593,0.272,4111.9,214.4,10.33,2.801,71.75,310.82,80.0,9,1
5.25,7.5,0.444,0.557,978.6,273.8,7.73,0.55,16.84,37.98,80.2,1,0
10.58,3.43,0.829,0.283,465.2,178.6,4.88,2.867,26.3,55.76,82.5,7,0
63.32,11.13,0.626,0.787,1653.9,396.6,4.24,3.526,207.66,1163.35,78.8,2,0
60.23,9.42,0.452,0.317,1950.6,317.2,13.93,1.127,122.11,263.15,70.3,8,1
60.21,7.11,0.199,0.736,1538.2,345.2,13.68,1.697,231.8,1033.99,77.0,8,1
35.5,8.5,0.906,0.621,684.9,116.3,7.7,7.142,56.34,179.84,93.6,4,0
89.24,11.13,0.132,0.988,1261.7,484.8,3.88,3.751,207.46,985.58,93.2,8,1
23.06,8.69,0.877,1.0,3414.6,330.4,1.54,1.177,51.37,161.26,88.6,5,0
73.43,4.74,0.424,0.883,1935.8,99.4,2.35,2.185,351.21,754.71,70.7,9,1
38.64,8.7,0.675,0.784,3166.4,375.5,7.83,3.067,77.56,381.88,89.3,1,0
18.71,0.96,0.93,0.448,2686.2,87.7,4.62,0.1,86.39,280.21,69.4,5,0
60.74,4.94,0.237,0.778,2749.8,32.6,0.63,1.775,117.54,494.06,83.2,9,1
54.34,5.17,0.61,0.961,1250.3,264.2,6.83,8.338,205.26,1045.87,78.4,6,1
52.49,2.42,0.788,0.121,2612.5,277.2,11.19,5.882,137.51,661.62,65.0,4,0
42.84,0.77,0.782,0.584,127.7,95.3,13.38,3.573,111.65,378.98,72.6,1,0
38.67,2.03,0.573,0.296,2164.4,174.8,8.78,0.225,193.13,963.99,91.5,10,0
123.59,8.03,0.662,0.602,2867.4,472.9,10.85,10.246,283.17,1614.84,95.6,12,0
81.45,9.73,0.782,0.52,918.2,143.2,5.46,1.881,179.92,798.82,60.3,6,1
65.3,11.86,0.857,0.618,1290.2,78.6,7.44,0.504,232.64,1119.93,72.8,11,1
43.91,4.48,0.786,0.596,1105.5,496.3,10.94,2.243,179.72,981.92,71.7,7,0
75.25,7.39,0.419,0.964,362.1,151.9,10.91,3.883,371.64,1997.43,74.5,7,1
58.13,11.28,0.997,0.597,1745.8,340.4,6.37,0.238,229.9,783.13,98.8,9,1
40.92,2.42,0.491,0.862,4895.0,116.5,8.16,4.964,141.84,846.34,75.9,4,0
29.38,8.75,0.122,0.388,1775.9,275.5,13.86,5.057,86.13,182.1,91.5,4,0
37.17,9.18,0.426,0.494,2308.1,193.8,9.48,0.1,133.17,791.93,83.2,5,0
70.96,1.52,0.215,0.523,3268.9,480.8,9.64,4.612,255.68,762.95,55.4,12,0
47.37,10.4,0.209,0.351,3246.0,217.0,11.77,5.868,107.15,403.08,84.8,9,1
22.9,9.85,0.353,0.442,4750.0,292.5,1.73,0.1,88.16,487.95,82.4,2,1
95.74,0.88,0.148,0.639,4289.2,472.4,7.84,0.697,212.12,631.54,87.9,4,0
40.68,1.55,0.72,0.622,3971.8,494.6,14.39,0.934,130.77,379.12,53.7,9,0
1.61,1.06,0.167,0.673,4758.6,51.7,5.42,0.858,3.89,17.78,62.1,6,0
38.25,4.35,0.283,0.417,1161.5,417.3,4.42,2.846,99.26,478.62,88.5,6,0
3.39,6.36,0.184,0.384,3089.1,191.7,9.02,0.887,12.35,25.08,68.5,7,0
56.57,6.62,0.157,0.65,4437.1,297.8,3.32,6.274,97.62,371.13,95.5,5,0
50.18,3.58,0.341,0.22,3124.4,188.1,8.34,10.594,77.39,306.18,75.9,4,0
73.52,10.98,0.615,0.328,4887.3,201.2,2.33,0.762,143.9,444.27,50.1,11,0
12.32,4.74,0.968,0.138,510.8,80.3,8.7,1.422,25.75,107.76,84.9,3,0
41.19,1.02,0.888,0.165,2202.3,286.8,9.04,1.632,90.31,236.46,75.7,2,0
7.78,3.95,0.888,0.319,4887.0,273.8,6.28,1.732,32.73,107.81,65.9,7,0
64.55,6.61,0.258,0.118,1904.0,95.5,5.74,0.937,197.79,959.86,51.0,5,0
58.16,5.19,0.338,0.321,3700.4,271.3,3.68,0.363,182.9,1005.07,59.9,1,0
57.35,3.65,0.169,0.689,161.7,486.6,4.96,0.112,215.37,938.48,58.1,4,0
40.06,2.01,0.801,0.155,3477.2,357.5,7.48,0.225,162.3,373.2,79.1,9,0
54.52,9.92,0.163,0.493,4673.8,241.0,3.71,4.631,82.45,388.73,88.5,8,1
96.15,11.96,0.601,0.922,1919.7,458.1,11.74,0.658,432.54,2418.08,61.7,11,1
30.02,4.29,0.323,0.812,116.3,288.1,10.64,0.16,148.89,598.14,84.9,7,0
44.85,4.89,0.319,0.375,149.3,68.4,4.04,1.954,86.4,343.42,95.0,5,0
1.99,7.61,0.992,0.932,4461.2,274.2,1.46,0.157,7.5,44.76,81.1,1,0
9.61,8.76,0.781,0.397,3615.4,91.3,0.0,0.145,14.5,65.89,88.8,12,0
43.42,5.01,0.853,0.165,542.4,384.0,8.95,1.943,72.59,379.2,60.2,5,0
78.64,10.91,0.615,0.995,282.4,483.6,3.17,1.79,196.4,900.68,53.7,8,1
31.03,6.94,0.884,0.883,4026.1,181.0,0.19,0.1,138.47,399.3,68.3,4,0
31.74,5.68,0.681,0.519,4051.2,218.0,5.39,1.234,120.11,376.69,85.5,12,0
25.76,7.94,0.952,0.7,611.4,211.3,14.43,1.145,78.83,367.58,84.3,5,0
21.28,11.46,0.353,0.704,1514.6,143.4,10.35,1.582,64.6,247.04,97.8,8,1
50.32,9.64,0.636,0.275,3902.3,397.3,12.87,2.678,157.57,570.01,81.5,5,0
12.4,0.96,0.721,0.28,2631.8,309.2,2.17,0.665,32.11,67.1,70.6,4,0
84.83,4.32,0.454,0.523,4783.4,33.0,1.1,1.134,387.86,2147.74,89.9,11,1
16.71,5.91,0.892,0.92,2410.5,419.6,0.17,3.148,58.28,322.74,57.7,4,0
65.27,4.12,0.982,0.109,3388.0,94.4,14.33,5.116,208.45,801.26,90.7,6,0
4.45,8.55,0.544,0.804,2553.8,489.6,4.5,4.439,13.92,66.85,68.3,10,0
63.41,10.0,0.452,0.152,4715.4,189.0,6.89,1.299,302.8,820.99,57.7,1,1
63.52,8.91,0.525,0.53,1999.3,308.6,5.92,1.472,256.16,1028.53,58.1,4,0
53.45,11.88,0.867,0.674,1156.7,39.8,10.96,1.506,107.26,402.81,99.2,1,0
5.2,3.63,0.681,0.718,1639.9,173.0,4.65,4.061,15.74,72.81,81.2,12,0
48.73,10.56,0.14,0.153,4265.3,401.4,8.03,3.664,122.29,474.31,58.7,6,1
1.41,9.32,0.588,0.477,2494.7,239.1,14.93,0.747,6.97,27.84,63.4,8,0
31.15,4.67,0.116,0.625,1777.7,452.4,6.66,0.356,92.02,292.9,68.6,4,0
76.03,8.94,0.801,0.159,2725.9,288.0,8.27,0.953,132.1,289.8,52.8,8,0
67.88,1.7,0.395,0.222,674.8,464.4,7.54,0.68,199.53,1130.95,55.4,2,0
40.53,9.58,0.525,0.697,36.7,491.3,12.05,6.023,106.38,217.97,88.1,5,0
5.88,6.62,0.819,0.569,1410.1,227.5,4.0,0.618,21.17,66.15,89.3,3,0
62.6,3.86,0.142,0.246,3029.0,283.0,2.56,0.4,143.42,543.64,99.4,7,0
40.68,8.04,0.243,0.582,3561.3,417.6,11.31,4.595,66.14,216.7,53.4,9,1
41.21,7.88,0.458,0.921,4134.8,111.5,6.23,0.181,75.65,318.29,94.5,1,0
67.39,2.91,0.307,0.114,4634.1,431.0,13.71,0.603,167.87,645.72,65.9,8,0
39.15,0.85,0.404,0.678,2066.4,296.4,9.66,1.156,106.46,321.71,66.4,4,0
82.09,5.49,0.998,0.166,3705.2,363.0,8.47,1.808,362.87,853.49,56.4,10,0
1.67,7.05,0.843,0.106,382.6,40.8,1.06,0.794,4.07,10.39,99.3,11,0
71.18,10.58,0.896,0.236,297.1,383.3,10.96,1.371,114.62,452.22,99.0,5,0
49.77,11.17,0.943,0.481,632.7,156.1,10.29,0.443,210.65,1134.07,93.2,12,0
50.2,6.58,0.407,0.822,2248.4,402.8,9.6,1.708,227.99,547.76,54.5,1,0
19.17,9.17,0.367,0.354,1064.3,255.1,4.02,1.048,61.8,290.99,92.1,5,0
5.75,5.55,0.311,0.663,1441.8,138.0,14.2,3.784,14.37,74.25,81.7,9,0
136.43,9.08,0.847,0.47,3242.9,476.4,4.82,1.075,573.36,1781.47,56.4,8,1
29.3,2.86,0.712,0.311,1799.0,382.8,2.28,1.173,44.87,209.67,63.1,8,0
65.58,4.77,0.313,0.563,2791.3,492.9,14.81,1.794,310.48,1473.73,84.5,6,0
17.23,7.79,0.439,0.818,2067.9,182.9,11.19,0.263,78.03,376.96,90.2,12,0
33.16,0.71,0.556,0.849,853.2,325.0,6.22,0.341,112.98,628.51,92.4,9,0
34.04,8.81,0.575,0.862,379.4,306.2,14.04,3.124,84.13,302.38,77.2,4,0
30.7,10.11,0.9,0.405,1188.8,344.1,1.37,0.639,49.59,147.5,76.7,6,0
26.0,5.09,0.443,0.814,297.9,20.1,1.31,2.308,130.01,542.82,84.2,3,0
35.99,5.65,0.918,0.291,3096.9,146.6,10.24,0.205,149.97,337.46,88.9,2,0
49.25,10.29,0.497,0.765,3980.6,454.8,2.67,3.45,132.26,441.17,58.5,9,1
34.75,9.42,0.772,0.954,1705.3,212.5,13.76,8.884,54.46,301.34,87.0,5,0
4.24,3.81,0.937,0.112,1941.7,480.4,12.61,0.936,15.85,65.42,67.1,11,0
57.02,4.23,0.917,0.496,4082.8,107.5,4.6,1.409,282.47,1058.33,69.2,2,0
28.23,8.31,0.151,0.683,1120.8,498.7,13.33,1.169,112.2,343.64,53.9,5,0
31.76,6.98,0.285,0.732,604.6,349.1,0.64,4.492,56.95,170.94,79.4,6,0
65.87,2.37,0.529,0.258,2510.6,388.4,8.23,0.1,191.55,564.4,54.7,8,0
57.75,4.06,0.488,0.975,3234.5,199.0,14.03,2.12,108.69,577.87,95.7,5,0
37.99,10.85,0.677,0.654,3002.3,453.6,12.83,2.113,178.28,1058.97,81.0,12,0
8.84,8.41,0.95,0.248,3572.2,273.2,5.34,0.964,23.48,97.21,99.5,2,0
15.22,11.84,0.201,0.118,293.2,340.8,2.74,0.495,61.91,143.59,62.3,7,0
30.8,9.32,0.507,0.805,2146.7,48.3,3.16,0.548,55.34,276.91,84.0,5,1
15.86,11.33,0.273,0.172,1200.5,316.2,7.72,3.224,30.91,170.26,98.2,11,0
14.13,2.99,0.905,0.227,3798.0,439.7,8.95,0.137,54.81,313.81,64.9,2,0
62.83,9.37,0.968,0.617,4364.9,90.0,0.49,1.659,279.74,1263.04,54.8,12,0
89.96,0.73,0.531,0.643,1413.9,369.1,6.2,0.733,198.36,798.9,81.7,6,0
25.32,8.21,0.194,0.718,485.1,13.7,12.46,0.616,75.05,336.39,68.3,11,0
66.48,5.9,0.807,0.454,1274.6,463.2,6.66,1.409,243.84,500.3,63.7,7,0
26.99,4.49,0.727,0.797,529.0,491.5,2.54,4.563,115.71,534.79,99.7,8,0
63.08,10.42,0.419,0.977,1618.9,177.7,14.32,1.925,233.32,1128.92,87.7,3,1
11.86,10.32,0.899,0.344,2695.6,54.4,3.99,3.108,21.75,106.34,74.3,11,0
50.76,0.76,0.978,0.733,4868.7,329.6,11.98,1.836,172.57,733.81,52.5,4,0
31.33,7.51,0.602,0.936,2002.9,15.9,2.91,2.393,143.99,691.18,59.6,12,0
86.21,4.73,0.609,0.718,1108.0,241.8,6.35,1.133,391.25,1782.27,64.9,6,1
9.39,5.28,0.368,0.713,842.3,136.6,7.36,5.207,33.33,82.06,74.4,3,0
61.97,10.07,0.626,0.301,873.5,237.2,7.51,1.394,308.9,1727.81,74.9,11,0
30.22,4.06,0.496,0.582,971.1,10.1,7.75,1.605,56.44,253.48,51.2,6,0
34.46,11.35,0.372,0.606,3813.7,26.8,3.37,1.489,109.41,537.34,97.2,9,1
33.57,2.57,0.16,0.73,314.5,9.0,7.74,0.76,141.41,476.76,77.1,12,0
10.4,8.12,0.327,0.997,4987.0,309.9,7.23,0.526,20.74,117.72,51.0,5,0
39.51,8.23,0.278,0.13,2618.2,280.5,3.13,0.153,193.76,777.09,85.1,2,0
37.81,3.4,0.588,0.159,2725.9,117.3,14.82,2.533,103.56,488.39,53.6,10,0
48.44,4.23,0.642,0.17,1794.2,323.7,12.98,0.683,132.03,766.94,86.1,2,0
42.96,10.1,0.648,0.769,3454.4,442.2,13.31,0.986,96.49,546.56,85.1,11,0
67.93,9.26,0.449,0.223,2362.6,139.4,10.28,5.05,170.37,780.17,99.2,7,1
72.32,4.28,0.479,0.66,1652.0,416.2,2.4,1.671,254.69,678.23,67.1,4,0
3.23,6.64,0.851,0.392,1333.0,331.6,8.52,0.204,9.69,56.24,57.2,9,0
70.41,1.21,0.529,0.512,4629.0,17.9,12.32,3.215,153.26,909.86,54.6,9,0
1.52,2.9,0.989,0.294,1462.0,188.2,0.58,0.592,6.59,15.91,53.6,6,0
60.57,6.09,0.496,0.879,2187.6,254.4,7.44,1.609,104.06,395.54,90.5,10,0
61.69,1.49,0.685,0.628,1758.2,366.1,5.94,1.427,272.75,1143.66,85.9,5,0
26.9,10.2,0.145,0.95,440.0,144.3,3.18,0.544,66.23,156.84,98.8,7,1
43.25,8.76,0.688,0.617,937.8,491.4,5.67,0.246,139.96,386.1,65.5,5,0
23.6,11.35,0.866,0.212,955.6,342.6,14.75,0.475,66.88,277.62,90.2,9,0
13.44,8.47,0.948,0.254,3471.3,187.0,10.85,0.205,47.01,275.13,54.7,9,0
87.28,11.31,0.998,0.99,2038.9,49.4,4.49,0.645,374.08,789.77,95.2,7,1
17.12,6.88,0.354,0.753,3912.0,91.5,9.08,11.827,84.97,480.04,52.6,4,0
11.78,7.4,0.618,0.144,3547.7,244.3,3.7,1.029,30.28,169.4,89.4,1,0
42.65,11.74,0.506,0.733,968.3,247.9,9.16,3.989,146.64,796.08,65.4,4,0
64.0,7.88,0.607,0.471,2819.0,384.1,13.44,1.593,200.37,703.35,59.1,12,0
35.04,0.85,0.242,0.376,3717.1,363.4,8.35,2.197,175.08,693.89,85.2,3,0
80.82,8.82,0.871,0.239,3168.9,101.4,11.0,0.34,350.06,1265.25,94.8,1,0
58.58,10.91,0.919,0.856,3004.1,297.9,6.8,0.643,169.3,980.28,88.2,10,0
36.24,9.65,0.505,0.157,3700.7,11.3,7.86,1.429,114.84,469.16,65.7,4,0
21.47,7.21,0.352,0.361,293.3,199.9,10.43,4.26,50.68,117.71,67.7,7,0
20.34,8.22,0.227,0.376,3659.8,382.3,12.19,0.1,84.26,260.88,59.5,2,0
56.78,11.89,0.715,0.245,1370.5,200.4,9.89,1.414,253.13,974.07,91.2,12,0
51.87,1.54,0.381,0.557,2863.6,418.0,14.66,0.105,252.99,1470.92,55.4,12,0
129.22,8.17,0.919,0.111,1219.1,488.1,12.3,1.221,449.72,1922.92,95.2,7,0
58.59,3.76,0.704,0.371,4195.7,304.0,11.66,1.982,225.4,1078.39,80.1,6,0
45.21,7.86,0.681,0.94,2408.0,73.4,12.68,2.731,138.4,325.8,79.4,9,1
81.35,7.49,0.603,0.379,3218.3,190.5,4.22,0.298,295.48,1627.87,91.9,11,0
122.03,2.26,0.141,0.424,3972.5,5.7,6.48,0.364,331.99,1379.78,83.4,2,1
70.48,2.88,0.939,0.526,4477.6,301.8,8.47,1.27,287.68,1635.42,65.2,6,0
73.21,7.65,0.665,0.606,3663.0,411.0,6.94,12.466,115.63,437.3,67.5,11,0
44.57,1.97,0.995,0.828,752.4,315.3,12.71,0.88,71.3,337.42,58.7,6,0
35.05,3.55,0.584,0.271,4274.1,393.3,0.41,1.116,140.41,545.27,73.2,6,0
23.35,10.11,0.739,0.885,3096.7,400.2,3.14,1.133,111.07,285.48,55.5,3,0
11.09,4.26,0.151,0.782,3051.2,425.7,13.23,0.168,41.16,127.11,82.7,6,0
15.95,6.11,0.669,0.75,4607.5,134.1,0.89,2.976,64.5,146.36,58.5,9,0
7.27,11.32,0.788,0.178,1251.7,435.8,3.4,0.584,31.87,119.86,93.2,12,0
37.34,3.11,0.801,0.119,1205.5,327.4,5.27,2.433,103.29,474.86,85.0,11,0
18.96,4.98,0.793,0.635,2570.8,145.6,11.26,1.289,35.62,105.97,94.6,3,0
46.68,7.47,0.304,0.877,3756.8,493.7,8.4,1.892,222.48,881.36,54.4,2,0
38.73,9.19,0.978,0.626,2241.7,475.1,14.32,0.111,185.32,710.85,89.9,8,0
45.14,10.87,0.996,0.292,3173.1,287.6,3.42,4.414,137.52,568.48,94.0,3,0
21.73,11.03,0.168,0.181,2268.1,421.8,13.08,0.559,49.1,134.46,52.2,12,0
147.69,9.43,0.943,0.73,3055.8,131.5,4.24,2.218,682.81,2824.05,100.0,5,1
87.6,3.13,0.361,0.75,4113.1,208.6,3.68,3.199,348.62,1205.12,65.0,5,0
3.56,0.79,0.72,0.255,910.6,92.8,7.48,1.553,5.44,17.11,60.6,2,0
48.15,4.91,0.404,0.125,3479.9,260.5,1.07,0.823,90.38,392.6,70.7,2,0
18.72,2.13,0.971,0.467,3939.3,248.5,5.76,7.625,92.5,239.77,50.4,6,0
4.49,8.67,0.191,0.624,2241.1,107.2,5.34,0.653,7.34,41.12,94.3,2,0
6.9,8.1,0.548,0.735,1622.9,336.7,2.4,5.939,17.18,98.6,63.4,6,0
55.13,1.01,0.485,0.829,77.6,59.8,12.91,0.34,188.52,875.2,76.1,12,0
16.15,10.12,0.393,0.649,3987.6,31.8,5.79,0.986,34.65,111.32,81.2,12,1
73.87,3.36,0.681,0.2,1646.4,193.1,14.73,0.298,170.81,769.33,89.6,7,0
74.78,5.47,0.218,0.714,1793.0,205.5,13.5,0.1,204.56,901.3,62.5,4,0
88.09,8.18,0.745,0.986,1686.7,160.6,2.92,0.603,215.24,767.31,85.9,10,0
10.17,5.44,0.983,0.915,2498.7,129.7,7.58,0.182,43.84,138.04,55.9,4,0
56.64,5.57,0.824,0.885,3515.5,170.0,9.03,8.587,184.13,492.32,85.2,3,0
62.14,1.25,0.874,0.372,3861.6,82.5,12.28,2.868,153.8,441.33,96.0,1,0
23.4,5.12,0.424,0.776,1968.9,202.3,13.28,0.1,60.75,280.2,54.3,4,0
12.99,9.3,0.392,0.866,3318.9,452.4,9.36,0.506,21.29,118.05,55.8,3,0
96.33,11.02,0.565,0.71,3606.2,113.0,0.53,2.218,161.15,570.45,77.9,8,1
47.96,5.26,0.141,0.326,1491.6,342.5,7.22,1.017,192.46,478.76,52.3,5,0
62.26,5.37,0.951,0.958,492.1,71.8,13.27,3.566,117.99,242.03,59.4,7,0
11.23,8.58,0.229,0.506,4474.4,177.6,10.71,1.406,35.54,128.78,59.5,3,0
2.67,11.34,0.913,0.217,3388.8,161.3,13.05,2.121,11.9,34.87,74.1,3,0
20.07,3.57,0.175,0.199,3244.1,468.6,10.11,1.818,55.98,184.2,62.4,11,0
35.66,5.56,0.84,0.683,303.9,214.6,0.66,2.033,96.64,286.7,73.8,6,0
2.75,9.65,0.237,0.494,4091.2,345.5,14.52,0.523,12.54,58.39,76.1,10,0
39.66,7.51,0.134,0.185,2834.6,301.6,13.77,0.935,179.52,817.54,86.5,4,0
19.1,1.77,0.748,0.766,4240.9,71.4,1.9,0.104,87.48,494.17,97.3,8,0
0.8,7.72,0.352,0.819,4873.1,469.8,1.69,1.772,2.8,13.42,75.2,3,0
63.48,2.65,0.743,0.753,4785.9,173.6,8.09,1.23,306.81,816.05,67.8,5,0
61.13,6.37,0.6,0.282,4281.9,23.3,11.36,2.86,266.93,1336.34,62.9,1,0
26.28,6.58,0.198,0.721,64.6,150.9,5.73,0.462,77.66,211.64,81.7,1,0
4.38,10.58,0.939,0.11,4429.8,168.5,2.05,1.148,16.21,68.66,97.1,8,0
4.04,5.82,0.507,0.375,384.6,47.3,7.66,0.399,7.78,17.97,88.2,7,0
26.94,3.71,0.761,0.459,4257.5,310.4,5.06,1.904,92.38,202.25,60.3,1,0
62.56,3.16,0.551,0.852,1408.1,174.0,5.28,3.768,151.45,584.15,94.7,6,0
72.49,10.55,0.644,0.451,3054.2,314.9,9.67,2.9,180.67,437.21,86.8,2,0
22.62,2.47,0.372,0.11,200.0,4.4,13.28,5.772,43.89,141.6,56.4,12,0
0.37,5.4,0.28,0.417,3858.2,491.0,8.38,7.132,1.03,3.44,85.6,1,0
49.37,2.65,0.588,0.549,567.4,86.1,10.31,2.957,157.25,798.48,64.5,10,0
11.18,9.39,0.496,0.954,2059.3,330.0,9.9,0.676,40.25,134.06,74.6,5,0
21.86,5.96,0.451,0.947,4089.1,358.2,8.27,0.495,56.12,223.19,65.0,5,0
86.38,4.54,0.705,0.263,3479.8,86.6,4.66,1.187,369.11,1878.9,54.2,2,0
68.95,4.65,0.721,0.267,40.2,56.7,5.67,10.194,229.14,646.09,88.4,12,0
45.53,10.3,0.141,0.247,2021.1,77.1,4.74,1.064,169.97,887.17,91.4,5,1
4.52,6.87,0.405,0.81,219.2,124.2,13.76,0.444,11.17,59.52,61.6,7,0
47.4,8.76,0.471,0.105,3370.8,84.9,12.4,5.777,206.16,1227.76,62.0,4,0
77.19,10.82,0.187,0.214,4845.1,337.3,8.69,0.975,284.45,1074.15,71.5,2,1
26.85,10.87,0.312,0.584,3279.8,211.0,13.68,2.348,121.33,422.53,90.6,5,1
87.29,4.28,0.146,0.323,1129.6,269.4,13.3,3.104,179.8,864.48,53.9,11,0
85.25,11.45,0.997,0.183,1782.6,24.6,13.92,3.705,241.44,539.05,90.4,6,1
98.23,0.79,0.763,0.424,4883.5,430.8,3.33,3.444,186.2,402.01,96.1,8,0
50.68,4.83,0.179,0.347,1128.0,86.1,10.76,3.619,114.26,381.62,78.1,9,0
60.56,10.8,0.118,0.56,2812.0,180.7,9.14,2.203,174.46,858.03,53.0,11,1
89.5,3.66,0.747,0.981,2008.3,36.9,11.01,1.034,414.46,1021.99,63.5,10,0
55.66,3.64,0.495,0.212,3843.9,69.3,3.95,2.201,192.0,872.11,55.6,8,0
22.46,3.98,0.808,0.435,4338.3,333.2,10.42,3.625,59.65,183.61,63.0,7,0
24.3,7.54,0.931,0.939,1710.8,346.6,6.15,0.864,99.98,460.57,90.6,9,0
48.35,5.54,0.639,0.889,3305.4,338.8,12.51,0.703,75.85,290.37,52.8,9,1
5.17,8.86,0.268,0.455,2749.7,276.5,11.93,0.842,14.45,35.56,64.2,6,0
34.99,10.79,0.804,0.729,1399.4,476.3,3.17,1.603,126.05,376.78,75.8,12,0
78.38,8.25,0.96,0.179,1367.0,254.1,2.76,0.108,277.57,799.07,93.7,3,0
36.69,2.85,0.622,0.741,2697.8,225.3,10.77,3.019,133.07,353.74,62.5,12,0
93.71,11.23,0.714,0.976,778.5,124.5,8.26,0.299,209.93,813.13,88.9,11,1
79.28,3.54,0.404,0.584,4055.9,50.3,8.36,0.285,212.46,1236.24,79.2,8,0
23.91,2.22,0.443,0.549,354.3,274.5,11.29,0.44,113.81,527.23,83.8,3,0
59.02,1.53,0.761,0.269,481.9,158.1,12.82,1.72,289.72,1548.25,93.1,1,0
40.11,6.98,0.935,0.67,1717.7,262.5,3.58,0.673,103.97,615.96,51.3,12,0
83.05,1.81,0.666,0.631,599.3,103.9,8.33,0.918,311.91,1298.34,76.5,4,0
74.39,2.1,0.811,0.687,2383.7,419.2,12.43,5.366,174.42,514.93,87.4,9,0
9.0,3.95,0.254,0.123,2004.4,499.8,13.09,3.757,25.12,143.44,94.2,8,0
60.55,3.74,0.291,0.594,3611.8,161.9,4.31,3.824,258.76,1240.99,56.6,6,1
32.8,7.45,0.579,0.635,4765.5,421.3,1.56,1.724,106.75,622.94,67.1,3,0
42.9,9.89,0.259,0.287,3770.3,436.6,3.49,4.027,191.91,883.59,53.9,3,0
14.51,9.26,0.671,0.287,905.4,498.0,14.18,3.015,53.71,273.95,91.7,7,0
101.18,3.52,0.362,0.349,4678.3,172.0,6.94,6.125,374.51,2083.22,92.9,5,1
76.4,3.32,0.812,0.741,1966.7,378.3,6.28,0.133,123.66,622.89,74.2,3,0
14.11,11.61,0.827,0.646,2376.2,115.2,0.2,0.1,58.18,247.3,51.0,12,0
6.71,0.59,0.517,0.861,2113.7,312.8,0.77,0.385,33.04,128.44,55.1,12,0
26.5,10.62,0.263,0.366,1409.9,352.7,10.03,5.293,83.63,442.69,81.2,12,0
55.21,2.8,0.682,0.921,4476.3,370.8,8.85,1.861,113.45,577.24,99.1,1,0
48.41,11.39,0.994,0.769,1667.9,104.4,8.63,1.111,238.14,825.31,91.9,11,0
83.86,4.44,0.66,0.456,2897.2,424.5,1.65,1.438,210.94,842.37,89.9,9,0
67.65,5.56,0.132,0.186,1207.8,211.1,5.28,3.539,198.35,900.52,70.9,11,0
73.93,8.63,0.116,0.331,3988.9,109.0,12.19,5.293,130.92,276.7,99.3,12,1
51.44,7.26,0.388,0.961,3873.3,271.7,2.62,2.616,97.11,290.4,91.2,12,0
8.63,4.16,0.276,0.379,1488.6,431.8,13.24,2.853,19.48,58.45,66.8,5,0
33.15,6.87,0.832,0.397,3411.0,483.6,1.82,0.772,113.36,627.23,87.4,11,0
77.1,8.9,0.86,0.271,3522.3,374.4,2.54,1.259,266.18,885.3,71.6,7,0
38.2,0.99,0.333,0.826,2816.9,3.8,7.17,4.329,138.34,578.35,83.0,10,0
57.61,0.63,0.393,0.348,3007.0,68.2,14.18,3.083,204.13,1087.25,98.5,9,0
28.84,5.77,0.313,0.397,2876.5,39.1,4.94,2.306,93.26,283.4,62.3,4,0
3.96,2.02,0.918,0.473,418.5,51.5,9.87,0.135,17.04,42.52,89.8,12,0
35.68,8.14,0.552,0.49,3354.6,192.1,8.83,0.1,170.16,985.81,79.5,11,0
50.82,2.96,0.691,0.47,2354.2,169.9,2.24,0.279,124.2,598.51,97.5,5,0
17.05,5.48,0.474,0.553,2197.9,57.7,3.72,1.742,33.35,90.31,56.7,3,0
31.75,2.77,0.668,0.833,4301.4,441.2,13.95,1.537,94.86,500.77,86.0,7,0
7.12,6.81,0.447,0.837,125.9,308.1,2.77,5.719,11.34,58.37,51.9,1,0
79.17,1.83,0.406,0.818,1264.1,398.4,10.43,2.373,363.53,1944.97,62.3,8,0
29.69,0.77,0.671,0.191,615.8,186.4,14.47,0.696,69.45,215.64,66.0,3,0
90.85,1.09,0.632,0.82,186.4,205.7,1.79,0.352,310.93,1179.75,71.6,4,0
93.51,11.47,0.364,0.208,1385.6,159.5,5.99,3.788,177.93,849.55,98.3,10,1
37.16,2.14,0.234,0.212,4942.5,219.8,3.36,1.231,127.71,454.98,53.4,4,0
4.7,8.65,0.432,0.953,1358.4,305.6,3.32,2.12,7.7,17.55,58.4,11,0
33.01,1.28,0.474,0.837,3321.9,247.0,1.78,1.665,138.32,352.15,60.2,7,0
11.52,1.74,0.666,0.597,600.3,419.1,9.74,0.227,55.81,244.91,71.2,12,0
8.08,6.35,0.923,0.887,3013.2,450.2,11.2,0.118,20.81,72.86,53.0,7,0
88.25,5.85,0.133,0.99,4922.6,235.4,10.15,0.946,212.12,428.81,98.3,4,1
44.05,11.44,0.319,0.65,1466.3,120.6,13.87,0.897,135.16,684.89,78.0,6,1
53.64,11.37,0.274,0.652,4241.9,472.7,2.19,2.24,196.84,721.77,90.7,8,1
37.71,9.47,0.552,0.779,4987.9,367.8,4.8,2.0,81.52,265.34,88.6,10,0
1.93,7.42,0.487,0.309,2946.9,320.4,5.17,6.944,8.32,40.37,83.0,4,0
71.05,5.73,0.756,0.25,1553.9,373.0,3.48,3.905,155.94,595.76,95.2,1,0
50.04,4.6,0.318,0.784,3370.9,38.9,2.13,1.373,76.01,363.3,95.1,7,0
34.85,11.39,0.635,0.41,4225.8,34.7,7.3,1.386,116.21,238.56,56.4,2,1
59.77,7.43,0.895,0.222,865.0,77.4,12.52,2.243,113.74,231.77,95.1,11,0
97.25,7.16,0.92,0.383,2268.1,74.6,14.32,0.242,383.55,1626.1,76.2,3,0
32.26,3.17,0.963,0.423,1602.7,210.9,1.94,18.24,67.31,399.05,63.4,8,0
42.43,1.04,0.796,0.969,1424.0,79.5,12.35,1.463,185.02,571.61,80.4,2,0
46.74,11.37,0.915,0.728,4305.5,427.4,12.37,4.814,147.06,695.83,64.0,2,0
123.72,4.11,0.311,0.578,2114.1,289.5,5.83,6.844,430.8,1158.44,74.0,4,0
33.48,5.59,0.278,0.972,1702.0,184.8,1.65,1.743,72.08,233.98,90.8,6,0
63.91,1.82,0.106,0.913,3021.5,35.7,14.85,0.218,128.68,297.55,51.6,10,0
35.98,10.12,0.736,0.561,1104.8,295.9,9.83,1.704,133.48,737.21,59.2,11,0
59.84,0.82,0.944,0.915,1157.2,59.1,14.73,1.821,143.26,464.4,97.8,2,0
16.99,10.09,0.268,0.464,2606.2,371.9,7.25,3.114,48.44,141.53,72.3,9,0
38.29,2.11,0.673,0.307,2052.3,401.6,5.93,0.1,121.68,598.94,65.2,12,0
64.9,10.7,0.772,0.309,1482.0,272.4,3.71,1.256,149.51,418.29,96.2,2,0
148.95,8.89,0.935,0.696,279.2,75.7,14.75,5.122,638.11,1889.5,95.6,9,1
68.28,2.39,0.682,0.551,2608.7,393.6,3.8,9.489,326.93,789.36,52.2,7,0
10.32,7.01,0.973,0.693,4084.9,154.6,0.36,0.425,31.07,181.82,68.1,11,0
