rainfall_mm,past_rain_3day,past_rain_7day,soil_moisture,ndvi,elevation,slope,river_distance_km,temperature,humidity,month,landslide
14.23,51.05,184.8,0.3541,0.1492,1433.0,34.98,3.928,22.4,48.4,1,0
83.51,324.55,684.16,0.4022,0.1054,1298.6,49.8,0.612,31.8,72.8,1,1
71.64,130.63,587.81,0.4368,0.4604,781.3,38.76,1.277,32.3,83.2,1,0
48.28,171.76,549.76,0.3883,0.8243,2204.0,10.0,3.266,24.7,67.6,1,0
21.43,76.3,324.81,0.4913,0.4689,1772.9,16.13,1.974,17.0,61.7,1,0
60.02,148.39,654.68,0.3734,0.1085,3056.8,18.16,4.025,30.5,77.4,1,0
1.67,2.96,9.96,0.2841,0.2556,306.0,20.47,9.749,29.8,54.9,1,0
56.92,226.24,470.37,0.3776,0.3173,2324.8,38.92,0.372,29.9,60.6,1,0
53.2,167.0,559.11,0.3435,0.4023,2717.7,35.24,3.709,10.4,79.3,1,0
26.22,103.71,354.02,0.4066,0.05,2706.3,17.19,0.785,28.8,62.0,1,0
58.48,158.43,622.78,0.4023,0.7759,3124.0,9.05,1.606,31.3,72.2,1,0
18.82,46.83,90.39,0.199,0.4169,2605.8,15.29,0.1,25.1,56.1,1,0
1.63,3.44,10.53,0.3368,0.6273,3261.8,64.06,0.438,28.8,59.4,1,0
54.45,215.57,925.11,0.452,0.05,1297.8,33.11,1.156,29.4,81.7,1,0
27.87,59.45,266.14,0.3476,0.1374,1860.6,57.04,1.256,22.7,55.4,1,0
45.05,70.25,162.74,0.3662,0.4602,246.5,55.93,6.895,30.3,72.0,1,0
75.52,210.05,871.82,0.455,0.6792,223.0,35.69,4.062,29.8,72.9,1,0
11.95,29.18,64.04,0.2941,0.4647,992.4,47.4,10.746,32.9,37.6,1,0
26.42,56.89,231.6,0.4693,0.6995,532.7,16.57,2.742,33.0,46.7,1,0
69.24,213.72,544.7,0.3005,0.6148,1058.7,46.3,0.83,23.2,74.2,1,0
46.72,112.63,494.54,0.334,0.0978,784.2,21.34,1.191,10.8,72.1,1,0
12.51,31.34,115.26,0.2683,0.2333,294.1,54.92,1.156,10.5,58.6,1,0
6.13,9.54,27.46,0.3949,0.6043,3200.7,10.02,1.186,33.5,58.0,1,0
16.8,49.94,127.78,0.2932,0.5116,227.1,51.39,3.353,18.4,75.8,1,0
11.54,20.83,50.74,0.3221,0.261,2629.1,11.0,2.27,19.4,57.7,1,0
35.94,73.11,265.99,0.3291,0.3902,702.1,57.87,1.46,21.7,58.7,1,0
31.96,105.25,444.0,0.4184,0.4457,3210.4,23.25,0.484,16.6,58.6,1,0
36.98,84.44,324.09,0.3638,0.7164,3146.2,44.26,0.1,24.8,74.2,1,0
8.98,17.14,69.47,0.3265,0.0572,2357.9,34.25,0.741,29.6,42.5,1,0
28.23,83.1,324.9,0.4289,0.1906,2418.4,26.98,0.341,16.4,68.4,1,0
21.39,43.58,193.65,0.3605,0.3742,217.6,43.73,4.618,28.6,56.5,1,0
33.63,73.22,281.61,0.3192,0.6725,3450.1,61.85,0.358,26.8,53.4,1,0
59.39,181.33,429.32,0.4009,0.5539,3096.8,7.48,3.865,23.1,56.2,1,0
5.62,18.81,74.08,0.4357,0.8393,3153.9,60.13,1.462,18.1,63.5,1,0
42.09,140.96,376.3,0.403,0.7105,2375.5,41.54,0.229,31.8,55.8,1,0
14.73,39.84,178.85,0.3431,0.4767,1337.8,53.44,5.026,20.1,54.9,1,0
50.06,131.96,371.73,0.3053,0.3342,3149.0,28.03,2.6,19.4,57.2,1,0
33.97,117.84,305.27,0.3969,0.4264,1162.0,33.31,0.807,26.0,75.9,1,0
40.12,79.54,194.55,0.3823,0.5827,2056.9,57.13,6.752,33.0,62.8,1,0
31.62,59.47,212.77,0.3579,0.7574,529.1,29.89,0.139,22.7,48.7,1,0
63.21,199.85,418.67,0.3889,0.8001,3242.5,37.08,0.676,28.1,65.5,1,0
38.69,97.64,427.13,0.5265,0.5884,664.5,6.21,4.184,21.4,72.8,1,0
12.37,40.5,105.08,0.3636,0.5545,942.2,14.52,3.707,15.5,45.9,1,0
32.47,69.53,180.62,0.3979,0.0684,2041.8,43.5,1.024,13.1,56.8,1,0
20.78,48.05,92.46,0.3217,0.146,2721.5,48.02,0.192,13.4,65.7,1,0
34.06,127.45,314.07,0.3558,0.143,2243.9,39.96,5.857,10.5,63.0,1,0
19.51,49.83,146.05,0.3606,0.05,966.0,13.6,1.129,23.8,46.1,1,0
13.08,38.95,108.98,0.315,0.4315,203.1,31.72,0.653,13.3,55.7,1,0
34.98,61.81,156.81,0.3286,0.3712,2698.6,26.31,2.177,31.6,59.3,1,0
31.4,61.13,116.76,0.3464,0.4526,3451.2,34.74,7.231,34.6,59.8,1,0
56.6,89.98,234.99,0.321,0.4184,2872.7,57.22,0.134,22.4,74.6,1,1
19.63,50.27,196.11,0.35,0.5333,1718.7,51.55,4.355,21.2,57.8,1,0
19.52,77.54,231.43,0.35,0.4452,3182.4,10.04,2.549,18.7,55.1,1,0
20.91,77.03,199.13,0.3879,0.393,1552.5,58.42,1.662,26.0,55.1,1,0
10.66,32.85,86.17,0.2866,0.7743,1932.3,33.31,4.089,25.2,61.8,1,0
40.39,147.55,486.46,0.2967,0.1223,1774.5,49.63,10.129,18.6,56.4,1,0
11.85,35.36,92.52,0.3029,0.8267,1677.2,13.4,0.781,18.6,36.2,1,0
5.29,12.82,44.9,0.3288,0.3115,2758.1,45.24,0.465,26.1,49.8,1,0
20.94,40.5,181.11,0.3842,0.4417,1938.3,19.18,7.321,23.9,59.3,1,0
68.6,214.9,410.71,0.347,0.0947,1245.2,31.3,3.316,28.0,67.2,1,0
3.18,6.3,14.22,0.3299,0.1622,1051.9,6.01,1.729,33.5,46.8,1,0
30.31,77.1,176.07,0.3917,0.3879,324.6,14.1,2.555,29.5,56.2,1,0
44.5,158.63,477.0,0.4323,0.6531,2124.5,10.52,4.107,17.6,63.2,1,0
67.1,122.33,233.88,0.3069,0.2636,958.9,19.38,4.449,29.0,59.7,1,0
49.45,90.12,278.41,0.3212,0.3345,688.8,11.0,7.573,21.3,70.1,1,0
57.35,118.2,509.21,0.4229,0.1733,2357.6,46.51,1.67,29.4,45.9,1,0
51.61,148.63,272.17,0.4353,0.3231,2448.0,6.74,1.042,32.2,69.8,1,0
0.23,0.48,1.34,0.301,0.8286,2682.1,42.06,3.062,16.2,52.6,1,0
38.99,107.55,414.53,0.3741,0.6766,1861.8,13.44,1.612,16.0,65.7,1,0
51.22,115.5,256.07,0.2824,0.4628,3150.4,61.71,2.709,20.8,49.9,1,0
6.09,16.84,33.84,0.2885,0.3034,3289.9,60.99,1.634,11.3,54.2,1,0
15.51,34.03,119.2,0.2879,0.2589,2864.3,18.53,0.498,27.1,50.3,1,0
9.92,39.19,71.6,0.3156,0.7799,2297.5,41.87,1.901,28.7,65.8,1,0
49.32,134.73,534.16,0.3305,0.1533,1202.3,6.68,3.522,18.6,67.7,1,0
28.27,94.96,188.07,0.3209,0.6168,3443.7,60.91,4.818,21.6,49.1,1,0
21.98,71.47,229.82,0.2952,0.5068,1104.6,36.38,2.04,24.8,43.1,1,0
2.04,5.56,21.12,0.3512,0.8603,868.8,7.59,0.542,11.8,45.7,1,0
28.32,59.39,145.7,0.286,0.4444,1659.1,25.55,1.607,27.8,65.0,1,0
15.81,43.91,91.31,0.2895,0.3087,387.6,9.61,4.629,23.2,64.0,1,0
36.09,115.56,262.81,0.3663,0.6102,3429.0,28.58,1.597,25.6,62.3,1,0
1.43,3.78,15.54,0.2804,0.7961,2141.8,45.2,3.577,28.1,51.1,1,0
34.45,58.73,217.63,0.4612,0.8018,2037.9,33.19,2.123,26.9,57.7,1,0
19.03,29.4,68.64,0.3602,0.6001,2364.1,28.02,0.828,12.4,55.5,1,0
1.23,2.85,10.66,0.303,0.621,1840.2,12.15,4.771,29.6,60.1,1,0
3.18,5.96,22.15,0.3228,0.4767,305.8,19.7,0.264,25.3,48.2,1,0
0.58,2.17,9.75,0.1842,0.6644,2220.6,11.01,2.233,27.9,55.4,1,0
24.84,48.18,137.67,0.3889,0.6946,2563.4,53.45,0.703,16.5,53.2,1,0
33.03,82.1,339.47,0.393,0.4432,1575.3,13.11,0.208,15.5,68.0,1,0
36.75,120.54,362.27,0.3683,0.4922,2699.1,40.72,2.097,30.7,65.7,1,0
37.69,133.37,563.35,0.4402,0.5067,949.1,25.56,2.077,19.8,69.1,1,0
11.04,29.74,60.89,0.3465,0.4896,930.2,18.56,3.682,24.4,68.4,1,0
56.46,110.26,250.66,0.329,0.802,732.7,43.37,4.097,23.8,46.3,1,0
18.95,41.25,168.92,0.3526,0.3483,1427.6,32.42,3.904,24.6,61.7,1,0
41.26,105.1,421.66,0.4362,0.2164,2995.1,29.01,1.581,11.7,66.1,1,0
25.9,62.45,163.92,0.3553,0.5007,2932.1,40.57,2.996,17.6,61.3,1,0
39.39,93.43,318.71,0.3507,0.1982,1463.3,34.48,2.581,11.7,63.7,1,0
24.64,45.09,127.75,0.3402,0.4328,2144.1,23.21,1.642,22.0,59.3,1,0
39.84,150.74,275.52,0.4239,0.7092,2578.7,38.54,2.728,32.6,64.6,1,0
29.82,46.94,87.81,0.3566,0.5483,996.0,45.17,8.826,19.7,66.2,1,0
50.35,130.9,254.81,0.2925,0.6626,754.9,6.6,0.643,29.6,71.7,1,0
9.53,37.67,128.23,0.3548,0.2555,3407.9,32.95,7.086,17.2,52.7,1,0
14.25,44.86,114.58,0.3455,0.7614,2237.9,8.46,0.165,31.4,52.8,1,0
5.67,13.54,29.63,0.3641,0.5885,3438.7,16.18,1.106,20.5,51.9,1,0
56.72,105.81,459.31,0.3929,0.1125,1314.6,38.63,1.02,18.9,63.7,1,0
26.14,102.19,217.42,0.3247,0.5273,2520.0,56.97,2.953,27.4,72.1,1,0
32.3,49.58,179.48,0.2673,0.7496,934.6,57.97,0.422,22.8,49.5,1,0
3.66,11.73,49.42,0.2751,0.1399,1062.0,9.2,6.42,18.4,57.1,1,0
31.64,117.08,262.54,0.4126,0.5107,1889.3,30.15,5.29,11.5,65.4,1,0
4.43,6.93,16.48,0.3132,0.7996,1254.7,39.98,3.167,14.2,47.1,1,0
8.11,26.86,89.96,0.3129,0.1227,753.2,13.82,1.84,29.3,54.8,1,0
19.94,79.7,252.88,0.415,0.5549,1067.5,50.93,8.107,33.0,66.1,1,0
41.13,127.46,408.75,0.4357,0.3876,318.0,49.65,5.329,14.2,59.7,1,0
43.8,111.1,366.38,0.336,0.2942,2524.6,59.2,2.075,24.2,73.6,1,0
44.48,163.95,715.58,0.5022,0.5592,1824.0,5.51,3.631,10.9,72.3,1,0
9.7,27.99,54.45,0.2279,0.0989,511.0,18.0,2.511,17.3,47.2,1,0
29.84,100.65,387.84,0.4,0.6678,766.6,54.63,2.66,21.2,50.1,1,0
25.08,74.48,180.82,0.353,0.112,538.4,45.23,1.206,28.4,58.8,1,0
8.3,13.25,37.21,0.3649,0.3999,2221.6,58.66,1.86,11.1,42.6,1,0
30.4,61.8,126.14,0.3441,0.4284,510.9,8.43,0.244,29.5,35.9,1,0
23.74,40.29,120.99,0.3118,0.3466,2689.1,40.82,1.326,15.1,53.2,1,0
42.79,75.6,300.23,0.3514,0.1791,267.7,39.14,3.57,29.0,80.2,1,0
32.03,49.28,101.85,0.4549,0.6491,1022.9,7.14,9.187,25.6,56.0,1,0
16.27,41.53,105.67,0.3251,0.7397,3139.2,35.81,9.896,18.5,57.9,1,0
53.15,103.46,290.43,0.3876,0.736,2571.2,41.57,2.434,28.1,71.5,1,0
25.49,92.77,193.01,0.2373,0.5608,440.8,16.48,2.799,15.9,57.3,2,0
28.43,95.96,370.25,0.3322,0.7683,2909.7,21.4,0.616,15.5,55.9,2,0
14.04,41.19,161.64,0.3581,0.8284,1827.0,43.42,3.565,11.5,64.0,2,0
7.23,19.7,79.9,0.2351,0.3653,2994.4,33.1,0.22,19.8,52.5,2,0
43.16,92.35,311.81,0.3894,0.2165,2182.4,56.48,1.005,12.4,62.2,2,0
1.82,4.88,15.47,0.2668,0.1601,2450.0,25.54,3.311,20.5,56.9,2,0
5.55,17.23,43.24,0.2569,0.4235,3478.6,21.0,1.115,10.2,43.4,2,0
89.59,309.58,1104.86,0.4831,0.6915,966.7,64.09,0.153,13.9,66.8,2,1
3.94,6.72,20.16,0.3804,0.5283,2259.0,59.67,5.349,33.3,38.2,2,0
71.3,233.24,1031.18,0.5215,0.4815,1719.1,6.74,1.115,29.9,75.9,2,0
25.73,86.38,381.31,0.3302,0.2044,330.2,51.24,0.196,15.9,56.4,2,1
16.92,49.02,208.04,0.3801,0.1735,247.8,11.62,0.233,28.0,61.7,2,0
44.21,90.0,249.5,0.3911,0.409,593.5,6.65,0.87,26.7,63.7,2,0
63.45,180.71,504.83,0.3812,0.7652,2342.0,21.42,0.588,14.4,58.1,2,0
1.39,3.82,15.69,0.3511,0.3461,2071.6,21.16,4.466,19.3,47.6,2,0
17.28,46.48,175.16,0.3851,0.8069,2026.3,54.16,1.164,32.8,62.4,2,0
51.21,135.79,502.67,0.4424,0.067,305.1,47.64,4.9,28.5,63.3,2,0
37.24,66.18,169.08,0.2999,0.5957,1748.7,63.9,0.573,29.0,70.7,2,0
57.59,112.71,456.48,0.3317,0.4848,3251.3,47.69,2.037,24.1,63.6,2,0
42.92,74.82,251.72,0.2654,0.7549,1512.1,30.1,3.495,26.6,68.6,2,0
75.24,158.48,476.48,0.3619,0.05,2262.2,46.94,3.167,22.7,58.3,2,0
34.5,74.48,308.11,0.3428,0.256,2773.4,64.97,2.757,28.5,58.5,2,1
35.58,75.18,215.34,0.3285,0.229,2787.0,47.61,7.764,28.3,57.6,2,0
38.08,77.2,275.28,0.3523,0.7924,1913.6,50.7,0.778,10.8,50.2,2,0
26.48,88.39,270.3,0.4404,0.2479,3031.2,61.3,2.042,25.8,66.8,2,0
51.24,181.72,617.93,0.4058,0.0895,1491.5,11.82,6.462,25.7,60.3,2,0
35.96,83.36,159.17,0.3292,0.5372,3132.7,47.29,0.243,11.7,54.8,2,1
49.74,112.56,342.75,0.2772,0.4723,992.7,56.05,0.173,20.3,75.3,2,1
53.65,193.69,639.65,0.5385,0.6514,1124.7,62.26,0.797,32.5,67.4,2,1
40.75,124.69,390.32,0.3118,0.7597,375.3,17.66,3.007,33.8,68.5,2,0
42.58,95.11,388.81,0.3419,0.5126,2825.4,35.24,0.903,29.6,49.2,2,0
4.78,15.7,41.45,0.343,0.7315,1576.3,45.83,0.633,13.8,45.0,2,0
16.28,38.45,160.97,0.3443,0.6699,956.1,19.85,1.842,19.4,71.6,2,0
51.12,151.65,438.18,0.4692,0.2372,964.9,41.03,2.853,14.6,72.2,2,0
65.63,261.31,960.37,0.5268,0.6768,3174.6,20.45,0.857,26.3,61.1,2,0
18.47,41.64,84.69,0.3128,0.5954,2951.9,25.01,1.073,29.3,57.3,2,0
15.84,60.62,141.87,0.3804,0.3623,2026.7,31.49,2.852,32.1,46.8,2,0
30.63,70.5,271.78,0.4121,0.5559,2233.2,36.75,8.742,31.5,70.3,2,0
8.06,22.97,42.11,0.2754,0.3629,1765.3,31.96,3.369,12.5,34.3,2,0
9.48,25.11,110.87,0.3702,0.1834,1492.5,34.59,4.582,13.1,55.0,2,0
41.91,144.93,335.46,0.3555,0.5846,3221.1,22.92,1.371,32.7,64.7,2,0
69.57,114.99,486.8,0.3915,0.6792,614.5,14.54,0.953,31.1,62.0,2,0
20.76,63.68,203.32,0.3475,0.6798,1580.9,7.84,1.817,21.5,54.0,2,0
25.78,87.68,291.5,0.3389,0.2773,1337.1,16.76,4.937,20.8,60.7,2,0
41.62,111.56,226.15,0.3232,0.8728,1843.9,39.92,1.828,23.8,48.3,2,0
49.54,87.36,243.39,0.3976,0.1799,1710.2,52.17,5.627,24.9,54.6,2,0
38.02,80.29,178.39,0.259,0.3031,1912.3,15.15,13.468,16.4,60.2,2,0
74.07,236.98,763.07,0.3985,0.1753,661.7,11.51,0.224,20.1,65.6,2,0
30.76,115.01,378.02,0.4088,0.0958,1893.4,49.96,0.139,25.5,55.5,2,1
62.84,160.49,596.4,0.4148,0.3575,1000.0,23.31,0.486,15.2,68.7,2,0
13.88,40.27,167.96,0.3829,0.667,808.3,62.09,1.455,35.0,46.9,2,0
31.49,65.21,199.81,0.3576,0.7168,414.0,47.86,0.421,17.1,59.2,2,0
0.28,0.71,1.72,0.2337,0.8559,2716.8,24.61,6.136,23.8,52.5,2,0
52.56,123.1,332.44,0.3692,0.6279,1610.6,22.37,0.1,23.9,72.0,2,0
27.03,84.84,346.73,0.3956,0.4115,2267.9,36.42,1.138,21.3,48.1,2,0
38.98,154.45,338.83,0.379,0.5493,2601.1,9.75,0.613,16.0,56.7,2,0
22.2,78.46,274.09,0.331,0.6409,2441.7,12.06,8.044,24.1,61.4,2,0
44.7,88.52,162.47,0.3186,0.4795,1752.7,15.55,3.321,12.3,51.6,2,0
39.97,117.69,289.92,0.3296,0.7086,1480.1,51.48,7.292,19.7,62.8,2,0
5.17,8.62,29.27,0.2396,0.4392,1440.7,35.83,10.762,15.6,51.8,2,0
6.62,14.02,42.5,0.2353,0.4375,2312.2,5.63,2.062,13.1,31.3,2,0
29.34,56.65,177.47,0.3548,0.4046,1832.8,45.41,0.801,33.1,54.8,2,0
46.53,108.82,389.97,0.3339,0.5592,3002.1,30.42,0.646,27.5,66.6,2,0
76.61,244.93,596.01,0.4472,0.5896,3086.5,35.65,0.757,14.2,71.3,2,0
37.61,103.38,264.47,0.3228,0.3993,762.8,17.85,3.699,33.7,57.5,2,0
55.23,211.65,772.09,0.3877,0.492,649.6,38.11,0.124,15.4,67.8,2,0
10.28,20.89,67.97,0.2931,0.801,2280.3,63.75,0.158,15.9,61.0,2,1
80.36,193.72,356.32,0.4755,0.7413,1194.0,9.41,2.811,13.3,78.4,2,0
45.18,105.03,379.14,0.3705,0.2457,261.3,22.04,3.082,28.2,57.5,2,0
28.8,60.19,209.1,0.3738,0.2837,3132.5,19.58,3.283,24.3,47.0,2,0
25.92,103.24,207.75,0.3497,0.5049,948.8,19.91,1.395,11.5,61.9,2,0
2.36,5.82,22.23,0.2342,0.4658,3266.6,27.72,4.919,10.6,41.3,2,0
9.51,36.61,117.52,0.3958,0.0997,2567.5,54.09,2.288,23.3,48.6,2,0
77.8,192.65,453.26,0.3777,0.2246,2716.8,59.77,0.334,26.3,74.9,2,1
5.31,10.68,35.36,0.2415,0.6872,864.8,17.13,4.785,30.6,60.8,2,0
4.83,8.69,29.61,0.2803,0.7585,972.8,37.58,9.177,22.0,61.7,2,0
12.48,45.43,194.62,0.3284,0.4364,1920.2,43.21,0.186,26.9,54.2,2,0
0.08,0.13,0.51,0.3376,0.4693,767.9,36.31,1.49,28.3,45.9,2,0
30.42,118.98,311.15,0.3278,0.4284,1207.9,31.04,2.005,25.3,49.5,2,0
57.26,145.76,308.86,0.4924,0.1252,1260.8,16.52,0.475,18.8,82.8,2,0
14.78,31.3,128.46,0.2787,0.4283,726.8,34.29,6.068,13.3,52.1,2,0
4.29,13.07,53.38,0.3412,0.1553,877.1,29.07,1.003,26.2,56.7,2,0
37.34,68.41,155.52,0.2322,0.4228,2802.2,52.73,4.584,29.2,62.8,2,0
28.64,48.13,94.71,0.3126,0.383,751.7,50.82,3.335,14.7,54.6,2,0
55.11,196.7,732.13,0.4638,0.6178,293.9,13.04,2.734,22.4,62.2,2,0
18.68,47.84,179.46,0.2797,0.5252,2276.9,10.31,0.64,19.9,44.5,2,0
23.54,65.8,149.9,0.4047,0.4442,3420.7,59.49,0.748,15.1,66.0,2,1
26.3,51.07,184.06,0.3583,0.0562,1293.0,37.13,0.146,16.1,56.9,2,0
32.26,53.35,136.21,0.3112,0.3122,591.6,56.47,0.826,15.9,71.1,2,0
20.22,48.93,122.51,0.3455,0.606,2082.3,8.49,1.271,20.5,52.5,2,0
16.17,44.72,119.69,0.2941,0.144,3191.0,36.59,5.372,19.8,52.5,2,0
16.22,55.37,177.46,0.3978,0.1705,2787.4,37.37,1.369,23.9,45.8,2,0
15.9,43.78,173.89,0.3853,0.588,2254.3,56.64,4.215,12.3,52.3,2,0
47.92,165.62,521.11,0.4222,0.6324,1239.7,10.86,1.736,24.5,54.5,2,0
51.3,91.75,238.97,0.3781,0.2786,1988.2,19.43,4.61,10.5,68.6,2,0
18.26,30.31,126.91,0.2514,0.4281,501.1,29.39,11.223,16.4,56.3,2,0
62.53,118.62,231.16,0.4193,0.7377,2440.5,56.95,0.823,22.6,80.6,2,0
29.32,100.57,397.48,0.374,0.8455,2592.8,61.33,5.949,27.2,47.1,2,0
3.41,11.58,45.36,0.3603,0.2484,3384.6,64.56,2.917,29.3,60.8,2,0
11.27,20.89,51.9,0.3478,0.6732,1059.3,62.55,5.1,10.9,45.6,2,0
60.5,95.43,222.87,0.3948,0.4784,260.9,5.36,3.163,23.4,70.9,2,0
20.71,66.56,276.99,0.3026,0.8028,2000.5,7.86,1.655,18.9,47.1,2,0
0.31,1.14,3.76,0.2547,0.4728,2532.4,13.86,0.777,27.4,51.7,2,0
26.44,89.52,172.25,0.4466,0.5914,2808.3,25.93,0.218,17.1,37.8,2,0
20.15,40.43,170.03,0.2578,0.7105,839.3,54.8,2.3,28.6,50.7,2,0
40.16,118.84,325.91,0.3099,0.4837,1063.8,58.56,13.915,25.1,62.9,2,0
12.6,42.75,116.43,0.3253,0.7199,1891.6,16.21,4.019,29.7,67.8,2,0
3.71,7.93,28.06,0.3078,0.2823,1291.0,42.18,1.19,34.6,34.1,2,0
16.3,45.97,164.82,0.3057,0.1411,3039.7,60.04,5.267,32.7,54.9,2,0
61.12,139.73,384.8,0.4073,0.3513,1763.4,32.82,4.396,24.8,64.2,2,0
4.79,9.88,21.6,0.3494,0.8068,2838.6,11.21,0.992,32.3,36.1,2,0
14.0,54.92,180.75,0.335,0.4971,2116.0,32.47,0.1,13.8,45.2,2,0
60.31,228.05,795.44,0.4446,0.5218,2751.2,27.55,0.377,11.1,64.3,2,0
42.39,110.82,456.88,0.3897,0.5506,1297.8,39.66,6.294,23.3,66.5,2,0
34.52,63.58,197.6,0.3144,0.1488,2943.7,31.32,5.434,34.4,61.1,2,0
13.83,45.91,162.66,0.2474,0.3954,1106.1,6.04,1.05,27.7,43.6,2,0
31.24,66.82,130.1,0.3409,0.5915,2002.1,64.64,1.007,17.6,44.7,3,0
17.03,32.72,137.91,0.3657,0.8281,906.2,37.61,4.723,26.7,58.4,3,0
8.99,22.06,59.2,0.3041,0.1301,1769.2,33.42,8.329,11.0,51.1,3,0
3.47,9.81,34.41,0.1936,0.4293,1250.0,62.28,4.531,21.8,63.9,3,0
50.08,87.31,373.12,0.3455,0.1563,1080.1,14.35,2.791,15.9,62.2,3,0
28.96,84.85,338.41,0.4125,0.2839,3391.1,16.35,0.834,11.2,67.8,3,0
38.34,58.98,207.71,0.2694,0.301,728.2,53.48,2.238,16.2,65.9,3,0
34.27,127.8,472.84,0.4287,0.4412,2798.2,20.65,0.798,28.1,66.9,3,0
41.5,157.77,676.26,0.4121,0.1947,3447.7,52.95,4.951,23.8,65.9,3,0
24.11,80.34,320.77,0.3628,0.2669,265.7,21.29,1.468,10.6,60.9,3,0
18.43,49.15,169.4,0.2994,0.7008,2506.8,6.99,5.382,20.2,37.2,3,0
10.09,21.57,77.19,0.2586,0.7787,1034.6,36.02,1.442,28.8,51.1,3,0
4.87,16.38,36.0,0.3789,0.4044,333.6,16.8,5.214,33.9,46.2,3,0
2.42,9.28,28.49,0.3465,0.6791,1529.5,50.47,1.216,31.9,60.9,3,0
21.34,40.47,105.73,0.3532,0.2826,3286.2,43.47,1.74,10.0,48.4,3,0
9.6,25.58,75.89,0.3605,0.8065,238.8,60.42,2.867,15.5,50.6,3,0
4.08,9.34,33.52,0.3318,0.5173,2140.0,51.98,0.219,15.2,57.6,3,0
56.53,135.21,297.82,0.4064,0.6281,1854.6,15.85,8.882,20.3,69.4,3,0
36.08,90.72,167.55,0.3001,0.05,3082.2,53.01,2.557,26.1,62.2,3,0
19.18,74.4,213.67,0.4113,0.4873,477.2,43.5,2.127,13.8,64.6,3,0
87.26,187.32,500.13,0.4638,0.4482,2449.0,45.14,5.486,32.9,78.3,3,1
10.73,29.32,86.04,0.3361,0.3485,2444.4,54.94,6.024,29.4,48.9,3,0
54.87,212.81,918.11,0.468,0.2907,2408.0,39.43,2.216,20.5,56.1,3,0
27.69,74.48,276.27,0.2937,0.5239,3309.7,32.96,7.863,24.6,62.2,3,0
50.1,183.32,492.05,0.4092,0.614,2916.2,43.2,0.201,23.5,58.9,3,0
33.2,54.68,124.88,0.4091,0.05,338.5,22.88,0.36,24.6,58.0,3,0
16.33,63.41,220.02,0.2857,0.4474,1754.6,15.96,2.725,31.5,63.5,3,0
32.86,64.7,231.33,0.3969,0.1898,1513.2,42.0,1.311,15.0,58.1,3,0
38.86,153.51,476.75,0.3712,0.2025,1223.5,19.03,1.872,27.1,58.1,3,0
24.32,47.16,111.99,0.3029,0.5246,1689.4,9.79,1.193,12.7,55.1,3,0
79.08,206.46,387.55,0.3182,0.1988,1467.8,5.03,1.556,21.5,71.7,3,0
38.25,86.9,218.75,0.3058,0.364,1626.7,41.5,5.189,25.9,53.5,3,0
47.27,122.11,370.54,0.406,0.2837,3431.6,26.73,2.7,10.3,77.6,3,0
1.34,2.84,11.16,0.3408,0.4989,492.5,50.14,17.793,12.7,46.0,3,0
47.74,186.82,766.93,0.4642,0.5238,3243.4,27.51,4.638,12.3,70.6,3,0
57.71,130.68,380.92,0.3506,0.8358,1784.8,34.16,0.959,19.4,59.2,3,0
36.81,115.34,455.56,0.3353,0.2346,2258.3,29.43,0.921,25.6,65.4,3,0
30.24,55.75,249.88,0.3527,0.5337,2939.6,44.03,1.228,34.9,60.4,3,0
8.14,28.97,108.19,0.3032,0.2458,1389.5,26.37,5.559,16.4,52.6,3,0
25.07,71.61,269.75,0.3642,0.3861,1620.4,62.83,0.1,13.4,58.9,3,1
17.67,69.79,297.0,0.3429,0.6187,1551.4,61.17,0.785,20.4,58.6,3,0
44.77,114.56,310.79,0.347,0.2691,1436.6,55.88,7.059,13.6,61.6,3,0
9.23,18.35,33.59,0.3146,0.4642,3254.2,60.22,3.064,10.6,51.4,3,0
44.59,105.46,470.86,0.4112,0.2468,2935.5,31.95,0.772,24.1,68.0,3,0
9.5,31.75,99.21,0.3809,0.05,559.7,37.19,0.742,32.0,43.7,3,0
23.92,75.28,295.2,0.3418,0.294,556.8,49.53,5.955,31.5,46.8,3,0
45.88,158.08,631.34,0.4527,0.6193,1612.0,46.77,6.726,12.5,65.2,3,0
12.88,21.69,62.31,0.4026,0.6644,525.6,58.44,0.888,13.7,37.8,3,0
46.74,137.92,449.82,0.418,0.39,2243.0,47.98,1.637,22.3,50.6,3,0
44.3,169.69,552.8,0.468,0.3806,674.2,64.87,5.398,19.2,77.7,3,0
23.7,41.94,100.44,0.2889,0.0853,1923.8,25.91,4.422,27.6,69.5,3,0
59.52,103.32,218.78,0.3075,0.3236,223.8,54.98,5.045,22.4,63.3,3,0
32.42,106.71,348.69,0.3613,0.6774,1244.8,46.86,2.192,10.5,67.7,3,0
58.03,132.77,282.06,0.3534,0.5872,2434.7,46.48,7.276,17.1,75.7,3,0
75.31,236.96,647.96,0.4823,0.1892,1797.3,24.55,1.183,32.5,76.4,3,0
24.44,69.99,161.15,0.2955,0.1219,3428.3,52.14,0.511,22.8,56.7,3,0
46.6,184.77,685.26,0.4317,0.5956,3084.5,59.02,3.701,29.9,69.0,3,0
14.54,54.11,224.8,0.3984,0.2988,1384.9,18.11,2.325,20.1,60.7,3,0
4.65,14.87,49.97,0.3207,0.3173,350.1,42.53,5.785,26.9,56.5,3,0
25.59,55.12,160.26,0.3313,0.5895,2990.6,28.53,0.254,14.2,45.3,3,0
3.59,7.74,34.74,0.3188,0.5745,3207.1,64.37,5.568,28.4,67.3,3,0
7.03,26.07,48.41,0.2532,0.4487,2908.1,33.73,1.041,29.7,71.3,3,0
45.26,134.12,351.63,0.3127,0.6939,622.2,18.7,3.191,12.3,48.3,3,0
17.63,61.24,156.32,0.2516,0.2494,3493.1,27.91,0.123,14.6,59.4,3,0
48.24,126.61,349.66,0.3798,0.6209,1053.3,44.23,2.822,21.6,80.8,3,0
37.96,66.72,161.64,0.3781,0.167,2589.9,9.57,3.79,25.9,69.4,3,0
76.75,178.97,449.84,0.4277,0.4281,3196.5,41.22,1.38,25.9,81.1,3,0
43.58,82.93,206.98,0.3983,0.6986,977.8,60.87,0.728,26.7,51.6,3,0
58.33,201.51,637.87,0.4994,0.3898,3197.3,56.02,2.314,27.9,73.8,3,1
40.52,131.75,376.25,0.382,0.5371,1221.3,9.06,5.373,22.6,64.1,3,0
38.26,65.85,232.18,0.3429,0.6373,3422.2,64.6,1.173,24.4,67.7,3,0
59.59,181.97,580.27,0.4891,0.1162,1128.2,46.92,0.873,10.2,59.6,3,0
47.19,173.93,399.21,0.3443,0.4968,3346.3,14.74,0.981,14.2,55.6,3,0
35.73,115.88,462.01,0.3329,0.7663,376.7,5.74,8.936,22.5,59.6,3,0
35.62,98.93,304.21,0.3435,0.5142,2540.6,15.28,1.335,28.6,57.7,3,0
43.93,100.15,221.7,0.3213,0.1755,1956.0,55.29,0.1,30.2,61.9,3,1
13.69,50.9,114.55,0.3252,0.1153,1777.0,6.3,4.565,28.2,50.3,3,0
12.63,32.29,127.62,0.2829,0.3046,937.5,18.99,3.605,22.2,52.2,3,0
66.11,240.54,889.54,0.4952,0.1495,2528.5,50.44,0.413,17.0,64.5,3,1
77.09,266.52,844.24,0.4393,0.4253,829.7,40.17,12.58,21.1,72.7,3,0
7.25,25.68,67.44,0.3748,0.1483,2024.4,51.96,2.81,10.2,40.8,3,0
13.75,54.65,166.32,0.2733,0.2857,1035.7,49.77,2.084,24.9,58.2,3,0
59.04,199.07,700.43,0.4322,0.3756,3353.6,8.04,1.445,11.9,69.8,3,0
43.81,69.45,289.88,0.3408,0.3728,294.5,58.55,6.868,13.6,53.0,3,0
47.39,95.41,314.95,0.3741,0.4808,859.1,18.62,0.839,25.6,74.8,3,0
52.89,83.99,213.93,0.3888,0.5652,999.6,38.2,1.01,10.3,59.3,3,0
24.46,48.3,92.51,0.3317,0.1114,1566.4,43.66,0.392,24.3,66.8,3,0
38.72,64.03,145.6,0.3225,0.1722,968.0,15.12,4.27,26.0,64.3,3,0
36.78,101.29,360.14,0.4061,0.0547,1821.5,63.57,2.716,29.7,69.0,3,1
9.01,14.15,31.61,0.3484,0.4187,3079.1,34.29,2.818,11.7,54.1,3,0
38.35,102.84,318.82,0.3768,0.05,2549.8,8.46,0.74,10.1,66.0,3,0
61.42,230.14,848.56,0.488,0.5621,2113.9,61.24,3.159,29.2,76.3,3,1
22.12,74.58,196.31,0.3713,0.3274,493.7,40.18,4.35,17.3,71.9,3,0
34.29,132.35,477.34,0.3126,0.7985,2490.2,46.95,1.329,32.2,68.9,3,0
35.64,73.66,248.15,0.3318,0.4429,749.2,36.51,4.849,14.6,64.3,3,0
23.36,66.05,197.17,0.358,0.3322,2795.0,55.08,1.287,24.6,46.2,3,0
47.4,108.85,459.61,0.3767,0.6338,1025.2,6.99,4.258,12.7,44.9,3,0
13.47,36.84,135.16,0.3124,0.5199,1576.3,21.1,0.103,20.1,53.0,3,0
63.79,184.53,511.81,0.4204,0.5038,1356.6,33.18,2.403,32.1,63.4,3,0
46.13,73.37,291.38,0.3778,0.7003,3034.1,9.6,10.473,25.2,58.4,3,0
7.06,14.7,55.75,0.3344,0.4387,617.6,47.35,11.929,27.2,51.5,3,0
72.92,237.88,936.65,0.4465,0.6533,2066.6,28.62,0.993,15.6,77.2,3,0
34.68,119.02,420.22,0.3126,0.2952,668.8,21.36,1.747,33.1,55.4,3,0
12.4,36.26,102.4,0.3606,0.7374,2525.8,5.2,0.195,25.6,60.9,3,0
58.09,126.46,346.66,0.3318,0.3505,3186.8,48.19,6.199,12.6,67.7,3,0
42.84,107.65,383.9,0.3357,0.2709,1634.2,55.03,2.522,10.4,63.2,3,0
13.82,24.06,51.8,0.2652,0.6408,1810.7,28.7,1.459,10.4,69.1,3,0
17.33,67.3,270.14,0.4112,0.1398,3260.5,38.85,0.359,11.3,56.6,3,0
37.45,137.51,385.02,0.3871,0.2638,1919.3,18.66,8.799,32.8,60.8,3,0
23.51,39.13,137.03,0.3444,0.2808,1809.1,42.33,2.266,19.0,61.2,3,0
32.6,62.47,196.63,0.3735,0.5684,2108.5,5.73,0.998,17.5,74.2,3,0
34.42,101.65,325.49,0.3625,0.7679,2474.5,34.32,1.293,20.4,60.0,3,0
0.89,1.85,7.0,0.352,0.593,552.7,43.65,0.947,20.2,53.8,3,0
37.24,142.86,498.85,0.3393,0.6087,2909.7,60.09,2.762,16.0,60.3,3,0
30.66,103.91,257.27,0.2968,0.5583,1637.2,27.88,7.976,12.3,58.4,3,0
0.69,1.51,3.02,0.2436,0.0786,438.8,50.91,5.828,12.7,46.3,3,0
53.46,81.01,329.6,0.3866,0.0885,2794.4,40.86,1.851,25.0,61.6,3,0
51.42,179.9,753.65,0.4751,0.4791,1443.9,60.62,5.255,19.9,79.0,3,0
23.23,59.48,133.48,0.3029,0.3332,531.2,28.9,1.65,32.6,52.5,3,0
25.51,79.23,208.83,0.3299,0.2654,2291.5,24.15,0.872,21.6,45.3,3,0
48.63,107.84,276.31,0.4183,0.4155,3104.4,58.23,12.298,22.6,65.6,3,0
25.46,47.28,204.78,0.306,0.6359,3129.6,7.95,1.087,33.2,65.8,3,0
17.8,56.74,133.52,0.3413,0.3983,3360.3,13.18,1.173,22.5,65.3,3,0
42.65,111.99,251.93,0.3158,0.6068,3063.4,9.94,13.725,22.5,53.2,3,0
13.18,27.51,63.03,0.3673,0.5129,207.1,55.59,0.431,19.1,62.9,4,0
23.76,43.82,165.22,0.3642,0.6388,1454.8,5.64,4.288,27.8,73.6,4,0
69.95,206.45,866.6,0.4022,0.8535,2901.2,56.7,8.238,19.8,65.5,4,0
30.16,99.94,286.04,0.3438,0.2335,1408.6,32.08,2.151,24.7,57.7,4,0
33.55,74.14,160.69,0.228,0.5029,2185.1,5.24,0.1,21.2,50.2,4,0
46.25,154.37,522.01,0.4487,0.7205,2200.8,29.1,1.41,23.2,78.7,4,0
46.14,90.34,213.81,0.4448,0.5201,1404.6,16.21,0.355,30.7,51.9,4,0
10.53,24.7,48.74,0.2007,0.7394,3184.8,42.46,1.615,20.3,50.0,4,0
32.0,107.59,451.11,0.3183,0.466,1860.7,45.76,4.682,15.8,65.9,4,0
34.41,108.41,450.03,0.3978,0.5258,1733.8,34.25,1.733,24.3,54.9,4,0
40.31,87.72,389.05,0.3764,0.0616,3491.8,7.43,1.697,33.4,54.2,4,0
40.74,73.55,226.51,0.3245,0.7603,1828.6,44.37,2.441,27.3,61.8,4,0
98.19,157.72,409.09,0.2944,0.5904,788.7,55.52,2.615,17.7,98.6,4,0
4.11,14.78,57.32,0.3276,0.7997,1893.1,48.22,5.82,34.1,49.2,4,0
58.01,97.91,223.96,0.3889,0.547,2886.3,54.8,1.106,18.6,65.7,4,0
63.09,112.75,277.02,0.4974,0.2347,2763.6,17.03,5.172,34.6,60.0,4,0
45.83,95.98,239.01,0.4129,0.05,2802.3,58.33,2.504,14.8,66.8,4,0
17.25,45.09,197.03,0.2742,0.7484,2536.5,24.33,1.072,35.0,62.2,4,0
75.12,261.02,984.17,0.4949,0.2967,1038.9,5.8,1.049,11.9,67.7,4,0
21.29,45.11,97.48,0.349,0.3061,3044.9,55.6,1.344,27.8,60.7,4,0
16.43,46.96,96.3,0.2847,0.4947,3148.4,61.51,2.924,28.5,50.1,4,0
62.8,108.39,441.75,0.4268,0.4029,840.7,44.33,0.787,27.0,53.7,4,0
24.26,64.55,256.01,0.386,0.5467,630.5,18.89,7.59,29.4,60.9,4,0
73.42,142.73,515.51,0.4643,0.3999,3419.5,20.1,2.566,21.8,88.6,4,0
4.29,8.69,20.25,0.3441,0.6597,3065.5,33.0,7.578,11.4,41.7,4,0
5.71,13.79,42.7,0.3227,0.7302,3147.7,58.87,0.143,18.9,53.1,4,0
20.22,68.81,235.82,0.315,0.2326,3125.0,13.98,1.258,26.1,66.5,4,0
43.94,147.65,637.36,0.362,0.3482,1987.6,54.56,0.1,26.2,62.4,4,1
27.96,70.94,160.14,0.3428,0.4003,2333.1,22.48,0.953,14.9,47.0,4,0
21.25,38.18,121.84,0.304,0.7245,1999.7,53.52,5.942,16.3,56.7,4,0
69.02,151.96,338.25,0.3518,0.2875,369.0,60.22,0.112,22.2,82.6,4,1
71.34,197.15,591.14,0.4735,0.2298,2660.2,30.65,1.719,28.2,67.4,4,0
23.15,85.04,199.02,0.408,0.5582,1867.6,26.9,0.375,31.3,58.8,4,0
9.24,36.21,146.94,0.2674,0.4302,2337.4,53.13,1.618,12.2,44.3,4,0
20.43,63.2,157.23,0.3207,0.8025,1858.7,36.77,5.476,33.1,55.3,4,0
39.49,93.86,274.64,0.3329,0.8074,1823.0,46.07,2.927,33.2,64.9,4,0
49.91,161.38,468.17,0.4088,0.5073,766.9,42.37,4.004,10.2,66.0,4,0
35.08,82.11,339.87,0.2542,0.567,1119.8,14.17,1.288,22.7,57.1,4,0
31.74,97.23,373.94,0.3013,0.05,724.2,55.69,8.669,24.7,63.1,4,0
13.39,28.25,55.25,0.3051,0.6441,845.7,16.75,3.706,23.8,59.4,4,0
49.88,108.12,214.2,0.3819,0.55,3410.8,60.94,1.644,25.4,70.8,4,0
75.46,127.39,418.87,0.387,0.3501,705.3,20.03,1.668,22.6,70.3,4,0
21.91,55.89,165.14,0.3664,0.262,1088.6,49.03,7.528,17.3,51.6,4,0
31.57,96.15,244.6,0.3585,0.7926,2148.9,22.08,2.577,12.4,75.2,4,0
9.25,32.11,126.53,0.389,0.4374,2213.6,24.07,3.676,15.2,53.9,4,0
3.75,13.24,28.42,0.3799,0.7066,708.1,23.6,1.619,28.5,49.1,4,0
5.26,20.93,92.74,0.2804,0.1466,2819.3,49.87,0.76,16.0,39.8,4,0
43.0,73.93,137.89,0.3716,0.3105,2791.2,38.41,3.857,30.7,55.4,4,0
43.63,119.24,252.69,0.3756,0.7299,983.1,57.98,2.808,20.1,58.0,4,0
70.01,196.28,518.29,0.5282,0.3104,1152.6,23.44,2.088,20.4,74.5,4,0
33.73,118.43,375.97,0.3348,0.5913,3295.4,46.52,2.935,31.7,57.3,4,0
10.45,22.63,53.94,0.3049,0.3258,2924.7,50.18,0.701,15.4,53.3,4,0
27.55,46.11,174.65,0.2831,0.4204,2502.7,14.09,4.739,14.7,46.8,4,0
1.15,2.63,7.28,0.2528,0.7309,471.4,29.04,8.879,34.6,61.6,4,0
3.34,13.22,25.17,0.3243,0.499,1580.3,33.97,6.652,23.5,45.1,4,0
48.02,180.01,750.63,0.4594,0.8032,2045.7,26.34,1.163,14.8,66.3,4,0
38.36,95.45,415.06,0.4095,0.8443,818.5,24.33,1.563,14.1,57.3,4,0
48.2,177.88,617.26,0.4486,0.7708,1679.1,46.19,4.957,31.5,61.9,4,0
24.57,38.87,154.6,0.3189,0.7372,2183.4,17.95,2.712,25.0,51.0,4,0
53.27,121.75,258.97,0.3393,0.05,1280.3,47.56,2.382,12.9,68.4,4,0
23.17,76.86,194.15,0.29,0.7227,2777.1,61.1,7.837,32.2,49.1,4,0
61.42,126.14,337.83,0.3321,0.1632,2973.5,38.91,2.304,21.1,70.9,4,0
42.12,84.08,369.44,0.3706,0.1296,1267.9,41.69,2.17,34.7,61.7,4,0
28.33,103.54,329.58,0.3753,0.05,2967.6,9.14,0.129,17.0,63.5,4,0
38.81,117.98,214.72,0.3782,0.3706,541.8,56.87,0.216,23.2,67.5,4,0
33.06,131.34,371.23,0.4042,0.6065,2964.5,22.13,0.1,14.3,57.4,4,0
73.41,134.83,245.52,0.4266,0.3717,704.1,41.9,7.334,21.0,75.0,4,0
39.64,94.76,231.41,0.2973,0.1685,473.7,63.75,1.575,14.4,58.3,4,0
33.47,76.24,230.83,0.3342,0.4471,2317.9,40.73,1.897,17.7,70.6,4,0
27.55,101.93,272.47,0.3099,0.4268,1757.4,48.48,5.6,16.7,55.4,4,0
54.59,116.72,220.41,0.4077,0.6391,3196.0,31.72,2.819,17.1,64.8,4,0
51.21,122.06,258.04,0.3261,0.3347,1398.5,8.62,2.821,34.2,61.6,4,0
26.66,49.51,162.77,0.3901,0.2677,1147.6,52.86,1.055,11.0,52.1,4,0
4.62,15.87,58.39,0.3842,0.2616,1852.4,7.1,5.386,22.4,67.7,4,0
10.96,22.95,66.38,0.3339,0.3398,1704.6,47.04,0.544,25.7,57.2,4,0
28.9,48.29,182.3,0.3509,0.5468,1336.6,6.38,0.164,26.5,59.2,4,0
67.23,173.98,389.89,0.3794,0.3866,2489.3,56.74,0.638,28.9,66.4,4,1
27.25,67.55,143.85,0.3127,0.3809,2706.6,14.46,0.935,29.0,67.1,4,0
18.65,36.27,147.47,0.3074,0.3697,3014.8,35.86,0.995,33.9,51.2,4,0
10.51,19.28,52.35,0.303,0.4046,3410.4,40.83,3.331,28.9,54.1,4,0
71.35,266.93,792.01,0.5486,0.7949,1080.0,32.45,0.737,30.6,89.0,4,0
47.73,79.7,347.35,0.3169,0.1984,2563.1,25.45,3.387,23.3,56.7,4,0
53.41,93.37,274.99,0.3649,0.6198,1501.1,33.07,0.287,26.4,70.3,4,0
57.55,121.58,219.99,0.3793,0.5471,2434.4,23.68,0.478,22.0,69.6,4,0
29.39,114.09,494.31,0.384,0.0755,1770.7,31.29,2.133,16.9,63.0,4,0
35.62,61.04,112.19,0.3431,0.8946,3479.5,26.53,7.649,17.8,58.4,4,0
70.72,250.36,898.34,0.4033,0.6056,2605.4,38.97,5.889,19.0,66.5,4,0
38.0,141.73,378.69,0.4415,0.5986,3343.2,19.28,10.398,18.5,63.2,4,0
48.2,117.82,361.72,0.4284,0.4072,2955.4,64.32,3.154,23.3,60.8,4,1
55.27,123.52,404.85,0.3755,0.4521,3179.6,35.05,3.379,16.2,47.9,4,0
49.58,158.33,459.62,0.3473,0.2276,2887.6,16.65,2.943,22.9,58.3,4,0
30.3,98.69,383.97,0.4159,0.1538,1715.2,33.62,2.925,32.9,56.6,4,0
32.66,112.68,485.97,0.3391,0.728,1030.9,56.98,0.477,20.1,51.2,4,1
52.95,189.37,385.04,0.3263,0.6997,1422.1,6.31,2.354,15.6,67.1,4,0
52.91,114.86,454.93,0.3877,0.1568,266.8,45.77,1.464,18.7,59.8,4,0
62.71,201.78,433.29,0.462,0.6419,1929.2,37.88,1.753,31.9,68.5,4,0
47.29,86.88,175.21,0.3668,0.6327,1866.7,15.17,2.224,33.5,81.5,4,0
48.42,134.46,589.04,0.3847,0.2553,1933.3,54.05,0.412,32.2,74.3,4,0
22.35,67.78,211.54,0.2579,0.4242,3414.3,27.13,1.336,17.2,61.4,4,0
18.98,36.14,79.95,0.318,0.352,3207.8,22.63,0.197,19.7,70.2,4,0
53.02,89.68,299.42,0.3721,0.5862,733.7,54.69,11.687,34.4,65.3,4,0
19.15,38.05,95.55,0.3153,0.7277,1417.3,43.31,0.378,18.1,55.2,4,0
32.99,84.17,257.04,0.4414,0.1505,1599.1,58.9,0.897,13.4,51.5,4,1
67.98,252.87,881.66,0.4686,0.423,1389.8,42.79,6.657,17.1,80.6,4,0
64.02,181.17,751.31,0.3352,0.6702,2835.0,49.45,1.977,34.1,84.9,4,0
41.05,138.4,250.27,0.3294,0.5428,1929.3,55.19,0.437,20.4,69.6,4,0
26.1,50.52,120.15,0.3466,0.2059,2087.9,8.28,1.455,33.3,69.2,4,0
30.42,53.7,110.61,0.3413,0.3913,3014.9,51.56,0.369,12.6,37.2,4,0
55.2,115.87,238.93,0.3386,0.7409,2859.6,41.82,0.67,29.2,85.3,4,0
32.6,74.47,324.21,0.3473,0.2983,636.3,9.17,0.16,12.3,58.9,4,0
19.55,56.12,242.84,0.2483,0.4398,2555.9,35.51,1.73,14.9,74.7,4,0
63.9,236.64,904.69,0.484,0.6301,1636.9,9.95,4.93,25.4,83.0,4,0
38.05,97.6,345.14,0.3516,0.2014,1172.3,49.16,2.645,20.9,67.6,4,0
19.08,53.36,218.2,0.3558,0.6353,365.1,37.79,2.797,26.7,53.0,4,0
45.48,68.75,134.59,0.3513,0.3392,1807.9,62.21,0.672,34.3,64.9,4,1
57.79,91.5,194.21,0.4006,0.05,1372.9,15.99,1.264,11.3,52.1,4,0
8.32,14.22,37.76,0.2597,0.2874,1030.0,41.36,5.598,14.8,59.9,4,0
28.5,92.54,374.58,0.3097,0.1641,2492.4,17.69,0.276,26.0,38.1,4,0
27.34,74.24,228.3,0.3167,0.0767,2739.3,41.84,5.854,32.4,55.8,4,0
44.81,88.84,280.71,0.319,0.6319,1007.8,48.36,1.983,29.9,75.8,4,0
61.52,183.42,443.71,0.3469,0.2285,363.2,48.34,5.445,21.6,74.2,5,0
31.93,91.38,324.46,0.4367,0.7801,3000.9,53.9,1.148,28.6,47.3,5,0
8.4,14.47,60.73,0.3195,0.4995,232.9,56.21,1.241,15.2,41.8,5,0
71.52,221.77,596.5,0.5171,0.3913,3292.5,9.64,4.178,10.3,66.7,5,0
17.72,60.57,210.3,0.3416,0.4526,2271.1,25.6,4.611,24.3,55.9,5,0
52.5,116.36,313.74,0.3037,0.5518,1262.1,46.23,0.783,30.3,72.8,5,0
42.42,136.54,538.02,0.3665,0.4454,1013.4,34.92,10.821,20.8,67.6,5,0
49.78,99.53,306.79,0.4122,0.1833,229.7,16.44,0.265,24.2,56.5,5,0
87.0,295.09,801.64,0.4026,0.6785,977.1,38.16,0.213,20.6,81.1,5,1
121.68,459.87,1349.33,0.596,0.4115,654.5,29.45,2.715,22.9,92.3,5,1
4.88,12.72,26.04,0.2873,0.174,2220.1,28.4,3.848,32.1,55.4,5,0
70.32,148.48,614.49,0.3756,0.4478,749.6,53.59,9.724,22.0,90.9,5,0
41.81,104.45,458.2,0.4604,0.5791,1944.5,29.46,1.557,10.2,68.4,5,0
71.92,152.84,472.12,0.3644,0.2411,2147.4,6.59,0.1,30.0,79.3,5,0
69.65,104.69,251.02,0.3085,0.7019,1183.5,8.48,2.771,25.4,85.9,5,0
80.96,253.11,909.81,0.4768,0.5333,315.7,56.37,1.026,28.3,81.1,5,1
52.84,84.89,256.48,0.3255,0.5844,322.9,62.64,1.702,32.5,61.4,5,0
23.48,47.57,118.04,0.4342,0.3425,286.9,46.3,2.011,17.2,67.0,5,0
68.91,227.83,433.74,0.4392,0.6738,2639.1,26.86,0.2,22.6,67.5,5,0
48.67,154.01,647.18,0.399,0.2849,1249.4,61.32,1.996,25.1,56.7,5,0
39.87,67.12,265.21,0.3289,0.4806,2827.8,44.77,1.667,18.6,54.8,5,0
33.82,106.52,430.17,0.2845,0.2938,1624.7,55.66,3.74,31.2,70.0,5,0
70.88,271.21,810.27,0.4679,0.4821,1694.9,50.95,3.113,27.4,76.2,5,0
85.81,144.69,554.71,0.3729,0.1489,1892.5,27.75,0.614,28.3,84.2,5,0
15.84,40.21,135.49,0.3313,0.1264,2553.0,33.72,0.693,30.2,59.8,5,0
61.27,203.63,572.6,0.3155,0.7235,1102.6,16.17,0.867,16.5,69.9,5,0
36.41,115.4,470.29,0.3921,0.3255,601.2,22.52,0.592,28.6,63.5,5,0
9.04,18.68,83.98,0.4016,0.3532,2035.0,51.69,3.212,29.3,57.4,5,0
49.41,94.26,398.56,0.3819,0.5346,1279.0,58.64,15.571,31.1,60.0,5,0
24.89,86.14,335.59,0.3279,0.6122,1660.2,48.47,3.168,22.2,47.1,5,0
6.28,24.42,93.25,0.3175,0.2573,2334.9,32.91,2.799,22.6,48.0,5,0
26.18,89.5,318.23,0.36,0.1476,1830.6,10.19,1.583,12.5,62.2,5,0
20.03,78.26,321.25,0.4734,0.8177,2246.9,8.42,1.124,31.3,50.8,5,0
29.55,89.03,278.78,0.3387,0.4753,1995.9,27.46,7.26,23.3,75.9,5,0
12.57,48.07,110.1,0.2617,0.3512,2641.3,32.83,10.421,24.9,57.3,5,0
35.84,115.63,447.92,0.3901,0.6718,2529.6,41.55,2.06,13.0,61.7,5,0
27.89,105.21,450.56,0.3993,0.4529,1962.8,5.39,1.028,25.0,53.5,5,0
55.11,104.93,285.58,0.3849,0.2203,2440.4,64.38,4.411,11.0,73.9,5,0
60.56,214.31,838.84,0.5044,0.2604,3082.7,26.84,0.426,33.1,58.5,5,0
52.22,104.02,264.12,0.4503,0.346,1626.5,55.89,4.352,31.6,68.2,5,1
39.83,62.48,271.49,0.3242,0.6917,1562.1,37.1,5.127,14.9,58.5,5,0
39.16,109.41,398.84,0.3449,0.1071,2722.0,12.83,0.4,24.8,62.7,5,0
24.79,56.92,189.94,0.245,0.1875,2122.4,52.85,11.299,25.1,61.3,5,0
25.4,40.86,159.58,0.3648,0.7567,434.3,47.59,12.703,30.1,48.5,5,0
63.31,250.13,999.44,0.4542,0.1743,3144.0,36.65,8.281,28.9,55.6,5,0
1.73,5.47,23.03,0.3492,0.5865,301.6,35.87,2.056,34.8,43.1,5,0
43.7,164.08,694.57,0.4134,0.2253,2669.7,10.25,0.847,18.8,70.1,5,0
37.63,150.44,292.2,0.4444,0.5529,2704.0,44.35,2.617,13.1,64.3,5,0
60.7,150.53,320.91,0.2921,0.3087,3345.3,59.67,1.634,24.3,65.0,5,1
10.1,21.57,86.95,0.3684,0.1697,378.6,10.59,0.692,29.1,68.8,5,0
46.03,90.21,392.81,0.4232,0.5681,2169.6,20.81,1.653,17.1,74.1,5,0
54.3,151.37,398.22,0.4054,0.552,1611.9,59.14,3.271,15.9,74.6,5,0
1.9,5.72,10.43,0.2462,0.639,1291.1,22.06,0.221,30.1,44.8,5,0
18.86,50.57,135.09,0.3534,0.5936,498.1,44.24,1.217,28.8,63.9,5,0
43.43,107.18,303.72,0.3667,0.4008,2056.8,37.09,0.1,15.1,65.8,5,0
58.57,112.5,433.68,0.2947,0.4749,1780.8,40.78,4.153,31.7,61.8,5,0
50.28,130.97,252.57,0.4281,0.5042,545.0,29.95,3.071,13.4,64.3,5,0
59.73,102.33,242.94,0.331,0.589,2221.2,23.0,0.194,12.7,59.6,5,0
18.74,68.62,289.17,0.4315,0.5443,2635.2,7.91,10.035,18.8,49.9,5,0
6.0,9.71,21.53,0.3009,0.5492,2732.0,49.66,0.1,32.2,42.6,5,0
47.83,117.27,451.48,0.4388,0.1832,3187.7,49.77,2.675,27.4,72.0,5,0
14.99,26.23,72.81,0.2715,0.251,1551.3,45.24,4.493,19.9,53.9,5,0
24.09,82.8,297.19,0.3698,0.2886,3345.1,43.62,4.652,13.9,49.7,5,0
69.03,157.51,314.92,0.3698,0.7053,3055.9,19.62,0.105,27.8,74.8,5,0
50.45,89.94,231.47,0.3298,0.5689,1178.5,6.34,7.107,25.0,65.1,5,0
31.52,89.15,262.73,0.3087,0.4923,725.6,53.52,7.52,34.7,67.9,5,0
28.27,107.16,440.92,0.2343,0.3205,1636.8,34.47,2.472,29.1,59.5,5,0
61.24,230.99,767.21,0.4101,0.1609,1526.3,23.41,1.974,12.6,56.9,5,0
51.02,108.37,208.31,0.3764,0.7536,2099.9,11.12,0.138,28.2,61.3,5,0
15.36,50.66,200.89,0.2702,0.7311,2125.2,8.76,2.476,16.4,45.3,5,0
2.97,4.69,9.13,0.2424,0.1899,2675.0,25.93,1.58,34.0,55.4,5,0
92.77,169.73,733.7,0.374,0.5785,1882.6,53.28,4.446,10.5,86.5,5,0
15.16,41.67,98.82,0.3301,0.4011,545.9,60.12,1.552,16.0,42.2,5,0
58.91,122.06,380.52,0.3309,0.3114,3032.4,58.81,3.452,22.5,66.7,5,1
83.49,291.85,582.28,0.4767,0.4934,1222.2,60.2,0.321,12.0,84.3,5,1
49.41,189.13,627.27,0.4614,0.6058,3405.3,59.46,0.428,18.6,52.4,5,1
30.71,46.4,145.81,0.339,0.5925,588.9,36.63,0.451,22.4,55.7,5,0
10.07,20.97,60.97,0.3273,0.2417,3362.2,18.16,0.14,21.2,53.0,5,0
9.72,25.26,47.9,0.2714,0.2888,500.3,52.88,2.338,21.5,61.5,5,0
55.14,160.33,669.06,0.3948,0.2508,962.4,17.82,4.739,32.0,70.9,5,0
82.0,310.74,1232.75,0.5805,0.2586,353.7,21.03,2.828,22.6,80.6,5,0
35.83,133.65,469.01,0.4389,0.4248,2526.9,19.0,2.567,33.5,65.6,5,0
31.83,98.44,329.29,0.4005,0.2553,3006.0,35.9,3.424,13.7,56.6,5,0
63.16,135.38,497.69,0.3754,0.3618,1632.4,24.31,1.245,17.0,82.1,5,0
28.57,98.81,216.27,0.3234,0.3564,3264.1,14.25,1.348,26.4,53.2,5,0
52.58,105.51,455.63,0.3439,0.5625,2148.0,32.19,1.132,17.1,43.5,5,0
46.77,182.99,470.04,0.4318,0.5554,2279.0,57.43,3.736,18.7,49.6,5,0
35.48,53.74,192.0,0.2401,0.6311,2989.9,39.23,0.529,32.5,59.7,5,0
45.33,132.57,455.81,0.2803,0.1227,1179.4,57.7,0.1,23.5,60.9,5,1
89.8,154.54,543.82,0.3078,0.3615,1369.1,16.75,2.72,18.4,72.6,5,0
60.83,153.24,639.5,0.3199,0.1035,3189.6,15.02,8.562,29.4,69.5,5,0
73.03,225.48,586.01,0.4843,0.1329,3173.2,39.53,2.82,11.8,81.5,5,0
22.75,73.36,280.38,0.395,0.251,3422.4,32.8,4.582,24.1,60.5,5,0
73.12,253.28,865.12,0.412,0.0961,3176.1,44.61,3.351,12.5,77.1,5,1
61.7,184.06,369.11,0.368,0.5451,620.3,52.68,2.064,14.4,59.9,5,0
8.23,17.52,51.12,0.3834,0.9,2918.3,50.08,3.802,11.6,48.3,5,0
59.22,220.47,895.64,0.503,0.2355,1552.5,61.54,5.214,32.5,73.4,5,1
32.89,116.02,307.63,0.4668,0.6119,3469.6,28.9,0.764,11.2,60.7,5,0
7.08,13.44,41.71,0.3026,0.1728,1758.5,17.38,1.229,22.9,55.9,5,0
48.97,174.62,544.71,0.3755,0.5652,2027.7,38.05,0.76,15.6,69.6,5,0
59.2,232.74,807.29,0.4063,0.5999,1948.3,11.64,1.805,19.6,69.1,5,0
49.51,153.14,641.17,0.4286,0.7313,1261.7,22.33,6.49,22.3,77.5,5,0
42.99,94.78,215.01,0.3895,0.1116,447.6,17.47,1.27,21.3,58.6,5,0
37.46,112.99,357.31,0.3759,0.3078,3155.6,28.79,1.407,28.7,54.7,5,0
107.39,253.04,745.32,0.4302,0.0587,2848.8,11.67,5.906,32.8,68.1,5,0
16.16,51.54,133.95,0.3894,0.4413,660.4,6.91,2.173,17.5,60.8,5,0
67.54,193.31,827.94,0.4909,0.8464,2763.3,44.41,2.3,10.6,65.7,5,0
46.11,176.3,321.23,0.3582,0.693,2265.3,41.61,5.916,32.3,74.0,5,0
24.36,74.17,157.95,0.2931,0.6693,1550.2,47.5,2.023,34.5,59.3,5,0
44.51,90.58,342.39,0.3553,0.5242,1038.3,44.62,3.433,20.8,60.6,5,0
10.9,36.1,90.66,0.3416,0.7762,3037.1,11.86,0.269,21.4,44.8,5,0
30.83,69.44,260.59,0.3128,0.3913,2510.6,22.46,0.59,13.6,66.0,5,0
44.55,97.16,393.2,0.3164,0.1599,2007.5,12.77,1.554,21.9,62.9,5,0
6.94,17.21,42.82,0.2845,0.7772,2211.6,55.58,2.049,17.6,54.2,5,0
58.38,89.32,207.07,0.3387,0.2752,500.5,49.81,10.121,34.9,72.3,5,0
21.63,84.84,185.99,0.4051,0.073,1763.9,17.09,10.586,14.6,58.6,5,0
9.43,26.69,62.46,0.2544,0.2521,839.2,25.48,5.715,19.5,46.0,5,0
18.71,64.25,161.99,0.3435,0.5024,887.7,63.0,1.138,25.4,59.8,5,0
100.12,214.72,890.15,0.463,0.4149,2382.3,40.65,9.975,18.6,86.6,5,0
3.73,12.56,48.72,0.2983,0.2482,3207.1,53.07,3.507,21.9,54.0,5,0
56.62,165.22,298.23,0.4362,0.6132,1532.4,20.88,1.497,34.3,72.0,5,0
26.93,68.95,286.84,0.3611,0.7063,885.6,17.6,3.629,22.7,63.9,5,0
36.97,145.16,292.18,0.3124,0.7721,2340.9,52.04,0.1,32.8,57.9,5,1
60.82,166.32,593.62,0.4624,0.4598,3074.9,46.15,0.474,11.1,64.8,5,1
86.6,272.25,601.4,0.4602,0.5715,2669.5,45.86,5.31,13.0,93.8,6,0
55.72,85.71,168.69,0.2835,0.6566,3066.9,38.16,3.112,33.6,77.3,6,0
38.79,87.41,336.67,0.3072,0.2562,1970.6,38.81,1.359,13.2,61.3,6,0
88.29,328.58,1005.93,0.5204,0.2756,2681.2,49.14,2.083,28.4,81.9,6,1
86.54,294.02,1004.81,0.498,0.3792,662.2,21.2,7.066,21.2,68.5,6,0
65.61,186.45,549.75,0.3857,0.0742,1349.3,26.17,2.996,20.2,64.9,6,0
83.78,314.22,622.58,0.4765,0.2723,1485.5,57.3,1.523,26.5,65.2,6,1
61.59,167.25,635.03,0.3966,0.525,1887.3,23.53,0.385,28.2,70.8,6,0
52.06,151.81,609.53,0.4422,0.1575,3266.0,37.78,1.043,33.3,68.0,6,0
72.83,178.83,341.9,0.4267,0.1142,3085.2,47.16,11.497,16.4,80.5,6,0
85.71,261.42,735.76,0.4292,0.3843,643.9,65.0,1.725,27.5,74.0,6,1
80.46,184.87,610.95,0.3299,0.5332,770.2,31.12,1.915,18.6,82.7,6,0
85.46,210.56,723.05,0.4235,0.6057,1380.2,30.69,2.071,27.9,80.9,6,0
53.72,210.35,707.0,0.4499,0.5271,1159.5,55.56,6.465,13.6,85.8,6,0
112.28,199.67,732.96,0.4958,0.3771,2228.7,53.33,2.778,21.4,97.0,6,1
64.17,113.15,499.03,0.3731,0.3903,3179.2,48.86,3.549,14.6,81.2,6,0
69.76,112.2,320.27,0.4498,0.1049,3375.6,32.79,1.48,18.4,77.6,6,0
39.77,91.47,302.11,0.2951,0.1278,2356.9,24.44,0.1,27.9,54.8,6,0
67.89,169.42,624.73,0.4323,0.6519,2965.9,41.52,8.02,15.8,72.7,6,0
86.04,149.39,507.86,0.3889,0.3353,1933.2,57.57,8.935,27.1,93.8,6,1
91.8,263.72,750.07,0.5164,0.5445,887.5,58.03,8.937,22.4,81.6,6,0
111.78,330.68,1152.43,0.4553,0.4803,1931.5,11.51,8.63,12.3,77.0,6,0
85.74,289.59,1029.58,0.5258,0.1574,2031.8,30.7,5.066,19.7,78.4,6,0
79.66,313.84,1060.6,0.4985,0.4365,2650.1,32.88,3.462,31.7,66.0,6,0
61.58,187.71,441.83,0.4642,0.4671,925.6,63.66,5.584,34.7,61.6,6,1
56.19,99.97,316.52,0.3215,0.3181,1415.4,45.68,2.753,19.2,70.2,6,0
96.99,166.95,699.15,0.4597,0.3755,1401.3,29.43,0.433,11.4,85.0,6,1
96.51,332.37,1377.75,0.5318,0.683,3366.2,6.56,1.489,13.3,72.6,6,0
45.81,143.19,548.0,0.4183,0.6999,1665.0,38.92,10.652,29.7,59.3,6,0
90.81,172.98,636.97,0.4081,0.7078,2691.8,10.76,1.298,26.4,65.8,6,0
88.99,189.86,420.32,0.3642,0.05,2677.7,55.07,6.071,17.1,75.7,6,1
44.89,151.53,460.72,0.2922,0.126,1076.3,50.15,0.294,19.8,47.9,6,0
86.25,251.44,527.91,0.4256,0.085,2087.2,32.63,1.22,30.3,73.5,6,0
46.5,137.74,551.88,0.3555,0.255,3151.2,30.75,1.297,20.3,64.6,6,0
12.0,24.3,62.84,0.2567,0.3694,1768.2,58.84,0.159,28.9,39.6,6,0
68.73,211.19,817.41,0.3846,0.5327,3318.9,22.31,0.38,17.4,62.6,6,0
79.18,271.31,1085.08,0.4628,0.3404,907.7,19.94,0.644,28.1,73.3,6,0
69.86,259.39,1091.96,0.542,0.7212,444.7,61.35,5.457,21.7,69.4,6,1
144.41,482.59,1850.91,0.6903,0.6748,3141.8,53.55,0.197,23.6,92.1,6,1
82.2,241.76,803.8,0.4929,0.1737,2997.3,54.24,1.064,25.0,77.0,6,1
76.41,243.23,830.66,0.4137,0.7361,3475.5,16.71,0.1,21.3,59.6,6,0
83.47,226.45,603.61,0.4307,0.3727,2442.0,13.6,3.569,21.7,80.7,6,0
61.7,127.55,290.55,0.327,0.3882,3291.1,6.56,2.905,16.6,66.0,6,0
95.97,355.62,765.55,0.4998,0.5091,2928.9,19.22,3.107,34.6,74.0,6,0
81.76,231.5,530.48,0.4267,0.1998,2986.6,51.45,1.407,32.6,59.6,6,1
80.61,240.69,1040.2,0.4738,0.6012,2078.2,19.4,0.701,23.2,72.0,6,0
57.13,227.11,509.63,0.4533,0.5511,1461.8,48.75,3.822,10.9,71.2,6,0
33.63,133.24,500.2,0.4247,0.6008,3284.0,20.11,5.0,14.2,61.2,6,0
60.2,178.54,410.37,0.3122,0.7541,1626.0,28.72,0.448,31.3,69.4,6,0
79.8,126.47,560.69,0.3278,0.5083,1978.1,63.99,2.001,33.3,71.2,6,1
61.62,153.45,428.08,0.3177,0.1755,1672.2,19.69,0.858,14.0,68.0,6,0
80.03,307.56,895.86,0.5604,0.207,2063.9,27.58,0.552,28.4,65.1,6,1
66.92,148.62,429.85,0.3346,0.2769,1752.7,23.07,3.976,25.6,70.0,6,0
83.5,333.84,1336.84,0.6594,0.1901,358.3,11.58,2.317,17.6,71.1,6,0
48.31,82.65,197.49,0.2859,0.6838,3110.8,34.39,0.731,20.9,55.5,6,0
77.56,226.49,915.85,0.4233,0.2921,1666.5,27.72,1.113,26.9,79.3,6,0
56.71,158.14,565.21,0.4563,0.9,2143.5,46.69,10.202,12.5,54.4,6,0
34.28,73.3,175.53,0.3812,0.6527,659.3,54.06,5.665,14.7,64.5,6,0
68.6,265.6,524.99,0.4321,0.1692,211.2,37.65,6.359,10.8,75.3,6,0
111.14,338.75,1318.58,0.5958,0.3893,1009.5,6.93,1.849,32.6,79.1,6,0
36.27,75.28,180.01,0.2957,0.4899,2525.1,42.14,2.933,24.3,69.1,6,0
75.72,186.28,782.45,0.4971,0.437,527.3,8.32,1.419,23.1,68.3,6,0
92.67,306.11,658.26,0.4428,0.4632,3199.3,41.98,0.243,27.7,72.9,6,1
130.23,292.28,1012.5,0.4829,0.0785,909.6,46.1,1.538,34.7,79.5,6,1
60.41,223.46,819.84,0.4676,0.6905,875.2,16.87,2.704,14.3,68.1,6,0
56.93,108.98,389.7,0.4305,0.3709,799.0,54.16,1.015,13.3,59.4,6,1
43.57,94.16,249.83,0.3692,0.6918,246.1,59.67,5.651,17.4,56.7,6,0
101.25,188.55,785.09,0.3481,0.6495,2747.0,53.79,0.491,32.6,79.9,6,1
51.05,89.87,348.55,0.4138,0.2108,3087.6,23.31,1.372,20.3,65.1,6,0
63.47,142.85,453.93,0.4309,0.0507,2226.7,40.2,0.4,29.8,79.1,6,0
26.51,105.99,363.42,0.3533,0.6878,821.1,59.89,1.557,15.1,65.4,6,0
94.83,164.61,548.03,0.4147,0.7026,1141.4,24.24,0.121,22.3,82.9,6,0
101.69,206.69,900.34,0.4845,0.2792,1770.6,54.2,0.955,13.2,79.3,6,1
93.88,204.56,863.33,0.3726,0.1878,3349.3,5.57,1.536,20.3,74.9,6,0
32.6,99.36,242.03,0.328,0.1011,1016.3,5.22,1.951,16.6,59.6,6,0
87.91,295.68,742.0,0.4293,0.1995,2614.4,50.58,2.354,23.7,71.9,6,0
30.92,104.49,464.99,0.3844,0.2674,1650.2,50.69,0.965,29.5,53.7,6,0
74.18,112.88,275.28,0.3284,0.36,1182.9,52.34,2.221,33.5,71.6,6,0
77.86,243.67,1065.93,0.5449,0.5985,1704.5,60.8,2.134,17.1,66.3,6,1
80.49,247.65,880.23,0.4344,0.2079,435.0,12.07,1.14,28.6,67.6,6,0
86.1,240.57,465.58,0.438,0.1092,2835.7,18.92,5.319,32.1,83.5,6,0
72.53,177.56,480.57,0.4263,0.3567,1002.9,59.22,2.367,13.1,60.7,6,1
23.67,82.7,255.19,0.4187,0.6108,2593.9,15.63,1.212,24.6,48.8,6,0
86.11,203.2,822.82,0.5502,0.3739,425.5,45.93,8.832,25.3,86.0,6,0
75.17,155.99,419.17,0.4703,0.7417,3351.8,36.83,5.595,16.8,69.4,6,0
50.17,114.14,301.18,0.3006,0.4547,836.9,9.99,12.152,10.6,76.1,6,0
33.5,87.07,373.06,0.3913,0.3073,3113.0,22.12,3.535,16.4,50.7,6,0
111.23,226.38,455.79,0.3547,0.1682,2871.3,36.22,1.426,24.6,84.0,6,0
103.52,312.51,1027.87,0.6682,0.4893,3393.9,56.14,0.989,14.9,87.2,6,1
90.38,335.37,1060.24,0.5414,0.3948,1777.0,47.45,3.266,17.2,69.9,6,0
55.83,166.85,326.15,0.4356,0.431,2600.4,42.31,11.861,27.7,80.1,6,0
9.81,25.67,52.28,0.3322,0.6614,1423.3,34.76,2.956,20.0,49.8,6,0
91.85,320.76,908.17,0.3487,0.549,808.4,22.92,6.401,11.6,81.6,6,0
81.9,276.01,596.81,0.3794,0.0904,1662.2,12.15,1.197,20.0,69.1,6,0
63.37,153.2,473.51,0.3598,0.6836,747.0,29.54,1.567,35.0,80.9,6,0
100.85,303.61,1045.63,0.4882,0.3982,3440.7,6.71,7.102,16.5,82.7,6,0
93.93,312.29,1145.11,0.5455,0.3291,517.6,17.66,4.242,16.6,95.0,6,0
77.14,163.04,534.03,0.4312,0.4276,2144.4,30.95,11.955,14.2,82.6,6,0
73.61,177.82,502.35,0.2684,0.4419,2267.3,30.12,4.472,16.8,78.8,6,0
74.01,130.58,280.8,0.3439,0.11,1975.7,7.66,1.785,24.4,64.6,6,0
89.73,356.17,879.09,0.4504,0.2243,2385.2,40.34,2.272,34.1,77.6,6,0
51.3,87.96,257.93,0.4203,0.2889,583.4,37.98,6.923,25.2,62.9,6,0
83.38,160.22,688.17,0.4663,0.2632,2031.6,9.69,2.407,20.2,75.2,6,0
49.72,134.22,315.02,0.3534,0.072,1147.8,61.59,0.885,19.7,66.1,6,1
106.15,388.84,1133.86,0.5365,0.1718,3302.6,10.96,1.716,10.6,74.6,6,0
86.04,205.6,776.61,0.3699,0.1755,2714.8,56.29,2.179,10.1,74.6,6,1
55.53,189.99,703.73,0.4729,0.361,3409.3,5.02,0.305,29.9,65.9,6,0
74.75,238.45,1050.89,0.489,0.7427,323.9,57.94,4.085,22.3,64.3,6,1
51.39,159.13,368.47,0.3328,0.2113,1140.9,6.18,0.347,10.8,71.8,6,0
110.34,398.6,735.25,0.5118,0.319,844.9,50.47,1.557,17.2,84.9,6,1
113.31,173.97,464.55,0.406,0.2801,236.8,26.7,4.898,18.9,90.5,6,0
90.14,344.59,759.54,0.4176,0.6483,999.7,49.29,1.891,29.6,80.9,6,0
111.65,398.93,1308.85,0.5298,0.0953,2440.0,29.1,5.536,20.9,69.8,6,1
76.53,294.23,1243.61,0.5654,0.181,962.6,9.25,1.255,29.7,66.3,6,0
91.82,319.9,1170.27,0.5469,0.1316,1879.7,51.05,9.484,25.8,90.8,6,1
103.35,382.04,827.74,0.4659,0.7699,3129.8,9.28,0.705,10.8,87.3,6,0
72.59,145.74,308.01,0.301,0.4383,2489.4,60.33,0.117,34.2,58.8,6,1
74.51,171.23,729.61,0.3922,0.1744,1502.3,8.06,6.177,14.5,76.1,6,0
96.08,219.82,685.09,0.3987,0.2379,1429.1,33.76,4.185,16.9,72.2,6,1
88.9,157.61,676.74,0.4246,0.1538,1703.9,48.38,0.792,30.2,59.9,6,1
81.57,271.13,1026.99,0.502,0.1054,784.2,28.59,12.548,14.7,87.7,7,0
45.79,84.26,377.68,0.367,0.7095,2292.2,18.03,2.093,20.0,64.3,7,0
96.07,156.71,650.72,0.4236,0.4374,1401.7,50.55,9.052,31.6,80.6,7,0
48.03,165.17,482.02,0.4898,0.5051,3012.8,52.06,2.11,25.9,54.4,7,0
75.68,284.68,1095.24,0.5601,0.2235,2696.6,60.36,1.915,17.6,63.5,7,1
78.6,268.05,823.52,0.523,0.4583,2214.7,27.57,1.789,26.1,60.8,7,0
86.24,307.31,746.54,0.4715,0.2801,1401.9,35.38,1.223,30.3,87.2,7,0
120.97,361.58,886.14,0.4797,0.1664,892.8,26.79,2.289,20.1,73.1,7,0
126.4,470.12,1350.55,0.5888,0.5066,2761.3,20.42,1.807,24.3,100.0,7,1
113.17,310.3,651.92,0.4408,0.0767,1805.2,50.06,0.112,34.7,76.1,7,1
116.27,461.68,1052.62,0.5495,0.4145,941.7,25.38,0.905,34.1,75.1,7,1
116.86,205.5,647.67,0.3799,0.6877,844.1,30.69,0.719,22.7,84.6,7,0
38.04,134.0,586.31,0.4527,0.1909,745.8,29.22,6.062,12.4,55.9,7,0
100.71,312.55,1050.1,0.517,0.681,2764.6,47.76,2.74,27.5,81.0,7,0
55.54,163.95,475.93,0.3042,0.1525,955.7,60.07,4.328,16.7,59.6,7,0
113.18,375.15,921.11,0.4873,0.3009,1937.9,45.01,9.428,26.7,81.4,7,0
48.13,173.3,403.6,0.3149,0.4432,1690.1,33.29,3.099,18.8,58.4,7,0
95.95,350.89,1255.38,0.5227,0.4433,2112.7,51.75,12.156,28.0,85.7,7,1
114.15,221.27,905.12,0.4719,0.1472,3094.6,43.46,1.121,19.2,88.3,7,1
72.51,144.49,415.68,0.3072,0.662,3063.6,8.64,0.618,33.5,73.7,7,0
124.5,191.78,630.34,0.4225,0.5946,1688.6,10.74,1.549,13.4,95.8,7,0
113.12,206.97,767.47,0.4559,0.0875,250.7,7.28,1.909,11.7,86.0,7,0
109.98,237.52,464.92,0.4301,0.7289,1607.3,32.41,6.772,29.5,84.4,7,0
117.91,389.4,1069.83,0.4899,0.3908,2200.4,54.55,2.463,20.0,84.4,7,1
91.48,246.02,927.57,0.498,0.7813,2040.6,23.78,1.037,21.6,71.7,7,0
104.25,353.92,1291.26,0.5518,0.2469,2349.4,28.05,4.072,33.3,75.6,7,0
100.71,273.56,531.8,0.3847,0.5976,708.4,59.57,2.115,24.7,81.4,7,1
100.14,289.31,706.53,0.3568,0.05,2333.6,55.21,0.531,26.5,88.2,7,1
83.66,148.71,540.7,0.4018,0.6419,802.8,44.9,2.58,10.5,79.7,7,0
69.39,238.81,604.86,0.4574,0.5853,2676.7,21.01,7.271,26.8,75.3,7,0
92.03,312.49,1249.6,0.5016,0.2703,1319.0,12.02,5.547,19.7,68.8,7,0
90.66,205.69,386.63,0.3659,0.1467,2542.7,5.96,2.652,21.5,81.4,7,0
82.04,190.45,440.68,0.384,0.5881,358.0,11.42,1.42,30.2,71.4,7,0
121.76,249.51,638.62,0.482,0.4286,1545.9,22.56,0.273,23.1,87.9,7,0
71.15,251.49,1080.97,0.5163,0.2753,2526.6,38.11,1.903,34.7,75.8,7,0
96.17,323.85,1279.22,0.5686,0.2531,948.7,8.84,4.184,29.9,69.6,7,0
129.61,391.81,1640.57,0.6255,0.5692,2824.4,13.17,1.34,28.2,90.1,7,1
123.18,258.32,772.21,0.4288,0.2881,2281.6,15.86,0.805,24.7,88.8,7,0
130.86,252.52,1015.36,0.445,0.1249,2139.0,42.92,8.038,20.3,97.2,7,0
85.69,139.3,571.74,0.3993,0.7062,1366.7,41.95,5.17,11.3,71.6,7,0
120.06,193.79,558.08,0.4305,0.2914,1792.1,38.05,3.051,10.5,85.5,7,0
73.88,145.39,652.07,0.4357,0.3136,2171.3,20.03,0.441,11.2,73.5,7,0
93.56,163.85,671.53,0.5074,0.2729,1759.1,27.27,0.47,34.0,73.9,7,0
95.91,277.21,1228.07,0.5913,0.6421,2504.4,10.8,0.327,18.1,74.5,7,0
86.06,206.13,853.3,0.5316,0.1278,1631.2,18.59,2.874,27.5,71.2,7,0
91.41,238.8,930.3,0.3832,0.4982,867.5,58.86,0.368,24.9,76.4,7,1
88.12,263.06,1143.87,0.6062,0.7063,906.0,63.78,5.547,24.3,90.4,7,1
75.9,238.9,700.82,0.4526,0.0608,219.2,43.86,14.871,24.5,72.0,7,0
121.87,380.28,1488.81,0.6162,0.5511,1193.2,60.01,1.369,17.6,90.5,7,1
95.89,206.38,490.11,0.4422,0.3717,2671.4,43.56,1.814,32.2,79.0,7,1
105.49,371.76,1404.71,0.5802,0.4981,2820.7,6.99,3.731,33.0,79.2,7,0
104.55,396.69,1555.22,0.5555,0.3193,868.1,64.81,8.301,26.1,81.2,7,1
101.82,233.16,870.77,0.5454,0.6138,3364.8,10.94,6.736,31.6,86.7,7,0
102.78,158.55,649.18,0.3906,0.1313,1857.9,45.96,0.178,11.5,80.4,7,1
92.82,347.88,1014.42,0.4523,0.05,3226.0,20.17,0.556,12.5,76.6,7,0
135.92,517.69,1693.29,0.6247,0.7251,2532.3,28.52,4.215,24.0,88.9,7,1
119.47,194.43,355.57,0.3513,0.05,2584.0,43.76,3.503,31.2,77.9,7,1
100.92,152.62,334.91,0.3667,0.6134,480.6,31.19,0.429,17.9,88.6,7,0
89.28,316.14,1118.92,0.5174,0.1234,926.0,20.03,2.092,23.7,73.2,7,0
97.49,219.7,729.02,0.5122,0.3304,229.1,25.07,4.554,10.2,91.0,7,0
110.9,419.9,979.55,0.5176,0.5905,2563.2,25.49,0.741,34.7,85.2,7,0
137.95,281.68,692.2,0.3946,0.1633,1336.6,62.56,6.151,29.2,100.0,7,1
66.13,241.56,659.24,0.395,0.6404,2796.0,52.92,0.163,19.0,68.2,7,1
116.95,195.5,730.04,0.4256,0.3131,1318.5,32.51,4.572,34.6,79.2,7,0
128.62,276.75,953.73,0.4703,0.2677,2903.8,16.99,2.87,12.3,96.9,7,0
63.29,248.9,494.78,0.3726,0.549,631.3,53.66,1.136,21.6,64.5,7,0
95.93,199.34,767.81,0.3975,0.2903,772.1,14.43,3.829,11.5,89.1,7,0
73.84,135.32,339.54,0.382,0.3725,1324.9,17.63,4.575,18.4,76.8,7,0
111.22,405.13,1464.04,0.5681,0.6209,1548.0,26.96,8.15,15.5,95.1,7,0
91.5,164.19,350.23,0.322,0.2782,1350.7,57.82,1.376,17.9,69.6,7,1
97.2,169.49,761.74,0.4756,0.2095,2720.0,12.91,3.475,33.7,86.8,7,0
90.18,208.19,419.89,0.4258,0.6432,519.9,12.33,2.769,20.7,71.1,7,0
118.46,365.84,1391.18,0.5641,0.6636,1359.0,34.64,2.235,18.1,66.4,7,0
106.18,347.94,1134.85,0.6145,0.4023,2962.9,21.58,6.633,26.0,89.0,7,0
106.23,393.38,799.36,0.5696,0.3782,420.4,39.12,0.1,27.1,81.8,7,1
104.47,297.98,557.94,0.4357,0.4968,3309.7,32.1,0.994,34.6,89.0,7,0
114.77,285.03,792.16,0.4339,0.4432,3454.8,31.1,2.318,23.7,85.2,7,0
93.91,225.1,892.76,0.4908,0.3248,492.3,11.72,0.589,28.8,78.3,7,0
142.98,517.18,988.38,0.4352,0.822,1161.2,13.46,7.154,19.6,100.0,7,0
69.59,230.3,852.53,0.4258,0.0971,1428.9,54.26,3.129,14.3,71.8,7,0
57.31,215.68,769.88,0.3688,0.559,2762.1,58.15,1.95,20.7,63.4,7,1
55.24,215.99,543.63,0.3766,0.6967,2166.6,19.08,5.057,20.5,65.9,7,0
48.47,109.06,219.12,0.2819,0.5951,2326.4,11.81,1.798,20.5,65.8,7,0
117.29,331.24,1414.83,0.6123,0.5972,2699.8,8.21,2.454,27.4,62.4,7,0
114.24,351.81,918.55,0.445,0.1645,589.3,41.5,0.1,20.1,88.2,7,1
130.65,249.49,524.12,0.418,0.2684,2949.6,47.92,1.366,33.9,100.0,7,1
74.04,120.93,440.21,0.4249,0.6544,2528.5,27.37,0.448,34.6,71.8,7,0
119.09,437.0,1042.26,0.5656,0.3449,2105.2,45.78,3.511,23.1,82.4,7,1
101.88,289.21,891.98,0.4595,0.514,3136.1,47.78,1.956,24.0,83.7,7,1
104.62,306.22,592.87,0.4333,0.1724,2511.0,61.12,1.078,20.2,95.3,7,1
116.1,335.2,1502.07,0.6156,0.548,865.6,8.89,1.892,18.9,88.6,7,0
81.55,276.24,831.09,0.5287,0.3828,1618.2,16.54,0.706,34.6,76.2,7,0
165.14,307.78,1384.25,0.6142,0.1952,1830.3,9.11,7.774,11.0,96.4,7,0
133.75,405.96,1153.45,0.5943,0.4059,382.2,57.08,0.166,20.3,81.6,7,1
87.16,233.05,638.37,0.3436,0.5816,3350.3,52.56,6.017,13.8,76.3,7,0
73.19,273.9,1169.36,0.4991,0.05,624.3,39.48,2.148,28.2,72.3,7,0
98.26,275.03,739.71,0.4986,0.4082,2501.6,10.02,2.894,14.9,64.0,7,0
105.01,405.07,1201.6,0.5678,0.3646,1870.6,21.4,1.081,32.1,75.7,7,0
127.1,302.89,609.08,0.4148,0.1235,284.6,22.86,10.206,19.4,97.4,7,0
71.24,279.06,1222.19,0.5191,0.592,3251.7,38.64,0.993,32.9,69.3,7,1
107.59,396.79,805.45,0.4995,0.2939,3011.1,20.48,2.667,34.7,62.6,7,0
62.23,184.24,715.27,0.3431,0.2496,1930.1,9.38,15.07,29.3,81.5,7,0
111.36,265.52,864.09,0.5113,0.2546,955.5,48.85,6.388,25.6,76.3,7,0
97.77,238.54,468.91,0.3977,0.3955,601.4,22.94,2.306,13.7,75.6,7,0
148.87,510.91,922.0,0.4587,0.637,1399.2,32.14,13.93,33.3,100.0,7,0
61.81,182.43,789.17,0.4819,0.1285,1042.9,12.66,3.626,29.4,62.6,7,0
134.72,337.34,1283.19,0.5356,0.3021,1872.1,53.15,0.702,17.2,74.7,7,1
57.86,178.8,653.21,0.4312,0.05,3389.2,38.93,1.561,21.7,69.1,7,0
67.28,224.24,669.14,0.4306,0.5433,2097.3,59.1,1.222,11.7,76.6,7,0
58.53,91.14,222.78,0.3815,0.4094,3136.8,34.73,1.265,26.5,63.8,7,0
106.71,184.05,669.12,0.4409,0.6074,2347.9,61.49,4.287,13.1,81.0,7,1
71.11,123.47,425.03,0.289,0.1838,1768.3,58.51,2.633,26.3,61.9,7,0
66.75,138.82,522.13,0.3341,0.6388,3020.2,39.59,0.117,26.8,62.1,7,1
105.53,270.93,755.26,0.3958,0.4681,1755.5,61.03,6.298,18.1,79.1,7,1
111.75,392.15,1750.81,0.6707,0.7606,3066.5,24.39,1.056,33.7,88.7,7,0
101.45,241.23,477.85,0.4228,0.05,1162.2,26.94,17.503,29.5,81.2,7,0
96.4,148.81,299.89,0.4431,0.4628,625.1,7.73,9.25,22.4,87.1,7,0
146.18,395.91,1692.74,0.5856,0.5544,3022.5,40.35,8.467,33.0,100.0,7,1
104.1,415.53,1474.64,0.6584,0.4958,2138.5,48.32,5.0,31.4,88.3,7,1
120.6,286.13,767.13,0.3555,0.05,3134.0,51.41,0.748,27.3,73.5,7,1
104.03,406.04,1566.2,0.6121,0.7566,3294.8,13.99,2.282,13.8,78.9,7,0
73.01,128.01,386.91,0.3891,0.2041,377.0,31.65,0.762,22.4,78.9,7,0
114.2,220.73,409.89,0.3935,0.1638,1853.2,15.61,0.902,31.6,83.3,7,0
84.06,278.27,990.07,0.4812,0.3789,1437.4,44.73,2.832,25.2,62.3,7,1
98.18,270.3,663.96,0.4378,0.4312,2265.3,14.48,0.125,23.6,75.0,8,0
108.09,368.89,778.88,0.393,0.7043,2818.9,59.25,10.466,33.9,64.2,8,1
51.92,189.97,457.5,0.4342,0.4794,1125.9,18.84,7.528,10.4,63.4,8,0
60.22,128.13,395.35,0.391,0.36,2037.4,22.48,1.438,10.3,62.6,8,0
123.19,395.09,764.34,0.47,0.4718,2538.8,56.05,2.173,32.3,84.1,8,1
83.86,253.18,1059.44,0.4965,0.27,643.6,32.51,1.883,11.0,84.6,8,0
85.05,310.75,1029.14,0.4881,0.7345,2886.4,6.44,6.416,18.3,64.9,8,0
104.62,269.42,698.08,0.4649,0.6164,2200.2,34.68,3.5,33.1,75.6,8,0
90.81,148.0,540.92,0.487,0.3425,3333.5,10.07,0.978,27.3,68.1,8,0
110.9,325.53,1292.82,0.4872,0.1401,1320.4,64.12,1.776,26.2,91.8,8,1
99.18,386.52,1336.42,0.4933,0.6731,556.9,40.29,1.681,26.4,88.8,8,0
105.42,161.99,380.14,0.3888,0.0723,1871.5,20.39,9.607,17.9,84.5,8,0
82.91,174.16,365.36,0.356,0.1638,483.2,38.82,0.578,23.3,77.3,8,1
105.3,241.15,993.94,0.5037,0.0875,3399.4,9.61,0.282,25.7,72.0,8,0
128.08,437.35,1064.37,0.5103,0.0563,327.7,52.99,6.376,17.6,90.0,8,1
86.26,199.11,369.19,0.4045,0.6409,2686.6,60.52,6.81,29.9,66.9,8,0
123.34,258.73,914.82,0.4675,0.4414,1932.8,57.47,6.161,18.0,87.3,8,1
99.17,309.54,684.95,0.3757,0.7507,1416.4,25.51,2.146,11.8,77.0,8,0
118.82,192.01,859.37,0.4312,0.1733,417.3,24.55,3.234,15.0,80.9,8,0
103.68,199.73,828.53,0.4566,0.3489,2253.2,7.11,2.486,20.2,81.3,8,0
99.62,251.05,864.32,0.409,0.7166,2131.2,44.08,0.216,32.7,85.3,8,1
109.2,260.88,1056.93,0.5081,0.6362,1126.9,37.09,2.718,20.4,97.0,8,0
130.8,309.71,950.96,0.492,0.5341,3203.7,32.56,0.1,12.2,93.6,8,1
106.36,188.4,740.21,0.4292,0.1207,1203.6,59.46,1.179,14.9,100.0,8,1
112.42,270.04,957.47,0.5007,0.5684,1684.1,15.07,8.078,23.6,85.3,8,0
91.24,318.9,598.68,0.3382,0.3611,1994.4,5.58,1.087,14.4,91.6,8,0
139.73,354.16,1544.7,0.5592,0.4792,530.8,9.4,8.432,11.6,95.4,8,0
116.46,345.37,1424.46,0.5259,0.4481,3276.1,18.4,0.864,27.9,86.9,8,0
102.4,195.47,855.04,0.5139,0.4344,1436.0,7.0,1.133,29.6,79.4,8,0
97.39,163.06,615.49,0.5376,0.561,466.6,35.17,2.97,31.3,81.6,8,0
124.9,462.13,1345.98,0.5234,0.5483,1478.1,23.85,4.302,31.1,90.9,8,0
85.3,198.62,468.51,0.3813,0.0775,2180.7,15.83,2.088,19.5,64.3,8,0
55.88,132.77,303.52,0.3256,0.4139,1895.1,50.01,6.414,28.4,72.4,8,0
102.27,377.79,827.85,0.4755,0.4793,2492.0,17.27,0.123,24.6,68.8,8,0
130.21,425.7,1019.83,0.4722,0.1544,383.1,46.26,7.661,10.6,94.7,8,0
140.24,475.5,1562.84,0.6246,0.2552,1139.0,25.96,0.656,20.0,96.9,8,1
97.77,313.37,1142.57,0.5603,0.1211,2903.5,35.71,6.469,11.3,90.7,8,1
101.55,179.18,474.45,0.3331,0.3615,463.6,61.03,1.537,12.1,73.6,8,1
113.44,441.86,1450.03,0.6017,0.6594,3023.1,7.24,5.365,11.4,76.1,8,0
93.85,354.07,963.56,0.4017,0.3269,503.3,35.02,3.341,34.0,87.0,8,0
113.37,237.0,872.29,0.4605,0.4161,2953.7,56.27,0.581,31.1,75.4,8,1
98.32,345.11,1542.24,0.5902,0.4846,1390.6,40.28,7.505,21.0,70.1,8,1
125.74,317.3,1161.44,0.5193,0.054,2220.3,21.61,0.845,16.2,89.4,8,1
118.53,380.41,745.38,0.4325,0.6572,704.5,28.86,0.84,11.8,85.2,8,0
120.71,231.04,713.58,0.417,0.2901,418.4,45.82,5.049,20.8,87.5,8,0
95.32,271.33,1052.76,0.4959,0.648,912.6,58.45,0.336,25.0,82.9,8,1
148.6,269.95,881.12,0.487,0.05,621.9,7.46,0.753,29.9,98.9,8,0
112.55,319.7,1396.41,0.5908,0.1124,1230.9,9.29,2.102,11.3,83.1,8,0
106.64,224.9,438.08,0.3928,0.1689,1897.5,24.5,5.324,20.4,82.4,8,0
81.43,214.26,554.11,0.3814,0.3341,2142.9,18.97,0.479,34.4,73.9,8,0
98.03,310.75,744.53,0.5019,0.6592,2806.6,20.9,2.38,13.0,79.7,8,0
103.32,381.51,1477.43,0.6698,0.05,2365.6,18.28,3.726,20.0,69.9,8,0
80.76,154.52,496.66,0.3343,0.5539,2208.9,16.75,5.911,16.9,80.3,8,0
93.15,347.74,755.82,0.4584,0.1264,1558.9,12.84,8.226,13.4,86.3,8,0
96.31,238.38,612.9,0.3984,0.6532,1763.6,61.04,4.606,31.0,84.0,8,0
101.85,367.64,1180.56,0.5808,0.5249,1567.9,13.65,3.174,27.4,85.0,8,0
56.39,156.84,704.13,0.4393,0.3861,2979.1,17.26,1.705,20.3,59.0,8,0
97.07,354.86,987.78,0.4989,0.1823,959.0,19.78,0.357,19.2,67.8,8,0
91.02,287.36,638.93,0.4517,0.5088,218.9,60.98,3.711,30.7,84.0,8,1
99.93,277.0,870.34,0.458,0.1534,2349.4,50.34,14.775,12.3,80.2,8,1
126.34,288.22,760.18,0.5349,0.2068,868.1,52.38,4.004,13.7,89.3,8,1
151.77,595.27,1981.11,0.7191,0.438,3137.4,11.29,0.1,32.7,97.2,8,1
117.42,411.22,1258.37,0.5966,0.763,3034.9,55.18,2.057,30.4,87.3,8,1
69.6,170.72,625.1,0.4132,0.7128,453.2,29.49,2.861,29.4,76.1,8,0
91.82,176.0,751.28,0.4431,0.4553,551.1,20.77,3.51,25.6,76.8,8,0
115.36,397.84,931.5,0.5257,0.3966,1834.1,39.55,3.816,17.3,69.4,8,1
112.54,447.32,1796.98,0.6926,0.7151,2210.4,54.33,2.45,33.4,89.3,8,1
125.14,274.99,1199.77,0.4759,0.3997,1107.2,51.72,0.758,22.3,92.2,8,1
98.02,371.47,1043.37,0.5137,0.3219,2565.4,58.4,8.552,17.0,69.0,8,1
91.37,165.69,349.09,0.393,0.6979,2163.2,60.69,3.579,19.1,68.1,8,1
144.27,559.83,2250.04,0.7405,0.0675,1271.9,19.29,0.811,10.4,100.0,8,1
101.92,342.8,1265.95,0.5705,0.0827,283.7,30.43,1.167,16.4,89.5,8,0
75.04,177.58,421.63,0.3794,0.4687,2675.5,5.88,7.65,14.7,51.2,8,0
137.33,310.59,932.43,0.3729,0.0536,908.7,57.76,6.554,13.4,94.7,8,1
63.05,196.01,658.7,0.3653,0.2722,2953.8,14.27,1.558,10.8,67.2,8,0
13.08,39.03,88.15,0.3663,0.4092,1587.0,56.69,0.117,15.7,54.5,8,1
119.69,454.51,1695.43,0.6246,0.3954,2104.4,24.76,0.149,12.6,87.0,8,1
123.22,420.88,1541.56,0.6158,0.709,3080.7,27.09,1.002,11.1,80.9,8,1
110.81,315.9,1325.27,0.5631,0.1872,3050.0,7.35,2.976,13.4,88.5,8,0
67.89,259.28,863.84,0.4304,0.3436,1426.0,24.61,2.633,15.1,64.9,8,0
98.98,295.15,988.96,0.4731,0.1137,889.3,58.3,3.014,20.4,85.7,8,1
93.5,338.87,1176.67,0.5502,0.5057,2758.0,6.53,3.79,24.6,85.8,8,0
87.02,313.49,796.02,0.4797,0.5521,1629.2,29.38,0.1,18.1,69.1,8,1
135.76,515.61,1984.17,0.8036,0.3676,833.7,6.88,0.333,13.5,83.9,8,0
74.29,123.99,444.97,0.3645,0.2199,3184.6,27.26,1.336,33.5,73.2,8,0
108.36,320.69,1303.84,0.6426,0.4248,853.7,15.36,0.505,22.9,94.5,8,0
130.31,348.05,1348.75,0.525,0.355,285.2,20.13,0.235,28.5,84.4,8,1
109.99,299.88,1056.81,0.5344,0.1944,266.9,57.66,3.073,27.4,79.8,8,1
131.48,348.4,778.47,0.4636,0.3728,2253.6,31.16,5.068,17.1,92.0,8,0
114.55,411.65,1762.56,0.6439,0.3659,2383.5,21.43,4.191,24.0,89.6,8,0
111.19,255.3,712.67,0.4413,0.7145,1226.4,40.36,5.095,25.1,87.6,8,0
109.63,291.27,1282.62,0.5237,0.7164,1256.0,13.53,3.289,18.8,83.1,8,0
115.79,231.78,668.7,0.4781,0.5842,1320.3,20.56,3.988,26.8,82.3,8,0
90.82,193.38,424.28,0.3422,0.7072,2444.5,37.77,0.951,29.8,79.9,8,0
67.91,213.99,896.4,0.494,0.6867,391.8,19.25,14.889,19.1,44.8,8,0
124.31,222.8,879.32,0.5125,0.6302,3266.1,45.75,0.607,10.4,100.0,8,1
129.5,255.06,1000.59,0.568,0.0709,934.3,34.49,0.724,18.7,87.4,8,1
106.76,301.06,614.59,0.4707,0.3117,3498.9,51.32,1.023,12.9,83.5,8,1
86.75,139.61,582.75,0.4444,0.5571,766.0,61.89,11.107,13.9,92.8,8,0
61.51,111.79,381.23,0.3439,0.616,2746.1,11.95,13.342,19.1,62.5,8,0
102.6,375.35,1152.32,0.4897,0.1704,937.3,25.08,4.753,15.2,99.4,8,0
66.73,241.26,1029.12,0.4475,0.3918,466.8,24.17,2.975,33.4,75.9,8,0
63.23,149.82,539.11,0.3454,0.3125,3087.3,14.07,2.202,26.3,72.5,8,0
99.94,236.85,511.4,0.4015,0.2323,3033.9,53.62,10.582,23.0,85.1,8,1
81.36,312.53,1000.97,0.4625,0.2578,1531.8,50.59,3.568,10.2,67.7,8,0
109.09,170.68,600.6,0.4793,0.4435,2517.9,34.07,8.687,12.6,69.5,8,0
96.47,284.67,1203.03,0.5101,0.6615,2038.3,37.27,1.142,29.7,69.5,8,0
85.29,255.31,652.51,0.4344,0.589,3014.8,8.57,1.218,19.7,84.3,8,0
57.83,200.66,791.51,0.444,0.6649,1239.7,38.33,5.787,11.1,59.9,8,0
79.13,306.99,1215.52,0.4713,0.6913,1928.1,52.48,0.487,30.6,60.5,8,1
80.05,191.29,410.46,0.436,0.3462,1801.7,39.43,8.752,17.6,73.4,8,0
69.82,181.16,334.52,0.4012,0.3071,1367.9,20.92,2.125,19.7,75.5,8,0
92.23,293.13,987.79,0.5368,0.0633,3141.8,45.05,7.828,34.4,78.0,8,0
71.77,281.23,1105.67,0.5494,0.6598,747.4,26.69,1.232,10.4,76.4,8,0
96.36,359.14,1184.07,0.4973,0.0956,693.4,37.69,3.776,28.0,88.1,8,0
106.47,337.25,1347.65,0.5308,0.5604,2103.8,34.25,1.978,33.7,86.5,8,0
79.8,290.62,1011.43,0.5236,0.1508,2369.7,27.87,2.957,11.6,72.7,8,0
111.09,190.3,678.21,0.5119,0.639,842.2,48.13,2.106,31.7,79.0,8,0
66.42,162.26,304.4,0.3798,0.3353,1489.4,58.03,10.244,20.4,76.1,8,1
72.65,111.36,227.08,0.394,0.7154,3323.7,5.31,3.534,31.9,74.0,8,0
97.63,189.75,713.01,0.4154,0.2605,1013.8,61.02,0.868,17.7,72.4,8,1
117.63,361.86,1396.68,0.6324,0.1913,2405.6,35.69,7.213,34.6,95.7,8,0
122.14,453.62,1480.56,0.5732,0.4346,2642.5,47.04,1.045,26.2,88.7,8,1
140.77,433.83,1472.19,0.6045,0.7856,1678.8,56.34,1.394,25.7,97.5,8,1
63.32,200.11,692.14,0.4192,0.4042,3293.8,33.03,0.323,30.1,65.9,9,0
69.55,122.37,254.96,0.3951,0.6896,2631.0,55.1,6.907,20.9,79.9,9,0
46.92,148.36,534.59,0.4514,0.6943,1711.2,15.66,1.011,16.5,51.4,9,0
41.39,109.1,337.31,0.2932,0.718,2078.8,14.55,0.899,16.6,75.8,9,0
78.45,245.43,841.05,0.5334,0.3309,2485.6,44.45,7.587,18.3,58.0,9,0
53.34,123.5,410.07,0.5003,0.3695,2154.2,57.21,4.912,25.4,55.0,9,0
103.54,305.84,1180.56,0.5168,0.155,3099.7,58.55,0.456,31.0,83.1,9,1
36.17,92.61,246.36,0.3426,0.7631,1377.7,43.62,4.4,22.5,56.6,9,0
84.89,245.9,690.61,0.4992,0.8067,1189.6,36.53,7.327,20.1,72.8,9,0
47.59,88.89,253.98,0.3538,0.5872,905.7,24.88,0.245,29.8,60.0,9,0
52.22,130.01,501.67,0.3995,0.3162,324.7,63.8,5.233,17.2,59.4,9,0
86.21,209.99,622.4,0.5185,0.2149,341.9,24.18,2.378,27.2,78.4,9,0
55.84,186.55,424.98,0.3167,0.786,3071.2,49.65,3.319,12.6,66.4,9,0
59.84,195.44,870.51,0.4335,0.0719,2438.7,36.92,2.037,12.8,75.0,9,0
52.43,197.77,619.45,0.444,0.6393,2379.8,41.51,3.59,26.1,66.4,9,0
117.36,361.48,757.3,0.3695,0.2556,2228.3,28.61,0.104,12.1,81.9,9,1
57.3,131.0,472.88,0.3753,0.3405,3002.4,62.89,4.315,13.9,73.4,9,1
74.02,255.97,971.61,0.4739,0.6665,1784.9,39.3,0.102,25.6,57.5,9,1
67.69,185.63,584.84,0.4643,0.0513,3072.4,61.27,1.823,21.0,49.7,9,1
78.27,155.27,550.48,0.444,0.2924,1386.2,5.46,0.491,24.0,60.8,9,0
57.37,193.24,437.92,0.3028,0.7862,3258.1,39.36,5.205,34.4,64.5,9,0
67.71,124.01,346.4,0.3342,0.5338,2505.6,48.03,1.129,25.8,73.4,9,0
82.58,160.65,359.37,0.3369,0.634,1048.7,49.7,1.816,24.8,53.4,9,0
51.16,173.78,494.5,0.3874,0.6677,2061.5,59.3,1.68,19.5,65.3,9,1
99.97,342.42,1136.69,0.471,0.05,1959.0,5.26,4.442,25.8,77.2,9,0
102.37,355.94,1065.98,0.5344,0.1286,655.1,5.02,1.968,10.3,81.8,9,0
87.9,196.3,667.75,0.398,0.3277,2151.1,33.34,4.667,23.9,61.1,9,0
74.48,273.08,861.5,0.5006,0.3348,1238.8,6.76,0.229,11.7,93.3,9,0
2.03,6.72,17.85,0.3034,0.4129,372.8,63.47,0.638,15.5,50.9,9,0
83.34,298.77,653.48,0.3812,0.5361,3330.6,18.32,2.406,24.1,65.3,9,0
62.95,205.94,511.2,0.471,0.05,2316.9,33.36,8.817,26.7,69.9,9,0
66.58,196.33,459.8,0.4622,0.5549,3093.8,8.67,0.233,19.6,81.9,9,0
25.3,44.87,166.46,0.3476,0.0845,2431.0,36.32,0.132,20.5,47.3,9,0
85.07,278.81,1119.14,0.5104,0.1364,1378.0,27.8,0.511,22.5,63.6,9,0
36.52,117.82,441.23,0.3348,0.318,1891.9,7.68,3.075,29.0,60.0,9,0
75.69,172.68,610.94,0.4749,0.6668,2430.0,25.11,1.527,10.4,72.4,9,0
95.35,318.43,837.84,0.5076,0.0787,3368.8,28.49,5.238,21.2,84.3,9,0
61.0,175.45,652.6,0.389,0.4703,1037.1,64.4,0.224,10.4,80.1,9,1
103.14,298.94,1026.47,0.4696,0.5133,3087.4,17.47,0.656,18.0,87.2,9,0
54.06,130.77,251.94,0.3729,0.2404,3249.5,37.69,1.07,23.0,55.1,9,0
87.74,157.23,668.34,0.374,0.3902,2412.4,64.24,2.956,12.0,67.8,9,1
40.11,81.93,165.15,0.3015,0.788,3273.2,52.52,3.467,22.1,55.6,9,0
98.51,337.12,1064.38,0.4594,0.3658,1513.0,64.6,0.398,33.1,85.8,9,1
94.63,206.17,656.71,0.3801,0.0878,3345.0,63.1,8.637,27.1,83.2,9,1
84.44,127.14,516.18,0.3666,0.5113,2519.2,34.37,1.251,29.6,85.4,9,0
62.9,251.14,1071.17,0.5581,0.5841,338.6,46.78,3.747,24.5,73.3,9,0
37.68,76.37,331.24,0.2781,0.05,3192.7,11.63,2.228,32.4,56.3,9,0
62.97,197.62,659.68,0.4527,0.0579,1798.8,31.47,0.756,13.7,67.3,9,0
100.49,383.61,1393.8,0.5898,0.1448,1719.1,53.54,5.617,21.2,68.5,9,1
75.98,227.89,464.68,0.4407,0.1948,2069.3,35.32,5.115,24.9,77.8,9,0
33.91,118.6,369.71,0.3863,0.2815,693.0,47.16,1.513,31.8,55.2,9,0
44.62,175.83,742.73,0.4286,0.3727,1748.2,49.75,2.665,17.7,73.2,9,0
104.06,379.92,1151.31,0.488,0.3125,2942.7,20.21,0.895,10.0,86.0,9,0
84.93,245.86,488.74,0.4466,0.7225,251.1,57.54,3.512,34.4,91.0,9,1
41.88,100.91,236.3,0.3718,0.4899,1100.6,32.59,1.109,10.6,65.9,9,0
28.59,77.36,228.97,0.3208,0.7744,208.1,17.61,5.575,13.8,61.8,9,0
57.11,205.85,502.54,0.4453,0.4456,1571.8,56.92,0.735,20.6,65.7,9,0
26.45,96.1,274.77,0.3323,0.0577,2603.4,30.07,0.1,22.4,54.9,9,0
68.84,248.82,671.57,0.4334,0.383,2835.9,50.02,0.938,30.9,68.6,9,1
134.02,401.14,1067.49,0.4819,0.5756,3319.1,37.88,0.636,21.2,98.2,9,1
32.81,88.34,180.75,0.3626,0.2833,2208.1,27.91,2.13,23.7,49.1,9,0
68.08,155.12,648.9,0.3792,0.05,1040.3,53.59,0.683,15.0,70.9,9,1
105.53,159.18,584.26,0.4012,0.2344,3249.7,40.07,4.321,24.2,68.3,9,1
91.46,311.99,1086.71,0.4832,0.3278,2758.5,28.43,0.829,18.7,80.4,9,1
69.02,151.32,520.14,0.4165,0.3927,2095.6,11.58,3.682,12.5,67.0,9,0
69.07,160.54,460.85,0.411,0.2412,2495.6,58.73,2.592,33.7,74.8,9,1
43.84,158.19,636.39,0.3712,0.2491,3250.2,7.13,12.86,12.0,57.2,9,0
66.04,107.69,464.27,0.4126,0.5738,2550.9,56.79,27.66,26.9,67.8,9,0
78.82,301.02,546.4,0.3347,0.3534,1415.6,26.6,6.11,32.7,78.7,9,0
100.36,150.88,303.86,0.47,0.4396,2553.0,43.36,4.281,14.5,81.1,9,0
57.23,220.21,797.71,0.4329,0.4547,332.9,60.33,1.466,15.9,79.5,9,1
67.99,179.28,436.97,0.4393,0.5226,1475.2,14.1,4.198,20.7,66.5,9,0
49.0,86.02,366.57,0.3829,0.2524,1540.9,39.02,9.417,17.4,60.2,9,0
78.37,249.63,899.17,0.4907,0.5229,750.6,50.87,0.1,29.0,83.4,9,1
92.33,345.27,964.83,0.4334,0.05,276.2,50.46,2.316,18.5,74.8,9,1
88.47,229.61,670.75,0.4754,0.3451,640.2,36.54,0.738,34.6,73.2,9,0
43.48,140.37,514.5,0.4047,0.4889,2360.3,42.48,2.448,31.5,66.1,9,0
76.41,301.68,657.84,0.4542,0.1073,2847.6,50.45,1.885,32.4,71.6,9,1
55.8,117.28,490.84,0.393,0.3009,3461.1,55.46,2.572,11.6,64.2,9,0
98.01,348.05,630.97,0.4319,0.1657,1343.0,50.71,2.402,14.4,73.9,9,1
68.7,153.76,683.18,0.3914,0.1082,2178.0,26.24,9.665,14.2,81.5,9,0
34.75,89.15,200.83,0.3323,0.3018,3292.6,64.8,2.41,26.8,59.2,9,0
67.24,148.22,563.79,0.391,0.8641,751.2,31.07,5.617,10.3,65.7,9,0
84.2,220.17,420.05,0.3482,0.3564,2568.2,6.47,1.156,30.2,72.9,9,0
78.83,119.25,353.57,0.377,0.3822,2691.4,26.76,1.729,23.7,76.5,9,0
59.94,135.38,474.07,0.4124,0.4783,493.6,12.67,1.907,24.2,79.7,9,0
58.1,151.83,302.09,0.3726,0.5748,3042.1,12.29,0.98,23.4,66.1,9,0
48.05,148.01,443.57,0.383,0.8263,2883.2,21.89,1.433,23.4,57.5,9,0
62.86,194.47,509.2,0.4217,0.6441,310.2,8.2,2.738,14.9,84.2,9,0
51.34,151.94,477.9,0.4071,0.6452,500.6,46.31,2.604,17.1,66.5,9,0
96.99,216.53,684.74,0.4409,0.7362,362.1,9.44,3.035,22.2,78.2,9,0
50.21,194.22,761.37,0.4596,0.2853,1304.7,17.2,1.301,26.9,65.6,9,0
75.79,187.96,401.0,0.4388,0.4916,1880.7,10.57,1.139,16.8,62.8,9,0
74.09,151.31,306.16,0.3006,0.7513,1956.7,8.79,2.837,30.2,71.9,9,0
96.38,278.17,802.54,0.4435,0.4486,1083.3,21.07,0.428,30.3,85.0,9,0
99.97,337.12,1414.67,0.598,0.6964,3208.3,39.31,0.875,16.8,89.8,9,1
90.13,137.96,566.89,0.3335,0.1912,1415.3,62.88,0.129,24.0,74.2,9,1
81.56,178.68,591.78,0.4867,0.2954,350.3,57.53,0.226,18.7,76.0,9,1
46.52,165.72,695.96,0.451,0.7564,1190.7,57.56,0.837,14.8,73.9,9,0
46.01,127.34,506.11,0.4484,0.3853,1952.7,15.56,0.1,30.1,64.1,9,0
51.59,130.07,331.74,0.4219,0.5848,1547.1,20.89,0.845,34.8,71.2,9,0
91.53,350.32,791.46,0.4779,0.05,1103.7,9.58,3.192,24.1,80.9,9,0
74.57,128.54,335.89,0.2551,0.5487,633.4,51.71,0.189,32.8,67.1,9,0
94.45,287.03,692.66,0.445,0.6139,2903.2,9.19,1.722,26.1,71.0,9,0
97.8,230.37,802.01,0.4699,0.361,3487.3,38.4,7.329,24.1,87.8,9,1
54.58,91.54,309.34,0.3071,0.079,1287.5,19.87,4.7,22.0,45.0,9,0
73.54,149.6,510.99,0.312,0.05,1459.3,19.61,1.093,15.9,66.7,9,0
72.41,222.28,513.72,0.4252,0.6224,2239.5,64.44,7.763,12.1,60.6,9,0
64.54,101.37,399.2,0.3169,0.5195,2570.9,50.41,1.2,21.1,77.8,9,0
59.36,176.94,525.64,0.5075,0.0505,1493.7,55.22,0.226,24.0,78.7,9,1
102.35,398.37,1225.23,0.5566,0.0664,3186.3,39.32,15.376,22.7,74.9,9,1
74.03,258.21,1159.82,0.598,0.6534,2048.0,57.26,6.121,27.4,94.3,9,1
73.06,172.72,442.53,0.3895,0.6767,1686.3,43.73,1.882,14.8,82.9,9,0
52.66,97.19,278.38,0.3929,0.1828,2334.0,61.77,3.293,18.9,67.4,9,0
89.61,238.61,865.31,0.4746,0.2824,3344.3,21.88,3.337,20.4,88.9,9,0
47.61,118.18,493.63,0.4484,0.722,2822.0,40.72,0.649,14.7,59.1,9,0
84.11,330.48,707.99,0.3387,0.4832,332.0,46.41,0.67,32.7,73.0,9,0
84.79,337.01,1275.46,0.5978,0.7942,1296.6,28.58,1.902,27.0,79.1,9,0
62.42,157.7,674.87,0.4675,0.4203,1752.8,57.78,7.277,12.3,63.2,9,1
80.68,151.02,444.29,0.3806,0.5761,1237.9,63.79,0.1,27.8,63.9,9,1
50.36,190.2,489.59,0.3768,0.4195,2510.6,34.63,4.577,23.7,57.6,10,0
44.74,155.86,565.74,0.3974,0.7586,2926.7,28.44,0.178,23.1,61.8,10,0
46.04,127.92,315.25,0.3768,0.4464,2613.4,33.32,1.952,34.7,67.6,10,0
47.27,114.07,323.68,0.425,0.2048,3464.8,56.16,3.047,25.5,61.5,10,1
48.97,128.32,541.72,0.3809,0.2724,1099.4,43.73,3.482,32.4,51.6,10,0
47.23,177.32,601.82,0.3345,0.6818,3087.5,7.69,0.181,32.8,67.9,10,0
18.12,35.55,73.11,0.4388,0.4308,2729.9,37.53,1.627,12.5,65.6,10,0
41.92,147.42,396.57,0.4124,0.3073,1395.2,6.04,2.63,10.2,57.3,10,0
52.34,80.9,282.62,0.3366,0.4764,2622.6,51.71,0.205,20.9,79.0,10,0
48.15,183.05,567.46,0.4722,0.1733,543.5,24.7,0.435,29.2,71.4,10,0
69.56,191.35,685.61,0.4829,0.0912,2804.8,33.32,3.269,30.6,62.4,10,0
61.22,126.54,487.92,0.4216,0.3685,1956.7,52.92,2.212,29.7,63.2,10,1
23.96,36.11,111.86,0.2984,0.5152,1164.6,7.79,0.53,21.2,54.7,10,0
41.56,120.46,537.84,0.4402,0.5956,2364.1,14.51,2.299,28.7,61.0,10,0
37.94,80.09,341.97,0.4224,0.5962,2317.3,28.88,7.315,28.0,41.9,10,0
45.61,140.4,275.43,0.2687,0.6921,891.3,18.8,0.1,17.8,57.7,10,0
45.65,100.56,253.34,0.3616,0.3635,300.3,25.27,3.087,14.2,59.3,10,0
61.01,104.94,274.04,0.3694,0.6274,1631.0,64.89,0.23,25.5,83.4,10,1
50.15,138.56,318.35,0.3766,0.1385,2079.4,54.52,0.1,26.9,66.9,10,1
76.48,222.66,588.37,0.4192,0.1098,3092.8,58.03,0.49,24.2,66.6,10,1
51.75,136.17,401.29,0.439,0.2131,3263.1,61.22,1.649,15.3,62.0,10,1
24.96,66.01,128.01,0.3149,0.5008,1945.1,25.46,4.864,16.9,60.9,10,0
34.04,101.24,217.02,0.343,0.2177,2687.6,22.82,0.993,27.7,57.2,10,0
60.82,171.25,352.75,0.3859,0.2241,1649.7,19.04,2.948,34.1,63.6,10,0
5.37,9.83,18.92,0.2949,0.6142,2662.1,54.81,1.589,33.6,47.2,10,0
12.07,24.06,74.59,0.2455,0.4055,875.8,45.77,0.801,23.0,57.5,10,0
45.99,85.28,230.38,0.3565,0.4862,1424.5,19.17,2.166,32.2,52.7,10,0
69.49,224.69,971.94,0.5044,0.342,2293.0,27.62,4.791,10.7,62.2,10,0
78.4,221.2,459.52,0.373,0.1357,259.9,35.4,5.36,31.5,66.1,10,0
40.29,103.74,446.11,0.382,0.1196,2584.1,36.69,5.623,21.9,53.3,10,0
72.24,252.55,513.6,0.243,0.2511,2957.3,58.32,1.24,29.5,65.1,10,1
47.53,110.0,381.91,0.4363,0.07,1517.2,27.83,4.732,10.1,71.4,10,0
7.44,21.71,53.61,0.3557,0.5177,1678.2,59.51,0.715,31.7,60.5,10,0
45.52,76.75,309.47,0.2946,0.6886,3009.2,31.48,4.023,24.9,65.8,10,0
30.25,101.66,199.87,0.3059,0.287,2759.7,49.78,8.892,16.0,60.8,10,0
68.68,222.37,972.17,0.5656,0.3403,1150.9,60.82,0.1,18.7,65.2,10,1
45.08,158.04,304.65,0.3028,0.6792,1269.1,59.45,1.741,15.0,46.9,10,0
13.77,51.11,125.28,0.3488,0.2554,2440.3,8.42,3.13,20.6,55.3,10,0
8.23,27.93,85.29,0.2923,0.1503,2058.6,17.34,3.63,18.3,54.9,10,0
45.2,163.21,626.96,0.4451,0.5246,735.4,33.61,0.581,23.4,58.2,10,0
14.78,34.95,152.67,0.3328,0.5922,1222.8,30.89,10.746,30.4,45.8,10,0
32.77,77.28,228.4,0.3312,0.4965,3169.9,43.45,2.866,34.6,49.6,10,0
51.5,198.82,764.39,0.4713,0.6087,2471.0,61.68,0.539,16.3,66.8,10,1
19.3,73.06,274.95,0.33,0.218,3453.7,11.74,0.1,12.7,56.4,10,0
70.57,202.63,677.2,0.3453,0.3664,2731.1,32.11,4.587,19.9,80.7,10,0
75.5,182.43,668.69,0.3865,0.2922,3308.5,16.54,0.249,13.6,66.2,10,0
20.3,74.41,141.59,0.2757,0.5949,913.4,58.65,0.456,30.9,53.8,10,0
38.27,88.35,264.36,0.2723,0.6799,2745.9,62.87,2.566,22.5,61.6,10,0
70.59,132.99,521.58,0.4221,0.1448,266.7,33.72,2.775,25.5,66.8,10,0
45.69,141.58,436.11,0.378,0.2319,2413.5,11.24,3.484,13.8,70.4,10,0
10.86,17.45,72.55,0.3321,0.1959,1748.6,52.12,1.5,28.7,63.2,10,0
42.14,103.14,417.81,0.409,0.1514,1344.3,46.83,4.46,34.3,53.8,10,0
24.4,85.86,354.71,0.4083,0.4082,3045.9,26.28,10.991,22.1,53.7,10,0
73.43,164.33,353.47,0.3906,0.4906,3019.1,58.24,0.949,34.1,82.6,10,1
60.87,233.02,573.05,0.3649,0.798,273.6,63.55,3.642,10.9,70.8,10,0
37.88,147.32,276.96,0.384,0.4319,2211.4,38.47,7.913,10.9,62.3,10,0
49.27,174.41,776.74,0.4654,0.1903,1413.8,38.94,3.478,34.0,67.5,10,0
13.02,51.67,125.95,0.4345,0.2401,1571.7,22.85,3.429,27.5,59.2,10,0
26.88,75.98,212.06,0.3425,0.2016,2945.7,40.07,0.76,14.7,61.2,10,0
84.55,247.15,628.32,0.444,0.1668,1222.5,31.38,2.298,19.1,77.1,10,0
47.06,168.96,322.28,0.3593,0.6417,3312.1,23.13,2.48,22.7,64.2,10,0
68.97,188.44,472.1,0.3962,0.1467,792.8,9.03,3.613,27.6,81.5,10,0
51.52,129.67,267.78,0.3523,0.8831,2387.0,20.16,17.254,31.1,63.3,10,0
78.58,238.63,683.58,0.4141,0.4127,2417.9,16.87,0.103,12.1,73.6,10,0
4.25,13.36,58.94,0.3206,0.4502,1032.2,37.52,0.202,26.4,63.7,10,0
41.02,138.52,510.48,0.4325,0.2928,1271.7,41.1,0.243,21.9,64.9,10,1
86.84,275.33,1021.09,0.4819,0.6422,2954.8,41.51,4.076,24.9,75.5,10,0
69.63,234.24,708.24,0.4825,0.4692,2714.0,28.29,0.44,22.7,75.9,10,0
78.86,251.26,1002.67,0.5349,0.2261,1286.0,30.27,2.922,21.3,75.5,10,0
45.55,123.04,523.21,0.3599,0.3437,1962.1,55.05,1.178,15.1,57.8,10,0
32.29,59.33,260.84,0.3036,0.7316,403.5,33.57,1.834,21.8,61.6,10,0
20.04,69.42,143.5,0.3509,0.3347,888.9,64.27,0.729,14.7,49.5,10,0
18.3,28.85,120.47,0.2946,0.3763,1803.2,31.38,6.032,11.1,70.1,10,0
65.9,262.35,631.68,0.3732,0.4156,483.7,43.97,2.647,19.3,71.7,10,0
58.55,209.09,600.65,0.5052,0.087,2983.0,8.02,8.678,10.6,60.1,10,0
44.06,139.98,382.54,0.3277,0.15,2569.4,44.2,2.564,24.1,60.1,10,0
58.43,228.82,829.0,0.3885,0.1703,3314.0,56.09,0.397,11.8,73.6,10,1
49.28,149.38,510.05,0.3622,0.7102,2488.4,61.55,0.562,20.9,56.1,10,1
69.78,114.51,239.85,0.3592,0.3594,3303.3,64.84,13.55,34.5,92.7,10,0
69.54,201.55,788.8,0.4604,0.5767,2029.9,21.93,3.879,10.2,59.2,10,0
19.07,41.83,124.95,0.4192,0.5763,2180.7,39.52,0.152,19.2,63.1,10,0
52.56,127.39,230.07,0.3073,0.1125,3424.0,32.04,3.65,26.8,61.9,10,0
4.0,10.59,30.92,0.318,0.5458,2319.0,38.83,1.594,14.0,44.7,10,0
49.05,168.55,538.36,0.4634,0.5535,301.6,14.45,1.101,24.0,69.0,10,0
60.83,167.72,333.09,0.3332,0.579,2588.5,56.37,0.502,16.5,64.6,10,1
12.88,34.6,76.4,0.3504,0.5787,3188.0,59.57,5.496,15.6,66.6,10,0
35.31,79.62,356.91,0.2793,0.6201,2825.4,31.98,0.198,32.4,49.4,10,0
45.96,130.97,543.81,0.496,0.1658,2126.6,21.83,1.027,15.1,68.3,10,0
51.57,109.38,236.25,0.3967,0.6516,2415.3,13.45,1.098,19.4,63.3,10,0
38.76,83.42,280.87,0.3218,0.2798,3467.6,46.03,0.526,14.2,64.0,10,0
16.41,55.69,157.28,0.3727,0.4767,499.2,23.73,2.129,17.1,59.0,10,0
44.37,104.55,341.69,0.4335,0.2652,2401.9,59.57,0.1,17.3,49.5,10,1
4.41,7.19,22.07,0.24,0.7458,1135.2,45.26,1.074,18.2,53.2,10,0
39.9,94.14,181.7,0.3061,0.4515,2312.3,43.74,8.138,26.0,70.7,10,0
34.69,107.4,284.8,0.4239,0.5571,2205.2,38.56,1.115,28.6,64.1,10,0
42.36,149.76,320.31,0.367,0.6764,706.4,7.75,1.341,22.8,59.8,10,0
31.74,123.93,386.69,0.3986,0.76,882.3,60.92,1.923,25.3,48.2,10,0
8.03,27.02,114.83,0.3263,0.7104,2251.4,42.68,2.475,30.3,56.5,10,0
36.56,94.04,422.06,0.4284,0.1172,623.2,64.64,4.962,35.0,76.0,10,1
68.99,155.08,674.51,0.4597,0.6329,1075.1,37.24,0.633,21.4,76.0,10,0
77.26,140.92,628.71,0.4302,0.5029,2956.3,47.61,6.161,33.4,82.4,10,0
106.7,327.5,602.98,0.3147,0.4296,1279.4,8.37,4.251,22.3,89.5,10,0
88.01,244.21,920.54,0.5149,0.7277,1810.6,42.9,3.847,29.5,73.3,10,0
15.8,50.46,128.02,0.3619,0.2177,3305.8,50.88,0.272,24.3,55.5,10,0
35.51,74.32,307.46,0.2991,0.2021,949.6,51.71,0.1,32.1,67.6,10,1
45.15,104.26,416.73,0.3242,0.55,1485.8,51.21,2.704,21.2,50.9,10,0
43.58,97.2,286.14,0.3827,0.6151,2201.3,18.58,5.966,27.4,68.3,10,0
47.46,165.83,510.39,0.4111,0.337,2692.6,63.52,2.634,21.7,74.3,10,0
105.91,204.2,513.72,0.3033,0.4808,3175.5,64.71,0.719,31.4,81.4,10,1
18.67,56.4,145.51,0.2878,0.4755,3221.1,9.54,0.285,34.9,62.1,10,0
27.88,45.4,202.01,0.3558,0.5947,2762.9,61.19,3.608,16.1,53.9,10,0
86.82,249.49,1047.85,0.542,0.5708,953.5,22.37,3.838,21.9,76.4,10,0
30.32,50.33,116.66,0.294,0.1716,281.9,46.36,0.568,12.0,56.9,10,0
55.56,107.77,274.16,0.3471,0.586,1466.5,25.29,0.1,13.5,70.3,10,0
71.59,127.61,267.13,0.3091,0.6288,667.1,63.07,1.574,33.2,70.6,10,1
57.88,137.0,612.38,0.4879,0.3068,2544.3,11.09,2.622,23.6,54.0,10,0
50.51,119.18,506.46,0.4094,0.2281,2381.7,34.86,3.673,19.9,59.4,10,0
69.19,246.72,811.88,0.4279,0.05,345.1,30.68,4.981,26.8,86.3,10,0
23.39,48.29,177.27,0.2774,0.5897,2960.8,24.56,2.829,24.0,61.6,10,0
33.31,57.16,218.33,0.28,0.2951,1020.9,43.73,0.353,17.2,43.2,10,0
59.11,177.85,418.01,0.4736,0.3781,1626.3,12.86,3.443,15.7,77.4,10,0
6.02,19.36,83.71,0.308,0.3137,2404.2,48.0,12.439,24.8,42.6,10,0
81.14,181.5,584.85,0.3962,0.4601,1617.1,63.84,7.08,14.7,81.5,10,1
53.31,160.29,328.54,0.3546,0.5836,1656.2,53.27,6.159,13.5,76.3,10,0
37.33,128.43,368.87,0.3418,0.6384,416.6,56.6,1.079,18.0,62.0,11,0
7.26,17.19,58.85,0.3063,0.3051,1524.8,26.58,4.168,31.5,44.2,11,0
1.34,3.78,10.4,0.3038,0.6547,2724.0,24.49,5.714,10.9,44.7,11,0
23.54,43.95,162.06,0.3329,0.6266,3220.1,36.02,3.403,30.8,62.1,11,0
53.69,83.71,350.06,0.3064,0.1976,1564.5,7.74,0.865,25.5,57.0,11,0
18.41,72.77,282.66,0.4008,0.1761,1597.8,61.72,9.227,11.0,50.9,11,0
53.22,119.7,423.17,0.3564,0.697,2518.7,13.63,1.798,25.1,70.1,11,0
24.51,53.85,171.39,0.3011,0.5903,3311.1,59.18,0.417,20.7,52.1,11,0
27.92,109.82,273.13,0.3191,0.5747,1081.3,10.01,0.349,31.0,69.7,11,0
39.85,132.32,400.7,0.327,0.1715,1652.5,54.36,3.128,32.7,53.6,11,0
40.24,119.24,308.96,0.3748,0.6233,2826.7,14.12,1.727,17.2,35.8,11,0
15.7,50.99,220.37,0.3885,0.54,2212.0,7.29,0.298,29.6,48.5,11,0
49.13,160.89,683.76,0.3997,0.7611,564.9,48.17,4.045,17.7,67.2,11,0
24.48,83.43,185.27,0.2447,0.9,2271.5,21.82,4.818,17.4,64.2,11,0
22.25,37.11,149.21,0.2783,0.8516,816.3,47.87,3.877,14.8,53.4,11,0
37.35,94.57,349.72,0.3471,0.7288,1883.7,38.31,0.678,27.0,59.0,11,0
24.88,55.69,246.86,0.2875,0.1011,1946.0,11.53,3.511,16.5,57.2,11,0
12.16,20.39,62.22,0.2824,0.8317,3091.5,60.93,0.1,21.6,67.6,11,0
52.46,132.8,497.98,0.3714,0.098,1726.2,32.14,1.092,30.3,68.8,11,0
2.3,6.99,22.35,0.3037,0.7763,1122.2,49.07,1.527,29.8,46.7,11,0
31.82,61.93,123.08,0.2517,0.3931,962.2,35.06,5.41,31.4,76.0,11,0
37.33,84.47,162.71,0.3613,0.5208,3085.0,41.26,1.485,14.0,61.3,11,0
34.0,105.34,224.34,0.4276,0.05,764.3,23.17,0.1,24.7,43.6,11,0
62.73,184.96,480.83,0.467,0.5827,1605.4,17.02,1.303,32.9,57.7,11,0
32.18,118.15,295.33,0.3295,0.1715,817.7,37.55,2.073,11.1,64.1,11,0
44.19,153.71,578.95,0.4485,0.3291,2751.9,31.41,8.928,29.9,49.0,11,0
32.11,125.68,469.16,0.4207,0.6688,1765.4,28.41,8.492,16.2,63.6,11,0
48.83,146.15,646.4,0.4263,0.5658,1358.8,45.35,0.599,26.7,58.4,11,0
68.35,221.86,585.28,0.4251,0.0752,1391.6,46.43,0.614,27.9,79.9,11,1
36.95,134.9,584.64,0.4503,0.324,3012.3,7.76,0.535,33.1,62.4,11,0
53.05,190.99,659.82,0.4753,0.0577,2027.5,25.32,4.667,22.7,52.8,11,0
69.89,230.42,722.89,0.403,0.6168,2569.0,29.71,0.1,31.2,78.3,11,1
67.44,185.5,668.37,0.4702,0.746,3160.2,10.81,0.408,11.1,81.1,11,0
23.88,52.12,192.71,0.4216,0.6077,3175.7,19.15,2.316,20.5,46.9,11,0
59.42,219.44,496.85,0.4428,0.2191,1284.1,8.1,0.853,21.0,61.4,11,0
39.73,136.73,523.61,0.4809,0.3319,3343.1,64.77,0.291,23.5,65.9,11,1
61.44,220.86,829.97,0.3357,0.8178,282.1,49.19,1.338,22.0,73.9,11,0
47.72,88.38,397.13,0.4087,0.1349,1443.6,10.25,0.961,34.2,83.1,11,0
40.4,92.39,393.81,0.3915,0.5094,3156.1,6.21,2.147,12.0,69.2,11,0
44.36,113.65,414.67,0.4337,0.3908,1106.3,48.16,11.623,16.6,82.5,11,0
39.89,143.44,534.06,0.3498,0.6852,1101.2,31.35,0.398,34.2,62.1,11,0
40.87,152.52,664.1,0.4066,0.6975,1198.7,52.21,1.399,21.1,65.3,11,0
29.54,65.34,288.25,0.4023,0.3309,2220.6,60.41,8.064,24.3,54.3,11,0
27.21,87.52,352.97,0.3171,0.4498,1646.5,40.96,6.284,12.0,54.0,11,0
77.59,131.47,509.06,0.4133,0.4132,2598.2,16.23,1.504,17.1,74.5,11,0
45.45,114.7,240.95,0.347,0.2795,3153.2,51.93,3.601,11.0,59.0,11,0
19.18,52.09,210.55,0.332,0.3614,2424.9,62.35,0.276,13.4,35.2,11,1
26.57,90.72,225.32,0.3734,0.574,874.7,39.81,3.74,25.8,52.6,11,0
59.91,223.48,742.44,0.3917,0.1481,3277.9,45.92,10.82,29.1,76.6,11,1
15.1,35.39,102.44,0.2813,0.7391,1072.8,25.25,2.313,31.8,55.1,11,0
3.54,9.99,27.3,0.2985,0.1414,694.7,27.89,2.07,16.3,51.7,11,0
1.7,5.31,14.01,0.2427,0.0887,496.9,49.08,0.622,18.3,44.4,11,0
9.72,22.56,92.71,0.38,0.3788,2059.2,60.67,3.014,24.2,55.6,11,0
1.04,4.11,15.94,0.2632,0.2793,575.4,42.74,2.678,12.1,63.6,11,0
3.99,14.71,47.26,0.3487,0.4344,658.0,52.39,3.166,30.2,62.4,11,0
68.14,152.7,548.82,0.3653,0.2972,1190.1,15.3,0.1,22.1,73.4,11,0
32.35,89.61,399.52,0.4146,0.6176,1129.5,17.72,2.387,34.1,52.9,11,0
24.43,50.74,145.78,0.2485,0.7881,2194.0,36.92,2.711,12.9,71.5,11,0
2.58,7.18,23.61,0.3751,0.7935,2895.3,15.59,0.698,13.3,59.2,11,0
29.93,96.02,311.17,0.4186,0.2598,2712.5,43.1,0.701,18.7,47.1,11,0
9.93,17.01,73.61,0.287,0.7998,1066.2,22.5,0.97,15.2,38.9,11,0
24.27,89.21,245.25,0.3074,0.229,1009.5,52.49,3.731,27.4,45.9,11,0
85.12,254.03,1133.71,0.5481,0.3771,3387.1,53.49,2.796,33.7,71.6,11,1
50.1,199.11,522.2,0.3274,0.4668,227.2,32.83,5.608,12.2,72.2,11,0
28.26,44.2,92.56,0.3201,0.2907,3103.1,15.85,1.051,16.1,65.5,11,0
50.96,182.38,422.51,0.3436,0.7696,859.1,43.81,7.294,15.9,68.0,11,0
20.47,71.23,210.19,0.329,0.3516,3326.0,64.57,4.084,22.7,55.0,11,0
13.49,24.72,87.85,0.2853,0.4983,1329.6,42.36,1.508,21.3,73.0,11,0
76.11,177.97,568.68,0.3731,0.3007,1653.2,7.15,0.3,28.2,73.1,11,0
4.95,18.38,51.75,0.3955,0.7033,2533.5,6.04,0.891,28.3,50.8,11,0
24.65,68.94,228.7,0.3845,0.6246,2139.3,24.22,9.424,24.3,53.3,11,0
41.16,103.03,418.79,0.3092,0.2888,1249.2,16.75,1.115,24.8,80.0,11,0
10.1,38.02,154.56,0.2869,0.6741,2027.6,53.78,1.201,31.1,58.8,11,0
49.77,86.27,324.46,0.4073,0.5122,2611.3,55.69,0.631,19.9,56.7,11,1
25.84,69.33,303.09,0.4087,0.5137,339.7,20.52,4.933,10.3,48.5,11,0
50.11,156.88,532.37,0.3365,0.5121,237.0,24.54,0.967,15.3,51.6,11,0
48.16,145.5,264.91,0.3876,0.4134,1711.6,19.17,1.203,10.9,63.7,11,0
27.43,59.27,153.25,0.3437,0.1767,635.1,59.5,1.605,19.8,46.2,11,0
76.27,221.83,595.87,0.3213,0.5515,2392.3,35.16,1.706,18.9,63.5,11,0
16.87,55.2,180.94,0.3158,0.4821,906.4,44.37,1.59,12.5,63.6,11,0
67.23,199.15,845.03,0.4611,0.4293,1628.4,29.93,2.102,28.9,77.3,11,0
62.88,201.92,820.39,0.4654,0.6895,852.3,42.86,5.054,23.8,80.8,11,0
77.78,166.46,403.99,0.3142,0.05,2010.0,28.15,5.133,15.6,61.6,11,0
37.86,135.62,434.29,0.3481,0.1855,583.0,25.38,4.803,29.0,53.3,11,0
13.79,36.2,129.57,0.2946,0.1473,276.3,43.07,0.32,26.7,49.1,11,0
85.43,338.98,1513.99,0.574,0.0554,368.7,40.46,4.823,14.8,88.7,11,1
25.14,39.17,73.82,0.2887,0.2375,3349.1,22.61,0.384,34.6,58.0,11,0
13.17,32.28,98.52,0.3129,0.8595,669.5,13.96,0.4,14.4,68.5,11,0
28.76,56.12,250.75,0.3653,0.2334,2538.0,27.11,8.862,29.3,63.6,11,0
8.97,25.9,114.96,0.4116,0.5021,424.2,29.91,5.134,34.2,51.8,11,0
46.66,98.36,264.89,0.3962,0.1207,556.9,42.72,2.412,28.1,68.6,11,0
18.37,61.41,110.54,0.3878,0.5452,1879.3,59.87,6.238,26.6,41.7,11,0
26.32,97.51,329.99,0.3415,0.7533,1734.1,7.17,13.631,32.6,41.5,11,0
57.7,116.97,484.36,0.346,0.226,3340.2,19.62,2.83,16.7,69.4,11,0
49.1,93.37,249.83,0.3897,0.6633,3318.0,16.62,2.847,16.9,64.8,11,0
33.9,125.03,540.43,0.4066,0.7948,2772.7,35.14,4.212,26.0,75.6,11,0
37.78,90.79,244.98,0.3852,0.5246,2186.9,30.78,0.792,32.1,50.3,11,0
33.81,87.46,301.52,0.3158,0.3356,1701.4,48.74,0.549,25.4,63.1,11,0
22.73,46.65,174.91,0.3672,0.5624,1375.4,19.54,4.276,34.4,62.4,11,0
33.44,85.73,234.26,0.3378,0.6536,3325.4,40.67,1.269,15.6,62.8,11,0
45.78,95.14,261.73,0.329,0.1969,2189.6,58.03,0.435,30.6,72.5,11,0
30.35,96.06,294.82,0.3402,0.4398,2110.9,59.64,1.134,33.2,54.0,11,1
44.0,120.88,490.19,0.4219,0.3832,965.3,62.53,1.332,20.7,69.9,11,1
12.59,43.69,90.54,0.3567,0.3593,354.1,51.4,10.077,34.0,58.3,11,0
18.41,42.01,147.24,0.3109,0.6672,3319.1,59.36,3.592,15.1,64.8,11,0
15.15,41.87,151.95,0.3474,0.3965,1235.3,19.07,2.271,33.8,50.5,11,0
19.38,41.64,137.68,0.3444,0.3609,1660.5,16.85,10.409,32.6,46.3,11,0
65.69,251.99,1090.3,0.5535,0.455,578.3,5.39,7.003,11.7,64.7,11,0
51.66,144.89,496.32,0.448,0.2037,2961.9,47.41,2.152,23.0,57.0,11,1
6.58,12.73,44.73,0.3994,0.3006,291.2,61.25,7.083,23.2,47.5,11,0
44.45,96.98,331.59,0.3426,0.4654,2952.2,16.22,1.554,11.4,60.7,11,0
23.74,40.54,151.99,0.4032,0.3871,662.9,43.22,0.786,11.0,49.8,11,0
16.45,25.82,55.91,0.317,0.2748,3125.7,49.79,0.795,10.1,55.0,11,0
3.64,10.23,43.13,0.2538,0.0651,2608.2,60.66,3.257,23.1,41.7,11,0
57.81,135.43,259.31,0.319,0.4265,743.4,43.81,2.086,21.6,66.8,11,0
0.59,2.3,8.13,0.3249,0.7074,2067.2,63.22,3.227,33.5,46.2,11,0
32.21,62.11,215.01,0.3789,0.6381,1231.8,25.68,3.476,18.6,58.7,11,0
9.85,34.33,81.07,0.2653,0.2707,788.2,26.0,0.1,26.5,56.1,11,0
52.9,121.15,231.38,0.3078,0.5249,3035.3,37.58,0.167,10.2,62.5,11,0
25.15,51.78,112.61,0.2957,0.6862,1531.6,28.01,2.282,26.6,51.3,11,0
27.11,106.39,269.55,0.3104,0.404,1515.2,5.09,0.636,32.8,52.9,12,0
27.96,98.03,409.92,0.2874,0.7894,760.6,48.91,3.003,18.9,66.6,12,0
38.04,117.03,481.05,0.2846,0.7301,1464.1,50.1,2.41,17.9,71.6,12,0
30.8,99.88,197.0,0.32,0.2095,3076.3,49.82,2.644,25.7,55.1,12,0
29.39,116.94,301.82,0.3726,0.253,1398.3,25.7,1.081,18.2,57.6,12,0
17.51,52.25,219.5,0.3764,0.1778,3340.3,36.34,3.064,20.1,41.6,12,0
8.89,15.61,38.06,0.2394,0.2568,3322.8,26.6,5.307,16.8,51.2,12,0
2.51,4.17,18.74,0.2365,0.7365,678.2,5.96,18.753,18.6,39.1,12,0
48.44,153.38,382.44,0.3496,0.7187,785.1,38.75,5.469,27.0,60.6,12,0
22.83,71.78,272.43,0.3543,0.1446,3046.8,12.43,2.446,33.1,65.5,12,0
13.87,46.76,136.83,0.3776,0.5215,1496.1,9.8,0.645,24.6,42.1,12,0
4.67,8.27,17.93,0.3394,0.5223,214.4,50.33,3.432,10.3,44.2,12,0
12.52,48.34,120.32,0.3055,0.2968,1103.8,5.57,8.325,16.6,46.6,12,0
12.89,37.11,134.44,0.3447,0.5368,2172.2,62.54,0.714,33.8,40.5,12,1
52.68,164.55,445.95,0.3464,0.8504,2837.6,35.92,0.887,32.8,72.7,12,0
16.55,26.26,90.11,0.3216,0.1248,640.2,63.98,0.484,12.9,57.2,12,0
40.49,158.0,372.07,0.3708,0.2438,564.8,8.48,4.004,32.7,76.6,12,0
15.4,44.75,134.76,0.397,0.1252,3242.9,40.01,1.565,34.1,46.7,12,0
46.45,135.09,429.98,0.4101,0.3073,2678.8,25.96,0.194,18.1,49.8,12,0
21.68,83.66,243.84,0.3099,0.3248,2146.3,55.61,6.237,27.5,64.0,12,0
0.32,1.23,2.88,0.2625,0.4844,2738.3,26.67,2.447,24.0,47.2,12,0
23.75,48.71,148.37,0.3128,0.3437,1615.2,20.63,1.206,18.4,53.4,12,0
76.32,292.15,1072.44,0.4349,0.6751,2702.9,56.45,1.265,13.8,84.7,12,1
75.22,251.36,1107.29,0.5085,0.3442,1426.9,27.48,1.029,19.2,73.9,12,0
42.64,65.97,259.38,0.3444,0.3628,1005.5,6.01,1.824,33.2,70.0,12,0
27.05,56.79,126.98,0.3486,0.61,2605.7,28.42,1.233,30.3,53.1,12,0
38.07,96.42,244.54,0.3792,0.694,1584.9,44.27,2.382,18.3,55.6,12,0
38.4,113.54,228.53,0.3504,0.1259,3438.5,20.26,4.455,23.7,58.6,12,0
29.48,95.9,207.74,0.2598,0.3711,1353.3,30.92,3.367,20.1,64.2,12,0
41.5,84.06,208.19,0.2803,0.6349,3241.7,8.4,1.046,21.7,62.9,12,0
35.68,128.16,299.72,0.3293,0.0797,3278.8,40.29,2.257,29.0,64.4,12,0
22.58,81.59,193.94,0.3711,0.2287,998.1,50.38,5.5,23.6,35.9,12,0
0.59,1.83,4.44,0.3318,0.458,2834.1,29.8,0.212,14.5,35.1,12,0
18.97,72.15,188.44,0.325,0.228,1629.1,30.21,0.245,16.7,38.5,12,0
50.46,178.26,381.31,0.4937,0.1552,3227.8,10.3,2.437,24.2,62.1,12,0
29.69,60.98,155.51,0.409,0.4069,1685.4,17.12,3.058,27.3,47.7,12,0
37.98,132.81,485.92,0.4585,0.595,2656.2,14.28,0.713,22.7,74.9,12,0
23.4,90.86,221.54,0.379,0.6226,1741.0,33.9,4.102,25.5,56.8,12,0
3.98,7.35,16.64,0.3262,0.8129,951.7,36.76,3.118,29.7,52.9,12,0
24.51,96.73,191.8,0.3574,0.2172,857.9,61.94,7.703,23.6,48.6,12,0
4.91,7.68,24.18,0.2146,0.307,1603.9,9.39,0.555,34.4,42.5,12,0
3.32,9.31,37.91,0.255,0.6875,2693.1,40.99,4.175,15.9,63.4,12,0
60.62,208.2,407.93,0.3699,0.4668,2196.7,36.59,0.262,33.0,82.4,12,0
19.97,69.43,226.63,0.3514,0.3108,2472.5,35.97,2.499,16.2,59.3,12,0
11.94,39.83,141.67,0.3219,0.281,1131.7,57.39,2.408,23.3,37.3,12,0
70.92,200.24,680.76,0.4489,0.2791,1788.7,17.33,1.475,21.4,67.9,12,0
50.85,159.03,663.08,0.3266,0.3751,346.5,7.45,5.585,19.3,67.8,12,0
21.19,68.85,285.01,0.3819,0.225,2897.9,45.34,0.1,34.1,54.5,12,1
41.17,112.64,220.19,0.3469,0.7083,3466.6,25.71,2.203,16.8,45.4,12,0
24.58,73.47,203.86,0.3311,0.1361,1542.7,6.06,0.734,26.9,72.2,12,0
13.16,47.58,171.81,0.3805,0.7685,236.2,20.08,4.082,30.1,47.3,12,0
42.34,96.63,422.44,0.3317,0.6353,760.3,23.56,0.132,14.9,52.0,12,0
22.37,62.81,249.51,0.3377,0.4221,2353.3,42.01,5.343,34.3,56.5,12,0
32.36,49.23,112.08,0.3365,0.5645,2219.9,15.36,5.462,23.7,69.2,12,0
56.01,180.27,460.38,0.3488,0.595,2800.0,29.78,5.367,32.9,70.9,12,0
53.26,105.9,408.94,0.2811,0.2669,1037.8,33.95,0.497,26.6,55.5,12,0
16.72,45.19,138.88,0.2699,0.3372,2720.0,32.55,2.986,26.2,43.2,12,0
42.63,86.34,282.99,0.353,0.4188,2470.3,63.44,0.1,18.6,45.3,12,1
2.28,3.55,12.23,0.29,0.628,1265.3,7.73,5.651,29.3,48.4,12,0
41.74,113.02,234.96,0.3458,0.4998,2000.1,62.06,3.851,10.7,58.7,12,0
34.19,87.59,360.09,0.3386,0.4858,686.0,39.92,2.272,23.9,64.4,12,0
39.95,102.38,422.9,0.3184,0.3448,1693.5,52.74,3.935,10.8,56.5,12,0
23.04,46.58,142.75,0.3352,0.4413,3108.0,30.82,0.297,17.7,64.7,12,0
82.58,319.41,1115.52,0.5133,0.3455,1589.9,32.23,2.257,12.4,80.0,12,1
7.94,11.98,42.92,0.3404,0.5098,2970.6,57.76,1.033,32.8,46.6,12,0
54.76,204.21,472.17,0.3564,0.7513,2147.8,58.76,10.794,25.7,69.6,12,0
4.68,15.65,32.93,0.2055,0.5776,833.2,19.32,5.837,26.7,62.0,12,0
43.08,83.16,154.33,0.2004,0.6726,2117.7,16.95,3.965,31.3,55.2,12,0
44.87,120.27,512.93,0.3818,0.4917,1869.7,34.77,8.143,28.3,61.8,12,0
31.85,126.51,345.8,0.3751,0.5031,1515.5,59.02,1.278,13.1,57.7,12,0
18.09,56.25,114.29,0.3111,0.4853,594.8,24.34,6.934,25.4,52.6,12,0
34.0,61.83,189.06,0.3093,0.0521,1575.1,44.12,1.18,34.5,66.6,12,0
37.15,98.23,196.87,0.2595,0.7957,440.1,47.49,3.959,15.4,68.2,12,0
75.22,200.88,407.83,0.2866,0.05,525.9,51.72,4.0,25.5,75.8,12,0
8.67,30.38,94.79,0.3372,0.3778,1572.5,38.84,0.1,24.1,55.5,12,0
16.58,62.83,199.42,0.3282,0.1765,1207.8,29.15,1.344,19.8,50.5,12,0
37.59,64.12,215.85,0.3247,0.1181,3254.3,63.02,0.1,33.9,63.9,12,1
24.07,55.01,196.5,0.262,0.7274,1439.8,41.68,17.521,18.9,46.9,12,0
27.97,62.83,226.47,0.2967,0.2991,2700.9,48.71,0.391,12.3,78.2,12,0
57.23,228.37,678.05,0.437,0.5415,1949.8,25.7,2.348,34.1,78.0,12,0
40.03,116.02,410.41,0.3958,0.3211,2523.5,45.2,4.69,28.2,69.7,12,0
15.53,57.44,150.65,0.3217,0.3255,1058.4,20.47,0.674,18.6,57.9,12,0
13.08,33.56,100.4,0.3889,0.3394,3308.3,19.71,1.991,17.0,57.2,12,0
0.58,1.92,5.48,0.2723,0.5935,1949.3,47.88,2.805,33.2,36.7,12,0
90.59,200.79,539.84,0.4716,0.6354,2943.4,36.28,0.524,16.8,67.1,12,1
45.43,171.7,419.65,0.3942,0.3882,1404.7,46.0,4.523,23.4,54.6,12,0
54.26,143.14,287.98,0.3626,0.2588,530.7,21.17,1.067,15.4,66.7,12,0
28.46,99.88,316.22,0.4095,0.8137,2423.2,40.92,0.711,34.9,56.3,12,0
49.44,105.78,343.87,0.3371,0.0742,225.6,31.64,2.451,29.2,71.3,12,0
13.69,44.27,119.87,0.3074,0.5768,1768.5,40.82,1.584,24.2,46.4,12,0
56.43,141.81,628.89,0.3638,0.3074,836.2,22.45,7.588,28.6,75.1,12,0
9.98,15.75,52.04,0.3571,0.1615,2270.3,47.93,6.362,32.9,46.4,12,0
17.19,43.54,182.88,0.3531,0.362,3432.1,53.36,1.981,34.1,51.8,12,0
43.1,123.92,413.81,0.4371,0.0669,1732.5,20.59,1.335,29.7,70.1,12,0
38.39,72.14,166.85,0.3434,0.7075,2897.7,23.04,1.181,31.2,65.6,12,0
32.59,63.87,283.04,0.4114,0.3992,1875.7,44.67,0.934,19.9,49.8,12,0
3.6,9.59,40.19,0.2706,0.6428,1836.3,46.74,2.359,19.8,59.6,12,0
32.97,77.7,238.74,0.3968,0.4916,3270.4,47.25,4.904,30.2,60.6,12,0
54.49,141.77,348.23,0.3493,0.5876,3136.9,45.96,1.116,29.0,49.2,12,0
17.16,45.52,109.29,0.3218,0.5667,2793.1,28.57,0.633,32.5,48.4,12,0
63.35,117.21,466.04,0.429,0.7377,1177.6,28.69,1.936,13.3,65.7,12,0
8.66,16.91,33.59,0.4231,0.297,1998.5,20.29,0.215,27.3,43.2,12,0
30.64,110.92,390.76,0.4186,0.3508,938.9,14.41,3.625,26.2,69.9,12,0
68.86,131.3,463.27,0.4378,0.6228,1664.9,46.55,2.192,30.0,67.7,12,0
13.44,42.53,97.51,0.2921,0.7692,1797.9,10.59,2.058,10.6,57.7,12,0
56.82,144.69,535.84,0.4143,0.8655,2944.4,61.27,1.072,30.7,68.7,12,0
79.84,313.02,1159.63,0.5256,0.477,3156.9,54.6,7.051,18.2,79.6,12,1
34.75,57.87,158.86,0.4019,0.1726,1568.2,56.45,0.285,27.2,73.8,12,0
17.3,61.86,192.09,0.3309,0.2489,258.4,59.4,6.117,25.4,60.6,12,0
11.16,30.44,123.24,0.3909,0.7683,3043.9,29.52,1.418,21.0,67.3,12,0
63.09,95.48,306.73,0.2959,0.3723,775.1,55.8,6.376,28.7,74.5,12,0
62.39,134.71,467.33,0.4628,0.2751,2252.2,14.48,3.914,34.0,69.8,12,0
66.71,168.05,489.78,0.3542,0.6987,282.4,6.3,0.33,18.1,72.6,12,0
29.65,67.77,149.37,0.3724,0.1417,1518.4,52.09,5.343,28.7,37.9,12,0
56.42,135.75,610.18,0.378,0.5693,3453.7,9.49,3.439,17.9,63.3,12,0
29.25,110.92,358.85,0.4022,0.528,532.3,64.31,0.1,31.1,57.6,12,1
8.4,20.18,54.64,0.2627,0.1607,1598.2,45.49,0.431,20.9,56.0,12,0
58.58,149.21,556.12,0.4623,0.3719,1213.6,50.21,3.029,21.2,67.4,12,0
71.32,242.69,843.66,0.5099,0.2347,3186.8,19.75,3.259,29.3,74.1,12,0
4.96,17.28,41.98,0.2783,0.557,3068.8,45.43,4.119,22.4,40.9,12,0
4.49,7.68,32.0,0.3353,0.4177,984.4,7.59,3.822,16.7,38.7,12,0
31.47,102.61,204.34,0.388,0.1107,467.9,55.27,3.232,34.9,50.0,12,0
54.38,147.17,505.59,0.3543,0.7864,2269.6,15.18,4.36,25.5,78.9,12,0
2.13,3.91,12.07,0.2507,0.3623,1310.0,46.84,2.568,26.1,40.5,12,0
35.68,77.13,205.09,0.2872,0.2121,2417.9,18.47,0.907,26.2,54.4,1,0
15.24,24.58,99.08,0.259,0.1732,306.0,9.11,7.304,32.1,55.4,1,0
47.52,114.08,407.5,0.3272,0.1783,640.2,33.89,0.1,14.6,51.5,1,0
10.05,21.5,82.8,0.3627,0.7874,2465.0,15.16,1.37,11.5,46.0,1,0
49.3,121.04,353.38,0.3981,0.2535,900.8,48.77,3.915,19.7,70.2,1,0
26.05,76.86,333.91,0.2815,0.4564,3030.0,19.25,1.671,24.1,54.3,1,0
6.57,21.9,59.79,0.2864,0.7445,393.3,25.55,0.1,17.1,65.4,1,0
31.59,95.21,307.88,0.3033,0.6103,911.1,39.05,0.205,27.2,45.9,1,0
18.45,58.96,254.74,0.3937,0.3758,3495.2,22.1,3.138,11.8,52.8,1,0
16.02,58.72,118.88,0.3011,0.7895,1629.2,27.68,10.046,29.8,51.3,1,0
38.44,141.62,296.53,0.2817,0.6025,2519.8,53.94,2.408,28.0,61.5,1,0
14.29,52.19,234.04,0.355,0.3166,802.8,15.75,2.12,15.3,44.5,1,0
34.28,64.54,285.44,0.387,0.5696,2212.6,9.93,1.15,17.5,55.6,1,0
28.48,60.6,235.35,0.2991,0.7547,2596.2,24.7,0.89,30.2,64.9,1,0
63.18,174.11,541.02,0.3942,0.4348,1237.8,30.46,0.1,29.3,66.8,1,0
28.08,67.31,213.13,0.2972,0.5909,2935.4,37.56,0.956,30.3,49.9,1,0
16.69,30.53,76.15,0.3773,0.7996,2191.3,27.35,1.789,18.1,71.6,1,0
53.63,119.03,353.32,0.3486,0.57,1484.1,52.39,0.662,34.2,66.5,1,0
19.89,78.34,232.25,0.3101,0.1339,2040.2,7.36,0.274,27.9,60.9,1,0
36.71,86.91,164.91,0.3302,0.3305,2103.3,30.91,3.795,11.6,67.1,1,0
30.65,78.06,236.03,0.3365,0.4998,746.3,27.94,6.751,21.9,58.6,1,0
18.23,27.63,85.53,0.3514,0.3955,1529.0,43.85,8.283,26.6,49.2,1,0
37.36,123.22,443.29,0.4489,0.7902,1333.3,62.98,2.887,14.2,62.8,1,0
49.33,125.0,399.32,0.4405,0.3509,1523.0,35.62,0.163,32.5,59.2,1,0
25.38,44.61,184.1,0.3175,0.3964,2711.7,64.21,4.051,28.9,60.6,1,0
18.49,72.5,202.45,0.3555,0.6318,1792.4,23.13,0.35,12.0,54.2,1,0
21.44,73.83,214.56,0.4171,0.5199,3303.0,6.85,3.324,32.8,64.7,1,0
27.45,90.99,304.19,0.4368,0.2367,1169.1,14.94,4.534,20.1,49.1,1,0
37.08,144.41,338.98,0.3236,0.1266,1571.8,28.71,3.882,21.3,66.9,1,0
0.23,0.57,1.63,0.3299,0.4477,2797.0,23.98,9.102,29.6,55.0,1,0
45.74,150.79,550.79,0.4306,0.7614,2001.9,10.82,4.02,26.1,61.8,1,0
27.74,55.91,162.81,0.3787,0.641,2005.2,30.96,3.545,20.9,64.2,1,0
32.63,105.81,449.48,0.4515,0.3608,376.0,25.29,0.91,16.5,63.1,1,0
47.51,72.94,252.46,0.2981,0.1663,1515.4,12.36,7.762,22.9,69.6,1,0
6.84,12.42,27.51,0.2709,0.635,1093.4,22.77,0.594,24.5,56.9,1,0
39.23,100.56,313.36,0.4076,0.746,3497.8,58.19,7.058,25.8,62.2,1,0
36.69,56.15,217.01,0.3505,0.3298,1217.6,23.12,1.125,25.1,56.2,1,0
25.38,67.39,238.35,0.236,0.6027,3118.8,47.84,0.418,25.4,52.8,1,0
6.8,19.08,79.95,0.2326,0.446,2431.6,41.72,5.258,21.9,50.3,1,0
44.88,137.07,524.3,0.4373,0.5031,1325.0,30.63,0.1,24.0,70.2,1,1
47.59,83.33,163.85,0.3745,0.718,1993.7,19.34,5.353,17.2,69.3,1,0
32.84,64.12,134.91,0.2593,0.1188,2973.8,27.14,0.913,14.0,67.9,1,0
3.24,9.84,34.98,0.3619,0.4577,3115.1,40.53,6.481,25.2,59.8,1,0
16.82,52.89,129.26,0.3158,0.2514,729.3,26.05,3.528,11.2,53.3,1,0
28.49,44.59,151.02,0.2789,0.3458,1320.6,17.89,3.291,11.6,74.2,1,0
47.21,134.6,530.2,0.3773,0.5327,1306.2,11.99,1.364,16.2,63.3,1,0
9.59,33.19,111.44,0.261,0.0794,338.7,57.79,0.184,14.9,48.9,1,1
15.91,26.61,77.74,0.2847,0.5628,2174.2,31.42,5.317,19.4,57.4,1,0
19.94,50.49,179.0,0.2421,0.3315,3020.9,42.51,0.562,19.3,59.9,1,0
27.92,64.67,141.49,0.3244,0.5131,1459.2,34.42,1.397,12.9,52.4,1,0
2.53,9.58,35.94,0.3365,0.1849,2642.1,57.35,2.752,16.2,49.5,1,0
24.56,48.26,177.67,0.2679,0.6701,2271.4,37.82,1.975,10.1,53.8,1,0
22.24,51.06,162.83,0.3332,0.615,1439.6,33.85,0.664,18.8,57.8,1,0
4.06,15.22,38.85,0.2675,0.8283,665.5,60.48,0.455,29.9,57.6,1,0
27.05,62.94,248.84,0.3829,0.779,2540.8,48.18,0.395,16.7,56.0,1,0
16.47,46.59,148.09,0.2137,0.3113,3020.1,11.69,5.963,26.1,59.5,1,0
42.39,67.09,131.48,0.3617,0.1326,2463.3,15.66,0.1,12.5,51.6,1,0
7.87,31.18,133.45,0.2356,0.5295,259.0,52.23,11.319,10.3,59.5,1,0
32.25,114.88,444.91,0.3779,0.5385,913.6,55.15,0.664,22.5,56.0,1,0
9.79,30.22,102.11,0.2848,0.0679,429.3,37.71,0.351,21.5,49.2,1,0
15.01,24.79,73.87,0.2966,0.2338,2082.3,38.27,2.581,14.8,57.7,1,0
37.43,63.16,277.37,0.2786,0.4542,2696.4,42.92,0.25,17.2,64.9,1,0
35.87,102.68,399.67,0.4624,0.7742,564.9,31.35,2.767,10.8,59.9,1,0
19.58,43.32,140.54,0.2636,0.7193,2966.5,45.81,5.704,29.9,48.8,1,0
23.27,71.13,253.46,0.29,0.2317,2033.2,11.51,0.147,17.5,53.1,1,0
6.34,18.99,48.57,0.3994,0.4051,2476.9,62.68,4.826,15.5,52.7,1,0
65.07,234.04,544.94,0.4244,0.0898,3405.6,50.01,1.505,30.1,73.4,1,0
47.19,103.98,263.89,0.2897,0.5104,476.1,42.87,0.521,11.0,57.6,1,0
46.29,136.3,353.22,0.3637,0.5908,3174.0,23.98,0.581,17.1,58.8,1,0
9.87,34.0,129.11,0.3139,0.7305,616.1,14.66,7.531,16.6,55.1,1,0
15.11,41.22,89.78,0.2335,0.5202,1496.8,29.56,0.352,16.6,53.9,1,0
21.64,77.39,301.79,0.322,0.2001,3009.7,44.69,6.047,10.3,57.7,1,0
18.27,33.41,107.35,0.32,0.3368,3190.6,43.02,2.357,33.4,34.6,1,0
52.25,174.24,494.56,0.4616,0.7435,1871.0,27.96,0.12,31.6,63.3,1,0
66.35,255.94,668.27,0.4233,0.1862,2160.5,41.8,1.874,20.4,76.7,1,0
81.55,189.99,605.24,0.4146,0.2565,2536.9,53.82,5.102,21.1,69.5,1,0
3.85,9.31,24.75,0.2642,0.6148,2948.1,6.58,3.886,23.1,55.0,1,0
32.94,56.28,166.57,0.3879,0.6044,601.0,32.04,2.013,22.0,50.2,1,0
63.07,195.76,742.98,0.4927,0.8046,2873.2,50.51,5.899,29.5,56.4,1,0
23.66,68.17,237.93,0.3867,0.3553,1788.2,37.77,0.385,22.2,60.4,1,0
15.83,25.34,96.78,0.3248,0.478,1687.1,44.09,7.222,14.7,54.3,1,0
16.65,56.28,209.65,0.2617,0.4003,1598.9,36.0,5.621,12.9,52.3,1,0
58.32,208.38,833.67,0.52,0.7461,1880.4,64.51,3.696,33.0,74.3,1,1
29.52,111.23,260.78,0.3547,0.6936,3318.7,8.28,5.109,11.2,56.4,1,0
11.77,33.71,151.24,0.3146,0.7382,2009.1,34.46,2.355,32.4,48.5,1,0
37.1,97.62,301.12,0.3823,0.2396,3345.5,10.48,3.373,27.3,55.2,1,0
33.83,124.83,466.78,0.404,0.605,795.0,14.59,2.467,20.1,52.5,1,0
34.21,85.41,310.03,0.3081,0.3582,2589.6,27.98,1.318,14.7,64.0,1,0
24.57,77.13,256.73,0.335,0.0762,2880.4,14.33,2.524,17.8,54.9,1,0
70.56,214.39,962.34,0.396,0.1621,2441.1,62.82,0.893,23.2,80.3,1,1
26.66,64.8,154.65,0.335,0.601,2202.8,61.81,1.741,26.4,34.4,1,0
70.48,121.04,355.69,0.4372,0.249,2063.9,25.17,0.989,27.3,78.5,1,0
44.1,68.52,146.96,0.2394,0.7687,3041.1,43.38,0.393,21.2,66.1,1,0
38.78,99.69,228.39,0.3518,0.6236,2911.4,37.03,1.165,19.3,60.9,1,0
27.17,73.44,273.57,0.3878,0.138,603.6,53.94,5.731,29.2,47.8,1,0
54.35,193.31,350.48,0.4105,0.6487,3000.3,42.65,1.439,33.1,53.0,1,0
32.83,83.25,349.86,0.3322,0.1678,1566.4,5.02,4.135,32.9,65.9,1,0
6.7,14.76,51.79,0.2552,0.4905,1037.2,50.79,0.578,23.8,53.9,1,0
5.86,15.57,46.57,0.2799,0.5599,3070.2,49.81,1.657,12.0,53.5,1,0
40.56,84.98,229.0,0.405,0.6998,1625.7,35.58,0.366,11.8,61.3,1,0
7.32,12.65,27.08,0.2199,0.4437,2867.6,59.18,0.448,20.1,59.0,1,0
28.45,50.71,217.45,0.2824,0.6229,1069.2,59.51,2.883,28.3,53.8,1,0
56.43,129.67,482.81,0.373,0.6389,213.0,36.43,2.806,22.4,64.2,1,0
37.6,57.59,155.98,0.2822,0.3672,1835.0,41.48,0.72,25.7,59.9,1,0
11.95,24.5,48.79,0.3076,0.4188,530.8,64.79,1.93,31.1,51.9,1,0
65.25,226.35,606.46,0.4912,0.5383,2689.4,22.93,5.97,11.0,80.3,1,0
43.7,91.18,209.58,0.2814,0.1436,1111.0,24.48,0.574,33.1,53.1,1,0
55.45,98.52,386.48,0.3695,0.7127,1664.0,15.97,0.1,18.3,51.0,1,0
26.69,103.35,386.83,0.3764,0.6059,487.2,58.75,3.167,11.2,46.4,1,0
38.27,116.97,367.87,0.3564,0.2774,1146.0,49.67,0.165,30.9,67.0,1,0
51.06,84.25,353.14,0.2912,0.8314,2778.9,11.34,11.727,33.4,64.5,1,0
72.51,120.05,274.65,0.3227,0.1736,700.2,63.91,2.822,29.2,59.0,1,0
6.59,19.98,60.35,0.2802,0.7183,2335.6,48.86,1.907,30.1,52.8,1,0
60.15,171.46,637.61,0.4584,0.1656,3227.5,56.03,1.686,31.8,65.5,1,1
71.11,118.82,235.63,0.3678,0.5676,2443.5,7.89,2.553,23.1,75.8,1,0
20.43,42.1,118.15,0.2459,0.4779,2876.4,35.3,0.285,27.0,62.5,1,0
41.97,160.42,536.37,0.3872,0.6653,559.6,46.92,7.979,17.2,82.7,1,0
45.44,133.15,371.53,0.3488,0.1389,1027.4,37.58,2.948,16.2,54.2,1,0
21.83,56.77,175.78,0.4327,0.272,3152.0,45.0,0.61,25.2,41.6,1,0
17.75,37.72,129.85,0.3404,0.1949,2559.8,54.07,2.481,28.4,60.0,1,0
46.7,85.66,239.38,0.2937,0.7028,2310.5,27.46,0.429,19.9,71.9,1,0
14.63,36.66,76.49,0.2764,0.3568,2390.4,55.92,0.1,20.0,44.2,1,0
24.57,93.51,203.53,0.3215,0.5954,1566.9,14.77,2.987,33.9,47.2,1,0
50.31,81.6,262.98,0.3704,0.697,347.0,21.25,3.136,23.0,67.8,1,0
73.89,293.89,667.67,0.4569,0.6979,2788.7,7.6,2.629,34.7,85.9,2,0
43.49,87.83,369.1,0.3834,0.104,2439.8,26.87,0.608,31.6,56.0,2,0
33.38,84.17,341.09,0.3573,0.8,1760.3,27.79,2.775,26.0,60.7,2,0
17.13,27.62,75.75,0.3083,0.1585,3169.2,53.32,0.175,10.2,39.9,2,1
4.77,14.14,57.18,0.3049,0.6187,1309.3,44.19,2.819,17.4,49.8,2,0
57.78,156.52,507.05,0.3116,0.5934,1171.3,31.2,2.422,20.4,66.4,2,0
26.2,82.98,184.99,0.3337,0.1273,3080.2,44.13,3.195,26.3,69.6,2,0
58.81,167.99,580.98,0.3866,0.1722,2830.1,8.17,6.775,19.9,62.0,2,0
21.8,54.4,197.72,0.2566,0.457,1899.4,15.82,5.699,30.7,62.0,2,0
13.81,46.18,93.57,0.4395,0.3341,631.4,42.62,11.836,26.6,48.0,2,0
40.56,63.38,167.88,0.3489,0.7769,909.7,43.48,11.219,18.7,62.9,2,0
28.13,80.23,145.58,0.3296,0.4374,2365.6,51.45,4.439,29.6,75.1,2,0
0.1,0.18,0.47,0.2815,0.7047,1470.6,29.18,9.399,17.6,64.4,2,0
75.47,195.48,528.9,0.4416,0.3449,2960.4,48.35,6.059,11.6,88.3,2,1
14.36,49.96,174.93,0.2766,0.8531,3334.9,46.04,3.901,14.3,57.5,2,0
53.23,98.8,230.94,0.3302,0.7555,2858.6,62.8,0.235,10.1,64.3,2,1
51.09,196.14,368.99,0.3257,0.7085,1445.9,17.91,0.151,30.8,67.6,2,0
1.45,5.39,14.29,0.3389,0.141,2802.7,38.1,5.453,25.7,54.2,2,0
4.98,12.63,50.9,0.2688,0.528,1359.8,41.11,2.018,24.3,54.6,2,0
22.5,34.09,98.09,0.3746,0.1268,751.4,64.92,5.056,26.6,51.1,2,0
8.4,29.18,85.22,0.312,0.3564,310.2,17.07,1.126,26.3,46.5,2,0
73.2,271.01,831.0,0.5038,0.5586,1472.9,36.39,1.521,24.1,67.2,2,0
25.03,48.49,185.7,0.3569,0.694,3181.7,25.77,3.614,31.1,66.1,2,0
52.28,198.18,613.57,0.4749,0.069,988.7,36.55,7.407,21.0,75.1,2,0
42.88,162.31,332.16,0.3192,0.4219,881.5,18.93,0.276,30.1,88.3,2,0
36.64,98.13,231.32,0.3912,0.568,3400.4,7.86,5.93,29.7,64.4,2,0
31.05,108.51,250.37,0.2566,0.2021,282.5,39.35,4.725,15.0,53.0,2,0
60.97,159.27,505.08,0.4025,0.375,2793.1,25.15,1.137,21.3,64.5,2,0
9.41,27.39,51.51,0.2829,0.6087,1260.5,15.92,1.317,30.9,51.6,2,0
73.2,168.32,431.88,0.3156,0.118,323.7,24.44,0.143,30.8,84.0,2,0
2.14,4.07,13.99,0.2581,0.6558,3228.7,7.96,0.1,10.6,56.5,2,0
49.58,166.89,460.22,0.3594,0.4923,660.8,62.03,1.945,15.6,54.1,2,0
5.09,7.65,28.4,0.2958,0.6472,2020.9,39.87,0.301,20.6,51.1,2,0
22.15,65.31,186.54,0.3108,0.1888,1104.4,53.89,0.647,11.2,44.9,2,0
32.37,118.54,526.77,0.4087,0.6932,415.1,30.39,5.627,16.5,64.5,2,0
17.87,36.69,161.69,0.2906,0.121,364.7,59.2,2.539,16.5,49.7,2,0
25.5,59.47,235.46,0.3229,0.3241,581.3,34.0,3.012,15.4,52.8,2,0
4.64,13.76,60.23,0.2975,0.23,435.5,39.44,0.623,19.9,36.4,2,0
5.35,11.33,26.66,0.3144,0.7086,2709.8,34.51,5.292,30.3,57.7,2,0
42.5,153.78,588.59,0.4594,0.5944,1802.4,49.0,6.074,16.1,72.4,2,0
30.78,74.38,198.49,0.3821,0.1428,1331.5,39.0,2.223,24.6,53.7,2,0
12.78,37.74,141.84,0.3401,0.0814,1580.6,21.3,7.31,23.9,52.5,2,0
63.15,130.42,366.4,0.3943,0.2441,3265.5,13.73,5.59,30.4,65.1,2,0
0.46,0.74,1.9,0.316,0.2608,3205.5,41.37,3.943,19.8,48.4,2,0
21.0,40.62,178.26,0.3197,0.5918,2561.7,34.35,3.974,15.6,49.7,2,0
17.4,28.11,66.52,0.3582,0.6231,3119.5,10.76,0.334,32.3,46.4,2,0
45.41,121.33,466.88,0.347,0.6423,1254.8,28.74,0.948,30.8,74.6,2,0
31.24,92.69,335.67,0.2643,0.7654,1457.7,35.89,0.208,25.5,38.3,2,0
27.33,44.06,115.4,0.2709,0.5426,2225.3,54.61,0.1,12.3,62.2,2,0
16.07,27.73,84.24,0.3869,0.05,2258.0,9.57,0.517,10.4,57.1,2,0
51.66,140.21,306.49,0.3461,0.3786,1789.6,25.91,6.373,14.6,78.7,2,0
24.59,86.03,368.82,0.387,0.437,1522.2,54.36,0.823,14.9,55.5,2,0
32.93,101.1,446.24,0.375,0.3772,3454.4,43.91,10.535,13.4,56.9,2,0
11.32,19.95,75.37,0.3431,0.5553,2909.7,22.4,2.729,16.6,46.9,2,0
7.39,27.49,112.55,0.3259,0.8138,1635.4,55.72,0.813,18.4,55.1,2,0
67.52,256.15,518.21,0.3995,0.6611,2600.1,34.6,2.062,28.9,64.6,2,0
14.29,33.05,93.75,0.3493,0.2206,1089.6,34.9,0.742,27.7,45.3,2,0
3.68,11.2,30.16,0.2827,0.3229,530.6,63.6,12.401,12.6,45.2,2,0
67.05,183.1,608.89,0.4396,0.695,1363.0,61.83,5.637,34.4,62.5,2,0
46.06,177.55,407.5,0.3722,0.7038,1529.8,26.51,0.1,28.8,55.8,2,0
21.9,60.71,201.63,0.3347,0.3426,254.6,13.43,8.857,14.1,57.3,2,0
61.2,238.69,851.36,0.4282,0.5888,2888.8,24.54,3.83,13.1,66.8,2,0
41.21,82.35,177.66,0.3245,0.5074,1385.3,6.83,0.258,12.2,66.8,2,0
35.86,84.76,182.71,0.3092,0.4147,2115.4,6.25,3.332,28.3,61.9,2,0
35.68,123.21,233.56,0.4029,0.1384,444.1,28.73,3.123,15.9,51.1,2,0
41.67,144.14,555.56,0.3262,0.6784,777.5,61.46,0.741,11.8,45.5,2,1
42.68,142.15,382.91,0.4205,0.6535,3136.0,57.28,4.262,20.5,54.4,2,0
84.94,309.94,746.54,0.3611,0.1004,2208.7,35.69,0.273,27.7,81.6,2,1
25.17,81.95,319.68,0.3904,0.5488,3335.9,38.91,2.017,17.6,63.5,2,0
25.94,80.15,175.28,0.2929,0.6678,3495.9,5.36,0.1,22.1,65.7,2,0
0.88,2.34,6.91,0.3297,0.8076,1427.1,17.93,10.396,14.8,57.0,2,0
28.74,76.67,292.2,0.352,0.1597,1186.1,6.49,4.178,20.7,67.3,2,0
76.61,192.71,645.45,0.3566,0.7897,3032.6,50.27,0.519,19.0,76.2,2,0
54.65,166.71,549.46,0.4771,0.1418,3495.4,13.74,1.254,20.8,80.8,2,0
16.45,41.39,92.1,0.3571,0.5532,2277.8,57.14,0.525,21.6,57.3,2,0
30.79,57.54,131.68,0.3513,0.5519,2824.0,43.6,4.365,12.3,75.2,2,0
2.37,4.19,14.13,0.2708,0.3439,2779.8,18.77,0.182,12.3,45.7,2,0
5.81,22.15,41.27,0.3488,0.4273,1372.6,14.46,5.505,16.5,46.5,2,0
33.77,52.75,218.74,0.2793,0.7711,2095.1,42.66,8.552,12.9,58.6,2,0
17.68,31.18,85.62,0.2056,0.6663,2949.1,59.05,3.387,16.3,55.0,2,0
3.92,10.25,29.99,0.2278,0.489,2470.8,48.1,0.718,10.6,48.6,2,0
42.28,91.22,227.85,0.2992,0.1412,269.8,25.91,1.339,18.8,67.0,2,0
27.98,70.37,293.22,0.3205,0.05,1311.1,40.24,1.946,15.3,57.6,2,0
9.15,16.41,58.01,0.2898,0.1781,676.8,23.65,2.784,32.3,47.9,2,0
21.84,39.91,120.31,0.3044,0.7799,968.8,64.95,3.314,31.5,53.4,2,0
15.79,55.29,186.89,0.3046,0.6751,3188.1,49.93,2.424,17.5,64.5,2,0
9.67,32.85,92.86,0.2126,0.8142,321.7,41.86,1.298,21.9,55.4,2,0
16.68,29.37,89.8,0.3274,0.1368,925.3,30.4,6.647,33.9,41.6,2,0
58.26,184.66,510.71,0.3882,0.5433,1221.6,42.09,0.255,23.1,79.6,2,0
27.6,83.43,242.69,0.3134,0.1955,2235.7,25.5,1.884,31.2,61.7,2,0
23.4,76.84,203.66,0.4104,0.6961,1962.5,6.73,4.483,30.7,62.1,2,0
25.33,68.04,136.73,0.3151,0.3291,920.3,28.71,0.188,33.5,65.0,2,0
1.59,3.47,6.59,0.3042,0.2205,742.0,60.83,3.666,17.6,58.3,2,0
40.31,127.36,289.11,0.3972,0.4344,981.4,42.58,5.14,11.1,54.7,2,0
26.77,65.01,161.19,0.2575,0.2449,1858.3,10.04,3.244,12.6,49.5,2,0
11.1,22.73,95.58,0.3179,0.5453,1094.9,58.1,0.1,24.3,72.5,2,0
14.85,37.44,129.19,0.3653,0.6476,3327.1,21.13,0.596,23.3,48.9,2,0
0.65,2.21,9.68,0.2974,0.6193,1730.8,19.63,1.256,17.5,53.2,2,0
19.88,53.47,145.29,0.2637,0.7962,394.0,22.83,0.799,16.2,69.0,2,0
24.05,54.1,156.06,0.3069,0.378,2606.6,39.63,9.862,27.7,53.7,2,0
19.23,68.84,257.71,0.3607,0.46,1285.2,37.68,3.163,18.5,52.9,2,0
31.42,116.38,391.06,0.2724,0.7566,2356.5,34.48,1.057,25.1,66.8,2,0
28.08,72.52,233.91,0.2788,0.4354,1122.7,48.05,7.965,27.8,60.1,2,0
35.81,87.25,292.65,0.4568,0.1611,2083.5,23.99,4.048,20.8,64.7,2,0
53.62,162.55,548.96,0.4333,0.584,2748.1,51.92,1.005,14.8,65.4,2,1
44.86,73.8,285.42,0.4309,0.1463,3262.4,15.52,1.429,31.5,59.2,2,0
53.9,174.02,627.13,0.4679,0.241,1061.7,51.96,0.667,12.3,63.5,2,1
8.85,30.57,134.03,0.3463,0.2299,1305.0,44.83,10.629,30.7,62.2,2,0
17.32,43.2,188.32,0.322,0.1724,1732.1,45.99,2.185,30.9,52.8,2,0
46.38,89.81,263.98,0.3715,0.05,3259.7,33.89,6.792,24.3,67.3,2,0
46.83,73.61,139.6,0.4002,0.1393,3174.6,45.02,1.276,25.7,56.3,2,0
13.07,40.44,74.0,0.356,0.3675,496.6,9.79,5.916,19.0,70.2,2,0
45.76,99.42,212.03,0.3505,0.2043,635.4,56.09,0.166,31.0,66.3,3,1
6.89,18.32,36.67,0.2987,0.1663,1835.2,8.33,12.067,16.6,54.8,3,0
42.5,104.8,294.3,0.3834,0.5401,551.8,13.92,7.292,24.0,70.2,3,0
29.82,57.76,112.22,0.2957,0.2566,1340.4,39.61,1.354,10.0,55.1,3,0
4.14,11.46,39.97,0.3329,0.076,689.7,49.36,4.471,33.5,60.8,3,0
19.62,51.98,120.26,0.289,0.4138,2298.9,9.58,4.186,33.7,43.8,3,0
85.03,260.23,829.53,0.4471,0.1929,3333.3,60.25,6.946,27.8,70.6,3,1
35.54,75.7,157.33,0.2799,0.3111,3489.2,63.42,1.101,20.6,54.3,3,0
87.99,179.19,723.02,0.4217,0.3465,1438.3,41.36,1.879,14.5,61.4,3,0
5.62,19.88,77.66,0.2812,0.6477,2176.7,33.87,6.007,22.3,47.5,3,0
49.24,160.31,455.85,0.4752,0.5768,3025.7,49.48,4.523,29.8,64.4,3,0
32.88,112.81,480.4,0.3507,0.7669,587.6,24.7,1.5,25.1,51.1,3,0
30.47,55.09,126.79,0.3444,0.3647,2475.6,34.6,5.607,23.2,49.3,3,0
46.26,95.29,380.93,0.3283,0.3419,1549.2,59.97,0.144,31.2,64.2,3,1
51.42,151.12,494.74,0.4006,0.2731,880.3,62.34,4.57,17.8,64.8,3,1
10.49,38.23,102.82,0.3349,0.6506,1529.1,60.62,0.695,31.5,51.0,3,0
56.45,210.58,427.01,0.2923,0.2457,450.7,20.75,1.011,21.0,56.8,3,0
17.13,61.33,138.76,0.2577,0.4988,2494.8,18.95,2.039,10.1,52.0,3,0
26.37,42.42,175.18,0.2871,0.4066,1034.1,22.86,1.792,28.3,52.6,3,0
19.64,69.77,239.91,0.2825,0.5837,1227.6,31.48,2.205,31.9,56.6,3,0
2.06,7.74,18.88,0.308,0.729,599.6,23.85,2.361,22.1,46.1,3,0
69.72,114.47,359.29,0.3835,0.7199,3053.4,27.45,1.208,21.4,70.6,3,0
31.68,80.48,168.29,0.2803,0.2201,1828.4,42.24,0.578,30.1,49.0,3,0
57.66,163.84,338.63,0.3735,0.2307,2088.1,50.75,4.389,32.1,56.1,3,0
56.59,117.82,500.84,0.3783,0.6847,2079.1,49.13,1.532,34.4,71.4,3,0
6.28,17.52,53.2,0.3056,0.5349,1554.6,53.87,2.115,18.6,58.0,3,0
60.88,226.15,627.86,0.3933,0.3797,835.3,6.93,3.104,24.9,65.1,3,0
43.06,157.92,688.91,0.4613,0.5753,2658.9,7.86,7.212,30.6,63.1,3,0
4.45,17.14,49.31,0.3915,0.5029,619.3,52.36,3.688,23.3,47.7,3,0
41.7,113.01,306.01,0.3995,0.8348,542.8,36.98,0.14,21.5,71.3,3,0
4.9,12.38,31.41,0.3759,0.5715,2543.5,39.69,5.471,24.3,49.8,3,0
70.64,223.53,743.37,0.3776,0.4996,889.2,8.16,13.628,18.9,67.2,3,0
50.82,129.18,427.28,0.3511,0.4733,1212.4,20.32,1.919,14.8,73.0,3,0
28.7,46.05,84.91,0.3451,0.6775,1768.3,43.3,10.479,11.7,52.4,3,0
62.09,204.9,730.67,0.5206,0.5308,1682.9,56.55,2.378,25.2,69.9,3,1
9.07,19.99,78.52,0.3481,0.5633,2538.3,60.02,1.846,19.5,44.3,3,0
11.74,19.05,65.98,0.2618,0.7745,2257.3,35.03,1.208,32.1,58.8,3,0
24.16,37.49,155.54,0.3092,0.548,2326.5,37.73,3.215,15.6,63.8,3,0
86.37,330.65,841.93,0.4839,0.3356,2556.4,54.98,0.783,17.8,65.6,3,1
3.71,7.91,18.34,0.2954,0.6416,1165.6,37.26,0.333,34.3,39.6,3,0
12.21,31.98,117.78,0.2835,0.6066,1263.7,36.01,0.1,23.9,56.0,3,0
5.63,21.84,50.44,0.2955,0.1589,1645.4,59.31,1.038,18.7,67.2,3,0
53.13,141.79,290.11,0.3569,0.4319,1214.6,52.4,1.511,31.5,73.0,3,0
15.62,26.5,54.61,0.2566,0.6576,3450.3,59.54,2.409,28.6,53.0,3,0
26.5,76.31,295.67,0.408,0.3888,2886.4,18.09,1.039,24.3,51.1,3,0
49.55,85.24,160.05,0.3098,0.6554,743.4,36.46,12.417,32.2,55.1,3,0
26.52,46.09,118.98,0.32,0.4074,218.5,55.55,1.035,12.3,63.7,3,0
35.58,129.1,277.42,0.4069,0.7516,341.2,11.67,1.745,19.9,68.1,3,0
43.86,97.51,374.28,0.3681,0.3079,1005.4,52.68,0.327,30.3,58.1,3,1
19.71,63.0,199.04,0.3886,0.1785,577.2,15.98,0.906,19.6,53.9,3,0
26.32,72.96,171.8,0.2827,0.4217,1960.0,53.49,0.149,33.2,58.3,3,1
36.52,75.09,287.29,0.3787,0.5034,3031.4,41.72,2.46,13.8,75.5,3,0
52.18,145.82,557.9,0.4528,0.3242,2631.3,16.59,4.172,18.4,66.2,3,0
10.67,17.84,57.3,0.2699,0.2604,911.5,33.4,0.653,20.6,45.4,3,0
45.04,106.66,271.42,0.345,0.6548,1517.7,45.91,1.376,27.2,54.3,3,0
47.46,133.24,450.73,0.3817,0.3504,1876.1,43.03,0.1,14.9,56.9,3,1
53.67,111.14,480.2,0.4059,0.4014,2873.7,30.63,5.489,10.2,76.2,3,0
35.48,111.76,216.76,0.3668,0.5332,2969.1,58.96,4.542,34.4,64.7,3,0
37.18,60.59,152.73,0.2848,0.6998,3202.1,36.16,0.196,32.5,58.4,3,0
16.37,44.39,114.05,0.3197,0.276,1880.5,35.35,1.362,17.5,31.5,3,0
42.98,141.29,495.36,0.478,0.4626,2491.1,8.74,9.322,22.1,56.1,3,0
51.8,133.39,474.61,0.447,0.333,568.9,60.33,1.493,22.2,68.3,3,1
31.89,117.55,277.07,0.3947,0.7112,2065.5,15.63,2.241,31.7,62.4,3,0
92.76,285.73,681.04,0.4257,0.7005,1020.7,36.7,1.317,24.9,80.6,3,0
8.62,33.58,144.6,0.4352,0.3173,1624.7,53.21,2.72,30.7,41.8,3,0
34.55,76.36,293.39,0.4098,0.099,2292.4,17.93,11.472,32.8,61.8,3,0
1.12,4.29,18.56,0.3056,0.2612,1048.1,36.64,17.977,24.1,42.5,3,0
52.47,158.31,639.58,0.4381,0.4628,372.2,19.44,4.471,17.1,65.8,3,0
9.06,30.48,87.94,0.2945,0.5426,233.8,50.58,1.554,22.5,46.6,3,0
2.87,10.79,22.97,0.3242,0.5445,273.1,38.86,2.046,31.3,59.4,3,0
14.65,42.15,147.51,0.359,0.3798,227.6,56.36,1.324,24.6,57.1,3,0
37.12,135.69,373.2,0.4093,0.6567,564.2,58.67,12.716,32.4,60.0,3,0
15.59,44.49,131.19,0.317,0.8434,990.3,43.92,3.691,32.4,65.7,3,0
15.84,47.48,140.07,0.2541,0.4985,930.0,48.52,1.788,19.3,51.8,3,0
25.95,67.81,293.51,0.3704,0.2236,3456.4,37.95,0.1,21.2,46.5,3,0
24.42,45.52,90.4,0.3533,0.4913,1209.8,28.07,2.205,26.9,65.8,3,0
67.66,195.12,452.94,0.3411,0.4523,620.5,43.89,12.392,12.8,72.3,3,0
47.62,187.81,646.32,0.4239,0.6944,2000.4,59.5,2.221,21.6,61.7,3,0
22.36,77.54,324.61,0.4316,0.3811,3031.3,30.0,0.604,13.7,51.6,3,0
82.9,279.27,1194.84,0.4772,0.33,2437.6,23.86,0.1,31.2,79.0,3,1
42.77,132.93,439.79,0.3732,0.584,1177.1,28.31,1.314,33.6,69.3,3,0
6.25,14.81,28.05,0.3799,0.4879,2053.3,31.12,7.511,13.5,45.7,3,0
36.89,70.97,197.29,0.3471,0.5971,2559.0,9.41,17.012,26.7,65.6,3,0
43.86,90.42,387.06,0.3506,0.1221,2602.7,34.91,8.721,25.9,65.2,3,0
13.28,20.14,63.43,0.3122,0.5294,2399.6,34.66,3.922,29.0,47.3,3,0
4.16,13.25,49.85,0.3512,0.2178,3073.7,40.31,2.45,27.4,51.3,3,0
32.64,115.2,291.08,0.3477,0.3024,3071.3,26.77,2.68,15.4,55.4,3,0
21.47,46.64,87.1,0.3472,0.6449,2110.5,41.79,2.323,17.3,66.4,3,0
67.45,116.67,392.19,0.3897,0.211,1618.5,57.69,3.683,14.1,65.0,3,0
49.0,114.64,464.78,0.4082,0.2899,2317.2,62.33,1.628,33.0,76.8,3,1
14.46,32.24,144.22,0.3617,0.6563,2900.1,40.02,3.319,23.0,55.4,3,0
41.12,108.04,441.43,0.373,0.5404,218.7,7.56,0.389,34.4,48.4,3,0
62.15,134.27,442.51,0.3407,0.1446,3473.6,63.15,0.926,21.2,51.3,3,1
4.37,10.27,35.36,0.3307,0.5706,803.5,47.35,5.424,23.8,49.6,3,0
4.91,18.49,74.42,0.3082,0.2188,1751.8,25.16,7.022,29.7,62.1,3,0
30.2,70.57,130.8,0.3036,0.2229,3077.7,13.83,2.323,29.9,68.9,3,0
31.36,108.64,474.7,0.4206,0.3584,942.6,13.61,0.1,15.8,60.7,3,0
29.17,89.39,289.12,0.4213,0.1722,1773.4,15.06,7.851,17.2,52.9,3,0
22.71,53.22,232.59,0.3385,0.79,637.5,7.73,3.633,12.4,53.5,3,0
22.32,79.12,305.75,0.3612,0.258,1503.8,59.13,1.603,30.1,58.4,3,0
40.08,119.75,264.8,0.2935,0.5769,784.5,37.45,2.737,29.8,70.7,3,0
58.82,89.5,201.04,0.3288,0.7389,1400.0,47.0,1.685,12.0,72.2,3,0
18.45,30.85,84.98,0.3279,0.8329,1432.4,54.69,1.878,16.4,63.3,3,0
91.43,309.2,776.94,0.4533,0.3021,3477.5,52.49,6.536,21.2,82.6,3,0
79.49,207.98,621.04,0.4053,0.6663,3482.9,57.96,0.527,23.5,81.4,3,1
63.71,160.14,549.38,0.4454,0.7545,578.8,63.04,0.328,23.1,51.0,3,1
46.04,85.84,255.69,0.3537,0.2152,2595.7,31.34,0.1,34.6,56.7,3,0
80.67,152.74,298.2,0.4887,0.3306,370.8,62.02,1.131,29.1,65.4,3,1
23.22,81.15,359.82,0.3819,0.0776,299.6,48.4,0.478,12.8,47.4,3,0
9.66,34.51,101.73,0.1829,0.5412,547.6,9.24,0.745,17.3,52.9,3,0
17.33,50.24,205.89,0.2853,0.52,3386.1,45.91,0.1,18.6,43.6,3,0
5.4,12.09,24.17,0.3314,0.2844,3304.8,46.2,0.773,17.9,44.1,3,0
33.52,128.44,512.11,0.3696,0.6838,840.0,59.35,1.214,29.6,59.3,3,0
37.97,116.19,263.53,0.3233,0.0766,733.5,27.38,0.1,19.0,48.6,3,0
35.5,123.94,450.44,0.3275,0.6867,993.8,40.09,2.809,22.3,56.8,3,0
30.16,45.49,163.18,0.3086,0.1029,1901.3,5.73,2.524,23.3,64.2,3,0
33.8,88.76,377.81,0.3848,0.5517,2080.0,24.92,0.306,16.8,50.3,3,0
73.88,271.69,724.29,0.4632,0.1029,931.3,8.73,2.712,18.1,78.5,3,0
45.98,107.84,225.84,0.2939,0.1423,2696.9,36.31,19.832,29.5,57.3,3,0
53.54,177.55,734.05,0.4861,0.6432,1221.5,54.05,8.672,31.7,68.2,3,0
35.24,110.82,298.68,0.2998,0.3081,3243.0,17.39,0.1,10.9,51.7,3,0
9.91,18.65,45.27,0.3309,0.55,2367.2,36.65,4.76,25.1,56.6,3,0
14.87,51.12,159.12,0.3485,0.7334,1640.0,17.24,1.309,25.8,52.0,3,0
82.54,147.04,322.69,0.3174,0.0965,2806.7,12.24,0.197,28.4,78.5,3,0
20.21,67.1,174.58,0.282,0.5961,2899.1,35.66,1.053,27.3,51.7,4,0
18.09,71.95,204.35,0.3597,0.05,1158.6,9.75,1.165,31.9,59.9,4,0
39.65,154.43,393.58,0.3502,0.15,1321.1,40.24,2.222,12.0,68.7,4,0
47.27,165.47,499.0,0.3896,0.1209,3288.7,6.88,3.246,19.7,65.1,4,0
50.43,143.03,406.01,0.415,0.8556,743.6,11.4,4.148,29.6,61.3,4,0
77.87,248.17,965.73,0.5158,0.2287,339.1,38.0,0.847,31.2,71.5,4,1
71.03,235.83,1009.27,0.4547,0.7772,1698.4,40.48,1.165,16.6,61.2,4,0
13.23,20.13,41.72,0.3056,0.862,2844.0,6.74,1.106,24.6,55.6,4,0
57.73,101.36,407.77,0.3343,0.3715,2746.5,39.4,1.352,14.5,72.3,4,0
23.91,71.54,308.75,0.4048,0.4891,3234.5,55.31,23.927,31.3,69.7,4,0
30.07,45.6,166.6,0.4099,0.7291,1959.6,48.34,4.514,28.3,69.5,4,0
6.16,23.23,104.31,0.2785,0.4519,530.2,12.87,11.065,15.6,44.0,4,0
8.82,24.02,64.98,0.3114,0.145,2142.7,40.55,3.544,25.6,54.3,4,0
32.72,70.16,283.59,0.4022,0.4213,2768.7,45.34,1.564,22.7,58.8,4,0
9.61,23.87,86.39,0.3184,0.6435,508.0,7.23,1.482,16.5,62.6,4,0
56.7,205.66,549.78,0.4373,0.7305,769.8,56.32,2.012,32.3,61.3,4,0
26.48,101.1,374.35,0.377,0.2019,240.6,59.38,1.618,13.7,65.0,4,0
41.22,73.81,234.43,0.2937,0.2013,2159.1,56.03,5.286,21.7,54.5,4,0
67.7,233.21,538.76,0.413,0.7429,3126.2,54.48,1.876,24.6,69.5,4,0
3.62,10.68,24.23,0.3612,0.1273,2413.2,49.7,1.051,30.6,44.0,4,0
15.39,45.62,169.99,0.3495,0.7456,3440.7,43.01,4.473,13.8,38.9,4,0
38.03,131.15,488.17,0.4782,0.1875,408.0,45.72,5.781,25.2,54.2,4,0
41.32,85.0,274.82,0.266,0.6119,3179.9,53.38,1.636,10.2,60.3,4,0
61.1,172.75,544.83,0.4272,0.7522,2886.4,44.75,3.306,30.6,79.7,4,0
55.19,126.84,289.97,0.3252,0.2762,1237.0,24.66,0.182,15.9,57.9,4,0
35.93,62.39,184.61,0.2929,0.167,3412.6,27.56,2.262,28.0,55.9,4,0
41.09,72.43,300.8,0.4265,0.4367,1150.2,58.82,0.138,25.0,50.8,4,1
41.78,76.93,316.02,0.35,0.2482,3134.7,6.03,0.1,11.3,71.8,4,0
3.24,9.83,35.22,0.2894,0.3583,3106.5,46.93,2.847,14.6,47.3,4,0
29.6,52.23,234.66,0.3638,0.5538,2700.3,62.29,1.084,16.7,56.2,4,0
39.72,116.19,489.34,0.2896,0.218,2059.5,47.37,4.071,32.2,59.1,4,0
44.97,133.6,292.87,0.4259,0.3397,596.0,64.63,6.792,22.0,47.9,4,0
10.4,39.1,112.51,0.4176,0.6497,1955.5,46.25,0.45,32.8,41.4,4,0
1.79,5.48,11.82,0.3481,0.6666,1377.4,7.06,3.868,11.2,42.9,4,0
27.64,109.58,335.15,0.3872,0.3483,2814.3,54.62,2.168,10.2,63.2,4,0
82.69,130.45,508.24,0.3902,0.5725,2701.8,22.08,0.357,33.7,54.8,4,0
13.03,42.47,94.31,0.265,0.6561,3205.0,31.76,3.163,28.1,58.2,4,0
62.86,98.45,411.22,0.4414,0.4397,248.9,23.73,2.821,29.6,71.6,4,0
73.13,243.03,810.86,0.5069,0.2624,2870.0,21.11,2.175,32.9,57.4,4,0
34.64,85.39,326.36,0.3873,0.05,3296.9,30.88,7.83,34.6,57.9,4,0
16.51,50.0,96.1,0.3358,0.5871,2804.7,27.73,2.209,12.4,64.3,4,0
46.33,105.34,216.31,0.358,0.7064,629.6,43.0,13.974,14.0,55.3,4,0
38.38,72.84,253.22,0.324,0.5532,468.2,53.79,2.135,14.7,57.1,4,0
12.03,39.81,161.73,0.4572,0.1306,268.8,22.83,0.369,30.5,75.7,4,0
17.04,64.09,266.57,0.3387,0.5593,2274.9,17.82,1.907,18.9,57.7,4,0
44.85,87.85,321.42,0.3425,0.6316,2277.9,45.01,0.604,24.8,61.4,4,0
56.84,216.11,506.24,0.4566,0.2644,3456.8,45.22,2.727,31.4,63.2,4,0
25.44,47.07,109.52,0.3203,0.2881,1513.5,59.07,3.544,27.1,60.6,4,0
31.78,106.12,443.53,0.3872,0.5111,1295.3,5.96,1.896,11.6,65.0,4,0
50.22,195.8,412.31,0.4526,0.7405,2260.6,56.18,0.308,21.1,47.8,4,0
29.2,54.55,199.24,0.3735,0.1435,2924.5,36.26,1.897,11.7,40.9,4,0
26.02,67.34,218.23,0.3798,0.5587,3291.4,42.28,0.255,22.0,49.8,4,0
14.62,34.27,100.69,0.2491,0.5783,2850.3,10.48,3.438,15.5,53.2,4,0
14.19,35.07,104.81,0.3409,0.548,1608.0,30.96,4.687,10.0,54.9,4,0
100.23,339.06,1475.62,0.5429,0.5601,2295.2,18.64,9.841,30.3,66.4,4,0
28.6,90.18,372.09,0.3512,0.5903,3025.8,20.25,0.483,34.2,56.9,4,0
67.63,265.24,1096.9,0.5267,0.1116,1819.0,35.25,2.281,34.1,69.7,4,0
75.61,148.47,430.25,0.3837,0.2374,915.1,53.75,2.515,17.5,65.9,4,0
28.92,82.65,172.65,0.367,0.509,760.1,49.63,7.672,30.7,54.4,4,0
42.72,112.04,503.54,0.4386,0.0618,200.5,40.46,2.961,27.0,57.0,4,0
36.07,136.96,300.28,0.4019,0.5742,2570.2,37.37,0.472,30.0,64.5,4,0
6.8,10.38,33.12,0.2394,0.5616,566.6,30.64,1.72,31.2,52.1,4,0
5.29,21.02,52.86,0.4286,0.2823,1004.7,63.36,3.191,34.5,42.4,4,0
34.73,93.75,298.02,0.358,0.5385,1183.0,38.61,3.615,13.8,68.1,4,0
22.88,70.12,183.94,0.3972,0.4644,2049.3,20.24,5.965,29.2,45.9,4,0
80.8,193.92,818.67,0.3369,0.2637,1513.3,18.81,0.597,28.4,60.5,4,0
27.59,100.2,442.34,0.3746,0.4021,2426.4,41.68,9.081,17.2,56.3,4,0
82.28,239.02,694.88,0.365,0.7603,383.6,36.37,0.183,19.8,72.7,4,0
21.6,68.19,135.66,0.2839,0.4084,609.0,5.46,12.361,14.4,57.1,4,0
81.31,253.88,911.68,0.4837,0.5128,1847.4,54.8,5.851,32.8,64.9,4,1
46.17,111.26,313.42,0.3455,0.05,1312.0,47.25,3.239,32.0,71.0,4,0
47.59,80.43,358.87,0.437,0.1067,1176.2,44.71,3.984,25.4,78.0,4,0
20.71,72.9,148.81,0.418,0.1533,421.2,9.13,0.226,22.8,56.0,4,0
47.93,106.61,226.19,0.2966,0.6947,3155.9,26.72,0.127,15.8,66.9,4,0
75.83,274.67,1013.09,0.4769,0.283,2483.0,61.12,0.322,29.7,55.8,4,1
29.89,90.31,347.53,0.3175,0.2967,601.3,56.76,0.274,10.2,55.5,4,1
25.02,59.66,183.28,0.3942,0.6017,414.7,22.13,2.378,21.6,51.9,4,0
27.34,81.62,208.03,0.3493,0.2212,3417.1,14.42,0.728,31.5,51.3,4,0
74.01,230.45,607.58,0.4223,0.1974,2447.9,31.95,5.903,25.5,66.9,4,0
54.89,179.31,486.4,0.4123,0.4543,1577.6,26.35,1.77,25.9,62.0,4,0
69.7,247.84,596.87,0.403,0.3583,2515.7,45.93,3.567,11.8,59.3,4,0
41.35,78.54,321.74,0.3211,0.5186,2695.9,62.99,3.174,17.2,58.5,4,0
34.49,133.15,263.06,0.3548,0.2977,2773.9,26.78,1.156,26.8,52.0,4,0
44.11,111.46,323.2,0.3509,0.2819,1777.0,8.73,0.836,11.2,69.5,4,0
60.26,220.02,840.17,0.4843,0.7155,1618.6,58.86,1.258,18.3,70.7,4,0
27.33,56.06,101.49,0.2386,0.7508,236.4,7.28,4.779,18.8,60.9,4,0
67.72,106.5,444.19,0.3976,0.7069,3257.6,62.17,2.648,22.5,78.1,4,1
42.65,125.12,463.81,0.3577,0.6395,2190.9,44.87,0.877,19.1,56.2,4,0
26.65,61.6,123.09,0.332,0.512,870.4,61.5,5.109,21.4,60.2,4,0
55.6,220.22,928.56,0.5297,0.5595,3234.7,16.98,0.169,23.7,75.2,4,0
1.7,2.99,9.33,0.274,0.4714,3219.3,7.44,3.604,13.2,43.3,4,0
54.99,88.98,316.87,0.4228,0.6489,3464.3,34.29,1.735,14.5,50.3,4,0
56.05,90.38,377.91,0.288,0.4299,3084.4,32.04,3.942,30.8,61.3,4,0
41.76,85.27,356.36,0.448,0.107,3492.7,24.89,7.871,21.5,70.2,4,0
47.1,138.85,403.16,0.442,0.6411,1007.5,62.46,4.159,18.9,56.5,4,0
60.98,168.54,411.54,0.3374,0.606,2979.4,54.36,1.75,20.8,64.6,4,0
21.12,50.16,125.14,0.281,0.7594,2916.0,44.69,0.491,14.4,50.1,4,0
53.34,91.86,355.31,0.2958,0.182,962.1,14.77,4.925,16.0,64.5,4,0
62.58,130.45,562.15,0.4578,0.2089,524.8,49.06,1.852,22.9,60.4,4,0
77.51,151.95,303.14,0.3437,0.2974,3432.1,48.62,0.235,19.0,61.4,4,1
5.86,19.73,36.31,0.287,0.5275,1176.9,30.5,3.809,21.9,48.2,4,0
43.72,150.83,606.63,0.3644,0.2047,3073.9,60.49,1.035,13.7,61.0,4,0
9.47,32.6,92.72,0.409,0.4496,213.6,15.02,0.15,13.9,61.8,4,0
8.41,32.99,84.0,0.2681,0.2392,269.4,21.04,6.991,19.6,53.1,4,0
42.48,157.64,363.93,0.3735,0.2707,1737.4,8.79,1.98,19.5,53.4,4,0
35.44,97.28,266.1,0.3637,0.5649,987.8,52.73,0.99,32.1,54.8,4,0
62.13,157.65,697.29,0.4186,0.7589,2476.5,42.31,3.78,10.8,74.3,4,0
24.85,94.18,417.98,0.353,0.0917,2066.4,23.9,6.512,34.8,54.1,4,0
30.16,91.32,246.1,0.3304,0.4839,455.7,14.83,0.1,33.9,50.3,4,0
38.8,86.75,381.85,0.4041,0.0748,736.7,7.41,3.493,23.6,62.3,4,0
11.96,34.82,90.88,0.3007,0.1857,1480.6,15.0,4.37,28.0,47.3,4,0
15.43,61.42,252.26,0.4314,0.62,812.5,32.2,0.707,33.4,58.5,4,0
61.41,222.53,527.93,0.366,0.6097,2814.3,19.83,2.018,16.3,71.3,4,0
19.78,43.59,175.73,0.3726,0.6777,1573.0,20.54,0.281,17.9,46.8,4,0
63.07,244.86,674.61,0.3462,0.3928,508.3,57.53,4.12,12.8,83.2,4,0
48.69,192.51,448.24,0.3502,0.6966,1798.3,35.91,5.641,24.1,63.6,4,0
5.18,10.76,46.55,0.2684,0.2919,499.8,48.76,0.343,14.0,30.2,4,0
46.77,174.86,415.87,0.3274,0.158,625.5,7.14,5.086,33.3,67.1,4,0
46.57,172.68,773.26,0.4678,0.1842,990.7,26.91,4.43,20.8,43.2,4,0
44.08,70.5,147.57,0.3238,0.7156,3036.4,33.75,1.278,33.0,71.5,4,0
42.17,133.87,244.59,0.2347,0.1442,3251.2,16.19,3.516,15.1,63.1,5,0
22.22,50.29,208.75,0.4413,0.1944,2926.7,12.21,0.1,27.4,55.5,5,0
79.38,252.93,855.89,0.4789,0.5498,1302.5,57.22,8.056,26.2,73.1,5,0
43.18,163.39,480.11,0.3954,0.0839,1099.1,61.37,2.398,20.0,67.0,5,0
23.64,64.93,131.24,0.3916,0.1273,2012.2,9.73,2.905,32.5,52.6,5,0
57.16,144.95,485.91,0.446,0.0855,2582.1,25.94,3.278,20.9,66.4,5,0
27.15,103.28,295.69,0.3438,0.0791,3478.1,62.5,2.472,15.0,58.4,5,0
21.99,86.55,268.81,0.2558,0.6682,634.2,9.99,5.83,34.4,32.9,5,0
36.33,60.15,210.66,0.3701,0.576,362.7,43.62,2.823,21.0,65.0,5,0
29.09,110.73,390.65,0.3295,0.2458,2491.4,63.33,7.15,15.2,64.2,5,0
22.91,39.11,171.85,0.3961,0.1916,2946.3,63.69,2.619,19.1,59.8,5,1
65.88,154.37,550.9,0.3706,0.6374,2993.0,33.27,0.563,25.3,72.1,5,0
42.88,146.05,396.73,0.3562,0.3497,2438.9,14.76,7.345,22.8,75.0,5,0
77.03,265.18,713.32,0.3746,0.5446,3348.3,17.13,3.434,25.9,72.1,5,0
24.36,80.74,249.34,0.2864,0.4674,1886.3,58.38,3.604,26.5,56.6,5,0
2.53,4.05,10.11,0.2966,0.208,3215.6,59.7,12.697,13.1,44.9,5,0
49.44,90.59,255.15,0.3406,0.776,3393.8,41.47,0.235,17.9,48.8,5,1
92.12,353.79,1441.24,0.5626,0.4061,2995.6,50.97,1.679,28.7,80.6,5,1
59.0,100.51,414.23,0.485,0.2384,1222.2,49.4,0.82,26.3,62.7,5,0
126.11,213.92,747.66,0.4787,0.3187,847.5,44.71,2.986,12.2,71.8,5,1
54.02,193.89,654.13,0.4305,0.3442,2008.8,54.64,4.932,17.9,64.9,5,0
51.61,160.15,472.96,0.2561,0.2319,1694.9,46.12,10.172,33.3,64.0,5,0
8.16,19.42,68.3,0.3549,0.8313,3096.6,37.04,1.819,31.6,49.9,5,0
56.42,108.0,429.46,0.5351,0.7674,530.1,19.22,4.628,26.8,67.3,5,0
49.94,185.29,702.65,0.4302,0.2094,1050.5,49.63,7.469,11.8,51.8,5,0
35.54,141.12,267.53,0.3126,0.3077,2680.9,33.41,3.45,25.2,67.9,5,0
42.3,68.74,259.42,0.3597,0.5895,513.5,22.69,0.834,10.3,65.5,5,0
44.02,127.01,475.49,0.3229,0.3074,1258.5,53.12,2.808,26.5,72.5,5,0
41.22,88.76,183.5,0.3596,0.5501,1477.6,46.8,10.515,28.3,57.2,5,0
97.96,350.8,773.76,0.5287,0.4315,2254.6,61.24,13.159,22.4,82.2,5,1
36.45,86.21,338.57,0.3337,0.5477,721.8,14.93,3.085,10.1,45.3,5,0
49.95,164.18,543.3,0.376,0.6087,3040.0,43.95,6.541,26.7,57.6,5,0
35.62,101.48,407.8,0.377,0.6837,1676.9,19.65,0.671,30.5,49.0,5,0
65.31,186.37,428.44,0.3601,0.7137,3226.2,59.21,0.847,24.6,71.0,5,0
50.14,182.76,344.07,0.2927,0.3391,1744.0,10.97,9.166,27.7,55.5,5,0
38.72,103.62,231.83,0.3268,0.7065,1107.6,44.37,0.436,12.3,57.4,5,0
2.43,8.78,26.52,0.2759,0.0545,668.0,52.47,0.636,27.9,50.0,5,0
51.8,124.77,400.88,0.448,0.34,212.4,26.3,1.637,25.4,61.6,5,0
37.98,73.57,302.79,0.4179,0.0564,1956.1,62.25,2.672,18.3,50.2,5,1
44.2,116.64,435.49,0.4564,0.5999,553.6,56.04,2.778,27.1,75.7,5,0
16.16,44.37,198.52,0.3795,0.0823,1492.7,22.68,1.036,26.1,55.1,5,0
81.55,219.86,442.48,0.3982,0.6413,2144.6,5.45,7.6,25.0,87.0,5,0
67.14,236.39,508.61,0.3573,0.5572,1109.8,22.8,7.399,14.6,61.2,5,0
81.49,237.27,481.13,0.4619,0.0891,778.2,21.88,1.493,17.4,70.8,5,0
74.4,276.83,900.77,0.4964,0.5955,2756.6,58.4,1.709,34.8,72.3,5,1
60.53,168.6,424.96,0.322,0.745,3324.4,63.03,3.637,20.8,79.7,5,0
17.16,35.39,129.02,0.2799,0.567,531.5,9.23,3.263,11.5,67.7,5,0
91.81,167.43,361.36,0.3086,0.1155,713.4,33.28,1.445,32.5,73.4,5,0
22.53,82.71,171.91,0.2316,0.7424,3368.0,37.9,1.605,14.3,50.2,5,0
39.01,63.99,194.7,0.3581,0.6534,324.7,10.57,1.283,20.1,61.0,5,0
63.39,113.73,320.14,0.3017,0.3488,3426.2,27.65,0.805,16.9,77.9,5,0
64.63,107.24,433.11,0.3483,0.3168,215.3,24.02,1.838,34.1,69.8,5,0
60.03,153.63,623.95,0.4259,0.3594,3083.1,37.16,3.479,19.5,69.9,5,0
35.71,101.12,214.09,0.3331,0.6733,1214.2,44.67,4.064,27.7,69.6,5,0
30.55,47.34,189.04,0.3019,0.2364,3297.3,47.21,4.527,25.0,66.7,5,0
109.08,304.23,1011.04,0.5768,0.1099,1245.9,13.21,1.409,11.1,90.6,5,0
44.74,111.15,351.18,0.2934,0.6815,2359.2,53.78,4.34,19.6,68.4,5,0
41.68,143.12,294.24,0.2843,0.0699,464.1,45.71,0.1,19.8,73.3,5,0
27.88,99.67,378.47,0.3981,0.7562,999.7,58.34,1.945,34.7,48.6,5,0
51.84,166.52,326.56,0.3336,0.3567,2753.1,31.96,4.738,30.3,83.5,5,0
50.67,135.99,346.74,0.3356,0.4688,1944.7,58.63,2.983,31.4,73.7,5,0
45.32,92.46,190.25,0.2838,0.0881,3262.3,56.95,1.928,17.8,62.3,5,0
55.26,199.93,646.4,0.4453,0.7383,1614.9,31.3,3.104,18.2,75.5,5,0
89.81,211.43,748.9,0.4601,0.5718,3070.4,27.87,7.124,22.9,74.2,5,0
30.84,73.74,310.1,0.3676,0.7558,1681.6,60.97,2.507,25.8,63.1,5,0
46.8,177.37,670.7,0.4041,0.5732,3431.5,47.91,4.825,28.2,68.8,5,0
29.52,116.3,511.12,0.364,0.27,3367.5,60.69,11.85,30.5,65.8,5,0
53.09,198.83,766.42,0.4441,0.246,1286.2,52.82,3.668,31.8,62.2,5,0
31.51,125.9,327.94,0.4135,0.4489,3123.5,41.56,2.555,10.6,66.5,5,0
32.58,119.66,392.3,0.4564,0.5426,2997.1,11.95,0.115,29.9,56.2,5,0
9.23,30.11,91.42,0.3737,0.776,895.2,22.49,1.408,25.3,58.6,5,0
48.17,107.63,358.2,0.3965,0.3156,2260.2,63.13,2.5,23.3,64.3,5,1
56.47,219.22,733.21,0.4948,0.5422,439.9,24.17,4.787,25.7,52.3,5,0
92.23,340.48,1258.32,0.4909,0.7223,2961.1,10.6,1.729,32.0,71.8,5,0
57.46,120.77,244.46,0.3129,0.2029,776.0,47.45,9.661,23.6,74.0,5,0
34.48,93.88,358.28,0.3974,0.7002,433.7,49.04,0.952,14.1,57.9,5,0
11.73,19.65,42.99,0.3026,0.4007,1520.7,22.13,4.094,20.9,63.2,5,0
15.19,58.98,110.34,0.3388,0.5787,2103.8,22.86,1.629,33.1,44.9,5,0
13.33,39.08,125.11,0.3738,0.2853,3021.2,33.13,1.997,30.4,59.6,5,0
92.67,195.82,659.9,0.4723,0.2842,3415.0,6.31,4.866,15.1,77.4,5,0
52.92,118.06,223.61,0.2899,0.05,1650.3,52.36,1.054,27.9,63.9,5,1
31.15,123.08,392.81,0.3786,0.8547,399.5,24.03,0.305,16.4,49.9,5,0
21.72,66.02,214.13,0.2965,0.6622,2672.1,56.23,2.204,18.7,58.2,5,0
24.32,62.05,120.49,0.2851,0.2382,2065.1,53.16,2.257,21.7,49.2,5,0
30.49,83.83,311.96,0.2764,0.845,1678.0,44.68,4.786,21.0,54.1,5,0
78.63,137.31,325.13,0.3713,0.3961,1220.6,24.49,10.356,10.7,72.5,5,0
44.97,75.89,299.4,0.2702,0.7164,1857.9,35.98,0.171,29.4,60.6,5,0
9.53,28.43,75.03,0.3346,0.1261,1317.6,31.69,2.687,31.2,61.1,5,0
103.48,287.68,889.03,0.5446,0.3198,2698.1,25.33,3.43,23.3,60.3,5,0
17.22,41.28,173.72,0.361,0.6686,1994.8,55.89,12.764,14.3,53.7,5,0
30.95,90.23,358.81,0.3739,0.1891,3093.6,34.01,8.573,16.2,56.4,5,0
78.47,131.97,516.14,0.4793,0.3895,1993.7,54.96,3.739,13.2,73.5,5,1
56.1,216.54,483.58,0.4125,0.3151,986.3,11.31,2.213,14.2,62.5,5,0
33.97,75.9,146.49,0.286,0.2772,3008.6,13.46,0.529,31.9,68.4,5,0
14.94,25.09,86.18,0.3234,0.3382,2038.8,63.64,1.454,22.0,52.4,5,0
21.55,41.46,120.61,0.4219,0.8651,882.6,40.27,2.639,12.8,57.5,5,0
23.06,40.09,170.57,0.2793,0.29,2257.6,35.59,3.875,16.4,64.1,5,0
45.9,89.34,245.14,0.2797,0.2363,1380.5,36.39,3.027,33.7,64.2,5,0
50.5,128.36,373.33,0.4049,0.4475,2986.5,17.92,3.757,22.7,55.0,5,0
42.0,140.51,452.47,0.3787,0.5723,1695.9,48.12,1.682,22.9,59.2,5,0
44.74,97.57,385.44,0.35,0.5306,2597.3,10.09,3.902,23.1,62.4,5,0
19.45,50.38,127.18,0.2623,0.6653,515.3,39.4,0.466,12.8,42.7,5,0
53.05,202.75,880.52,0.3774,0.1022,1506.9,39.25,0.532,34.3,60.2,5,0
77.73,174.09,567.15,0.3399,0.3049,3444.7,59.85,0.533,12.1,72.8,5,1
41.65,145.23,591.17,0.4982,0.6759,2867.9,36.57,6.646,27.5,78.6,5,0
41.16,77.99,251.05,0.3494,0.7877,727.8,13.22,0.237,11.4,65.3,5,0
47.8,93.0,361.25,0.2737,0.5816,1116.6,39.37,4.851,21.1,65.6,5,0
73.68,194.53,377.17,0.4341,0.05,1288.4,10.48,0.798,32.5,85.6,5,0
23.35,48.7,192.73,0.4,0.4114,2346.2,17.23,1.896,29.2,61.7,5,0
81.99,308.09,990.42,0.5582,0.1538,2698.1,6.87,7.429,18.4,80.4,5,0
56.25,91.51,275.77,0.3337,0.5967,2673.4,35.8,2.645,23.8,63.6,5,0
46.44,139.0,292.08,0.3446,0.1784,1882.6,10.07,0.708,14.1,53.8,5,0
76.05,228.96,870.55,0.4798,0.1392,2875.7,33.16,1.003,33.9,74.9,5,1
16.17,26.92,58.0,0.3816,0.4026,1642.4,60.98,7.594,27.7,69.4,5,0
58.77,195.79,454.1,0.3625,0.3113,608.8,48.19,1.671,19.4,79.7,5,0
56.48,150.92,323.18,0.3265,0.2641,2062.7,9.64,2.653,17.9,72.2,5,0
22.33,73.88,134.29,0.3615,0.3511,3342.6,18.45,1.848,16.0,51.2,5,0
57.24,204.18,732.43,0.506,0.6578,2816.9,45.42,1.427,29.7,54.8,5,0
52.8,121.83,308.39,0.3586,0.2939,2109.7,58.68,0.758,20.9,59.3,5,0
41.25,111.84,246.46,0.3825,0.4375,2334.5,6.98,3.477,18.3,64.1,5,0
67.29,144.8,385.75,0.3823,0.2915,3270.9,53.75,3.8,32.6,66.4,5,0
31.43,62.97,198.21,0.3268,0.3017,1613.5,38.71,0.964,13.8,67.4,5,0
52.48,78.8,248.93,0.308,0.5766,1293.6,37.77,4.668,16.6,53.8,5,0
42.43,165.86,462.98,0.3343,0.5255,3424.9,62.47,5.783,18.6,61.7,5,0
57.37,149.29,468.21,0.3623,0.4831,3049.4,49.86,7.603,16.5,61.1,6,0
85.31,130.75,386.2,0.3279,0.4748,1266.0,56.01,0.527,24.6,83.5,6,1
67.54,102.82,413.46,0.3963,0.543,1730.5,26.24,1.087,25.0,74.6,6,0
35.91,79.75,149.92,0.3907,0.3344,1569.8,38.26,5.906,11.4,54.1,6,0
27.71,42.53,176.21,0.3452,0.4689,692.0,41.92,0.664,13.6,65.1,6,0
92.46,225.26,553.82,0.364,0.4777,3360.8,24.3,0.1,15.0,64.8,6,0
42.22,69.97,262.31,0.3949,0.2436,1534.2,39.21,6.14,11.8,48.4,6,0
79.72,127.4,368.65,0.3881,0.3241,3088.6,19.2,1.186,13.1,66.8,6,0
74.11,235.18,610.21,0.446,0.424,824.9,13.6,1.606,16.0,56.4,6,0
63.52,239.29,828.28,0.4386,0.1012,2008.0,27.44,1.774,18.6,68.2,6,0
121.65,306.98,1189.85,0.5931,0.3406,279.1,49.36,5.657,29.8,85.8,6,1
77.23,277.39,836.28,0.5226,0.4863,2721.9,59.97,1.237,15.4,69.9,6,1
91.62,144.14,441.03,0.3784,0.7162,2117.0,32.46,6.685,26.8,81.8,6,0
79.85,275.04,538.77,0.443,0.7102,2264.4,43.57,2.879,11.4,68.2,6,0
66.95,110.93,476.41,0.4497,0.1897,370.7,11.18,2.248,26.5,59.7,6,0
72.26,259.84,1061.87,0.4877,0.3694,896.4,59.27,1.182,29.9,65.3,6,1
109.2,404.68,1163.27,0.5271,0.0667,445.3,39.12,0.838,25.1,73.0,6,1
99.94,346.27,1338.47,0.5699,0.2482,1153.4,51.82,2.935,15.0,75.1,6,1
121.53,431.67,1142.14,0.472,0.5553,2270.5,52.67,1.777,18.3,91.2,6,1
78.27,227.29,857.36,0.4924,0.1497,2068.4,20.39,7.241,30.1,59.4,6,0
50.81,109.86,351.02,0.4209,0.2609,2220.1,36.75,2.03,20.8,62.5,6,0
61.72,191.83,583.95,0.4088,0.777,2012.5,62.63,2.151,16.4,76.2,6,1
43.04,111.85,218.41,0.3604,0.6472,1101.0,10.38,1.617,33.3,71.5,6,0
91.91,139.09,612.92,0.4917,0.6018,1006.9,45.98,4.671,25.9,72.1,6,0
58.09,156.37,635.02,0.4059,0.6978,652.3,62.74,1.659,30.1,85.1,6,0
3.65,11.41,45.0,0.327,0.7341,3001.9,23.03,0.941,10.6,42.7,6,0
134.33,206.15,540.8,0.379,0.05,2234.4,56.69,5.942,18.5,88.5,6,1
58.47,178.53,460.94,0.3617,0.3682,815.5,61.02,2.725,21.5,58.2,6,0
58.32,182.62,611.33,0.4386,0.5342,784.8,49.83,2.686,24.7,71.0,6,1
114.52,217.05,886.62,0.4882,0.2527,3081.0,18.88,2.831,14.7,100.0,6,0
42.53,109.62,473.95,0.4219,0.7173,2651.0,25.04,3.806,22.4,77.5,6,0
101.15,395.58,999.27,0.5023,0.3953,2376.0,7.15,1.127,27.1,87.1,6,0
58.05,215.38,740.93,0.4705,0.1351,1542.7,54.89,0.103,18.6,62.6,6,1
39.64,100.17,376.09,0.458,0.3179,1064.5,55.98,4.992,27.3,60.5,6,0
115.38,273.98,660.63,0.4842,0.2135,3432.2,42.96,0.414,19.7,93.5,6,1
95.81,173.44,503.0,0.4169,0.7416,2830.9,26.15,3.838,21.7,84.7,6,0
95.73,152.02,350.59,0.3949,0.5136,1195.9,9.61,0.258,13.4,79.4,6,0
81.93,183.81,677.72,0.4197,0.5052,2997.0,50.18,1.411,26.3,75.7,6,1
87.71,337.75,1395.66,0.5693,0.501,2704.5,48.59,0.195,15.6,84.8,6,1
41.93,163.38,681.19,0.46,0.5622,1180.4,59.76,2.216,30.7,73.0,6,0
75.52,266.7,962.58,0.4956,0.6268,1607.6,48.83,3.176,23.8,60.7,6,1
49.51,117.7,322.18,0.4037,0.4453,813.6,54.72,0.564,24.0,66.7,6,1
38.01,70.66,253.32,0.4137,0.7636,566.5,49.76,1.394,32.8,66.0,6,0
83.01,248.1,1025.51,0.4987,0.7806,2585.1,42.84,7.988,14.2,70.6,6,0
101.69,316.88,1105.87,0.4193,0.7417,1082.8,30.62,1.752,23.3,90.7,6,0
63.15,161.75,471.48,0.4954,0.5537,2906.2,59.13,4.867,19.6,66.6,6,0
67.43,217.75,932.73,0.4527,0.7599,3485.5,44.06,7.859,34.2,80.7,6,0
44.28,149.08,604.52,0.4299,0.4422,452.8,28.9,10.989,29.8,60.3,6,0
72.91,252.11,1054.48,0.5459,0.6403,1761.0,10.01,6.858,28.9,73.9,6,0
91.74,252.8,1071.52,0.5833,0.7259,2846.8,22.44,1.146,15.1,79.4,6,0
92.52,321.89,921.67,0.5734,0.6703,2803.5,37.62,9.856,15.9,91.1,6,0
86.36,135.05,556.52,0.3924,0.689,2708.0,21.54,5.02,10.7,81.8,6,0
57.27,183.33,612.32,0.4811,0.3992,1351.7,18.27,5.445,26.0,63.5,6,0
56.48,117.99,224.54,0.3545,0.2557,1697.7,36.64,0.1,19.3,64.8,6,0
92.62,201.57,708.86,0.578,0.2515,2163.4,15.19,9.253,17.8,75.6,6,0
93.03,160.79,493.72,0.4531,0.6047,3414.0,53.02,4.516,25.9,78.1,6,1
68.43,135.57,344.73,0.3596,0.2574,1280.9,34.06,4.383,30.7,63.0,6,0
62.08,247.08,1092.09,0.4773,0.4395,3246.4,39.43,0.255,13.3,68.0,6,1
101.91,258.71,504.14,0.2688,0.3141,1088.9,13.84,0.794,33.0,91.5,6,0
63.73,243.43,1059.86,0.5443,0.465,3463.9,24.47,9.831,10.9,79.7,6,0
91.38,174.29,388.67,0.4276,0.7536,2411.9,29.61,2.084,12.4,64.9,6,0
69.31,139.33,392.61,0.4153,0.5275,1729.6,53.49,1.522,31.0,57.0,6,0
46.55,134.73,394.28,0.2607,0.6912,2224.2,51.21,5.497,22.3,59.2,6,0
113.04,268.34,1012.66,0.4383,0.4937,1099.4,18.38,0.274,33.5,69.7,6,1
75.74,235.52,561.04,0.4355,0.651,1104.8,41.97,1.618,21.5,62.6,6,0
54.97,140.44,626.72,0.5138,0.2817,574.7,19.61,1.413,33.2,69.3,6,0
37.96,133.97,512.09,0.399,0.2984,576.4,64.29,1.292,16.0,61.1,6,1
40.48,104.4,410.6,0.4362,0.8117,1347.3,62.13,1.103,25.4,48.4,6,0
63.41,185.85,387.93,0.3254,0.5284,2717.4,38.8,0.707,34.9,78.4,6,0
120.86,278.31,858.87,0.481,0.493,2206.3,46.93,0.57,19.4,82.9,6,1
58.12,189.47,824.78,0.4501,0.4031,538.5,53.09,3.068,10.0,63.3,6,0
108.92,341.66,864.13,0.5311,0.2444,3012.4,48.26,7.555,11.6,90.8,6,1
69.46,173.14,379.62,0.3484,0.512,2184.5,46.99,2.133,31.5,74.1,6,0
43.2,94.62,294.33,0.4423,0.1219,3370.8,62.51,1.061,22.3,62.6,6,1
60.9,184.86,797.12,0.443,0.3849,2411.6,40.79,0.52,23.4,64.3,6,1
40.71,157.05,489.11,0.3437,0.461,778.1,43.18,5.318,30.0,66.8,6,0
51.33,94.02,272.02,0.3022,0.4381,1763.5,55.96,10.673,30.3,61.9,6,0
50.59,176.95,629.2,0.3939,0.5167,2340.0,45.19,1.288,21.9,63.4,6,0
25.14,71.83,311.01,0.3803,0.8138,293.3,48.98,1.031,31.5,48.1,6,0
110.55,311.09,601.16,0.3889,0.4759,249.2,19.05,2.76,21.7,92.3,6,0
78.01,304.56,674.36,0.393,0.774,627.0,27.28,4.479,26.9,85.8,6,0
55.58,167.55,361.64,0.4163,0.4248,1030.5,13.84,1.823,10.8,68.4,6,0
78.28,279.94,568.4,0.2524,0.3898,1617.5,35.35,2.983,13.4,69.6,6,0
51.85,144.45,377.85,0.3536,0.151,1808.6,32.34,3.782,31.3,73.0,6,0
5.96,12.66,30.62,0.2394,0.1771,655.5,64.83,9.701,17.8,56.5,6,0
146.65,474.6,1557.37,0.566,0.3713,2422.2,41.67,0.541,18.4,90.4,6,1
77.47,295.02,791.73,0.4695,0.351,2167.3,52.19,17.837,26.6,82.5,6,1
58.01,209.01,604.88,0.4099,0.6714,1171.7,25.04,1.494,24.8,64.0,6,0
24.39,48.67,211.38,0.3272,0.4488,245.1,54.89,3.853,12.1,47.0,6,0
35.38,81.1,180.06,0.3953,0.7914,456.2,41.91,2.549,29.1,60.1,6,0
114.1,318.58,907.58,0.4796,0.7766,1492.6,46.82,2.001,25.4,92.9,6,0
110.28,323.02,805.64,0.5504,0.2169,708.1,22.67,3.593,31.4,83.9,6,0
91.56,181.71,596.52,0.4541,0.2964,1443.5,37.92,1.511,23.4,68.1,6,0
44.86,93.08,352.59,0.3217,0.5689,2273.0,43.04,0.404,20.4,60.2,6,0
110.48,375.32,1503.48,0.6954,0.2481,2005.9,40.35,2.014,19.3,92.7,6,1
83.98,279.29,891.31,0.491,0.2135,962.9,59.91,2.214,10.1,77.4,6,1
89.11,320.61,1317.15,0.6553,0.6557,1334.6,58.9,0.677,11.0,76.6,6,1
83.89,321.49,1260.13,0.5371,0.7888,2226.3,63.26,8.229,13.3,74.1,6,1
35.06,79.61,177.04,0.3488,0.6749,3040.8,45.05,0.774,33.2,69.2,6,0
42.78,156.1,384.43,0.398,0.4405,2685.6,63.31,1.579,32.0,71.0,6,1
59.98,189.83,685.99,0.4279,0.3711,2026.2,54.95,0.505,22.4,56.8,6,0
88.82,345.92,1533.1,0.6682,0.4018,1395.6,21.25,2.302,14.5,84.2,6,0
38.22,83.33,234.63,0.4432,0.3775,1404.7,30.65,1.103,13.7,65.6,6,0
68.35,148.61,359.7,0.2568,0.4166,3102.1,19.3,2.016,16.4,83.2,6,0
68.32,222.77,923.74,0.5243,0.2711,329.5,5.25,0.763,32.7,69.9,6,0
92.55,353.64,827.16,0.4196,0.8021,3460.3,16.28,0.166,23.0,86.8,6,0
89.6,319.1,1175.25,0.4039,0.6564,2392.4,5.24,4.532,30.1,80.6,6,0
47.48,157.51,298.09,0.3851,0.5477,2447.8,48.19,3.074,22.7,55.3,6,0
108.9,268.8,497.61,0.4248,0.7414,325.4,30.53,1.25,25.2,90.8,6,0
43.65,143.81,434.2,0.4203,0.1743,2198.2,23.75,0.146,25.3,69.6,6,0
100.04,350.41,1251.91,0.5673,0.0692,1799.8,50.7,6.02,10.8,74.8,6,1
58.98,199.54,435.91,0.4304,0.6507,549.1,54.95,0.558,21.1,70.0,6,0
76.83,245.25,947.27,0.4581,0.8781,1117.1,63.52,8.01,31.6,89.9,6,0
78.38,126.81,272.34,0.3673,0.4811,3138.0,43.52,1.954,22.2,69.7,6,0
77.68,244.63,792.83,0.4924,0.0815,2015.0,32.69,1.248,20.9,79.1,6,1
89.6,241.53,635.8,0.494,0.6067,1564.3,23.32,4.062,23.2,68.1,6,0
82.52,322.15,1234.19,0.5474,0.0715,439.9,18.34,6.283,19.5,70.2,6,0
92.32,278.63,1106.49,0.5091,0.4541,2556.6,17.78,1.39,22.9,84.2,6,0
84.35,254.78,504.07,0.3974,0.2043,2519.4,29.55,1.569,13.4,77.4,6,0
41.12,163.88,380.2,0.3159,0.7793,2226.3,64.51,1.703,34.2,60.7,6,0
107.2,185.88,782.59,0.494,0.4201,1883.9,5.05,7.666,10.9,95.8,7,0
86.36,189.2,552.86,0.337,0.707,1631.5,16.83,3.538,22.1,68.5,7,0
72.72,228.37,705.02,0.4596,0.2476,2157.8,16.3,0.854,15.2,70.6,7,0
93.21,213.27,480.65,0.3997,0.3085,970.2,48.03,0.614,11.5,81.9,7,1
105.04,248.45,1114.61,0.4439,0.7822,3306.2,26.15,0.786,26.3,74.5,7,0
106.7,398.16,1708.97,0.5648,0.1684,2143.0,32.44,0.918,34.6,86.1,7,1
126.86,374.02,675.28,0.3915,0.397,1226.9,13.92,0.785,28.7,96.7,7,0
133.14,233.95,768.98,0.4356,0.3201,1683.9,29.3,3.223,16.4,89.0,7,0
108.86,247.9,1030.05,0.5787,0.5537,2858.8,11.19,0.37,22.3,77.2,7,0
113.38,191.63,567.71,0.4073,0.0902,733.3,36.98,1.47,11.2,81.5,7,0
102.84,297.24,885.59,0.5033,0.3531,1166.4,10.88,2.943,23.3,59.4,7,0
119.64,231.28,653.18,0.4931,0.4835,2442.4,52.43,1.031,12.5,93.9,7,1
112.63,410.29,770.46,0.5067,0.2214,1241.1,39.0,0.203,29.9,85.9,7,1
99.09,291.66,1147.33,0.5276,0.0832,2815.3,48.44,0.256,11.4,78.3,7,1
154.26,254.28,771.32,0.418,0.3898,630.5,30.11,0.404,10.2,82.9,7,1
86.8,195.49,632.2,0.4505,0.3582,2716.9,27.89,5.421,31.5,84.9,7,0
136.82,416.04,1036.09,0.4716,0.05,425.6,10.89,3.218,33.6,87.5,7,0
66.6,155.76,610.12,0.512,0.5246,241.6,36.43,0.2,12.2,74.5,7,0
120.8,336.17,1325.56,0.6068,0.6807,3164.1,35.87,1.488,17.0,86.1,7,1
136.37,514.58,1694.45,0.6471,0.05,2118.4,33.09,0.98,28.5,78.0,7,1
52.78,125.35,531.78,0.4313,0.4772,1361.0,49.43,2.589,23.5,76.0,7,0
103.93,243.16,513.78,0.411,0.5881,967.6,54.95,2.219,33.7,89.8,7,1
118.34,420.04,1648.19,0.609,0.05,2235.7,50.05,1.968,19.7,91.6,7,1
106.76,245.2,811.18,0.4861,0.05,1879.7,13.63,1.133,10.1,84.5,7,0
109.91,186.29,451.51,0.3776,0.3119,3472.3,42.32,0.445,10.5,73.4,7,1
103.86,202.78,437.43,0.4837,0.5845,3444.6,9.82,4.069,24.1,88.1,7,0
73.1,283.04,739.51,0.4123,0.1776,2295.6,46.68,6.357,28.8,89.6,7,0
159.66,612.0,2516.59,0.8254,0.5987,1661.5,27.91,8.655,29.8,98.8,7,1
87.87,181.19,711.44,0.4022,0.4564,1820.8,12.95,0.181,32.8,77.4,7,0
111.31,320.99,1136.9,0.4862,0.3231,2452.2,56.72,4.04,15.7,74.6,7,1
84.28,155.37,317.56,0.2738,0.379,535.2,41.84,3.889,28.5,58.7,7,0
43.56,138.81,607.72,0.4413,0.8097,1283.6,26.28,8.819,30.7,60.2,7,0
77.34,151.85,398.55,0.3526,0.1501,448.4,6.84,0.875,30.9,85.1,7,0
64.27,104.4,359.02,0.4255,0.5448,442.1,37.24,4.066,20.3,80.0,7,0
127.75,455.06,1805.85,0.6795,0.5274,846.3,60.39,0.169,25.6,87.8,7,1
85.28,197.31,425.92,0.392,0.0932,1801.3,40.78,2.993,23.8,79.0,7,0
87.6,155.17,552.56,0.3393,0.0636,2789.8,63.3,1.296,24.9,66.5,7,1
73.85,264.73,499.59,0.4285,0.05,1802.1,13.19,4.395,17.1,73.0,7,0
102.81,350.16,726.52,0.4112,0.2395,1307.1,39.1,5.97,27.1,76.6,7,0
82.54,264.92,994.1,0.4259,0.1073,471.8,52.89,1.362,27.8,75.2,7,1
125.26,473.27,1050.05,0.5302,0.64,2016.0,36.53,2.237,14.9,85.4,7,0
108.01,294.11,881.59,0.4122,0.6954,1095.2,10.46,0.375,21.1,80.1,7,0
86.16,156.82,387.43,0.2724,0.05,2229.3,39.97,1.618,20.6,83.8,7,0
121.71,201.23,591.09,0.4823,0.3695,3424.7,41.7,1.343,28.7,100.0,7,1
100.65,231.11,464.19,0.3642,0.101,567.3,48.72,0.607,26.7,78.8,7,1
100.99,173.41,665.6,0.345,0.0771,900.0,50.67,6.747,21.9,91.6,7,0
63.89,181.37,365.17,0.3244,0.3364,1761.2,51.25,0.481,26.3,59.2,7,0
98.68,151.6,615.84,0.3863,0.2507,3396.4,44.81,3.03,16.6,78.9,7,1
108.49,283.11,1016.08,0.5591,0.6989,2747.0,17.95,6.626,15.8,72.2,7,0
133.8,260.39,761.57,0.3682,0.2274,3164.2,29.25,7.29,16.0,87.6,7,0
81.66,197.67,818.25,0.3956,0.3834,1301.3,51.57,4.729,10.7,80.2,7,0
157.41,501.75,1155.32,0.5786,0.2476,3473.7,62.21,0.581,27.3,100.0,7,1
114.38,271.92,683.7,0.4134,0.05,539.3,9.74,5.102,34.6,78.1,7,0
62.47,147.02,319.06,0.3748,0.708,374.8,37.13,0.971,17.7,72.4,7,0
79.33,315.47,892.85,0.4528,0.0665,3023.5,23.75,7.668,33.2,83.6,7,0
135.98,448.33,2001.44,0.7987,0.6941,3260.0,18.52,3.704,25.2,99.5,7,0
131.54,366.28,818.56,0.3981,0.05,498.9,35.35,4.615,15.6,91.5,7,0
100.91,297.52,1203.07,0.5531,0.4758,574.3,41.37,0.267,10.3,75.6,7,1
104.2,317.87,1131.64,0.6,0.7605,309.5,5.59,2.622,28.1,75.8,7,0
71.34,111.39,205.27,0.322,0.1211,544.9,51.81,5.163,27.4,64.7,7,0
133.49,227.02,987.83,0.4586,0.2787,891.1,54.19,5.933,15.7,89.8,7,1
75.76,236.6,1046.24,0.5462,0.6309,3401.3,62.93,0.1,18.3,66.1,7,1
121.57,293.14,1259.68,0.6005,0.05,2403.9,15.84,8.398,32.5,91.9,7,0
134.26,219.99,694.02,0.3979,0.4927,2769.2,40.67,0.133,13.9,92.1,7,1
101.66,228.1,546.31,0.4817,0.0524,2761.3,30.6,2.86,30.9,82.0,7,1
124.65,227.57,650.03,0.4317,0.0625,1965.7,25.09,3.547,14.2,72.7,7,0
146.65,555.91,1922.5,0.7074,0.14,2831.7,38.94,0.341,22.0,94.2,7,1
107.16,215.09,607.18,0.495,0.599,2166.2,51.94,0.148,22.5,78.5,7,1
96.07,178.62,663.06,0.4702,0.0663,1238.0,6.38,4.61,21.8,96.2,7,0
98.78,302.82,1195.54,0.5375,0.0922,2051.7,63.16,1.457,17.2,69.4,7,1
81.88,229.66,543.23,0.3743,0.4166,1960.6,53.59,0.34,16.3,72.9,7,1
81.32,239.06,691.67,0.5728,0.1876,2917.4,50.07,4.315,28.3,77.5,7,1
111.52,288.81,1266.71,0.5122,0.3776,3439.7,50.62,5.675,16.9,75.7,7,1
96.36,257.07,636.12,0.4423,0.0765,1556.4,28.34,2.656,25.2,94.3,7,0
108.65,374.5,1024.41,0.529,0.6307,2719.2,50.1,0.527,31.2,98.2,7,1
63.21,129.56,245.69,0.3767,0.4524,529.2,28.21,0.1,30.9,62.1,7,0
98.14,244.5,659.51,0.5374,0.2086,2763.5,58.92,3.62,14.2,74.7,7,1
126.21,491.53,1377.02,0.576,0.1067,1425.7,15.63,2.396,26.4,100.0,7,0
72.48,143.15,296.26,0.3541,0.4239,330.0,22.54,3.156,25.1,82.9,7,0
100.87,225.39,406.57,0.4584,0.6195,1398.7,38.08,5.033,17.0,77.3,7,0
54.09,107.04,358.97,0.3645,0.3227,2215.1,24.15,1.709,19.8,69.7,7,0
67.82,105.2,275.02,0.3984,0.109,593.5,30.45,0.399,17.1,59.3,7,0
120.65,262.36,484.87,0.4061,0.1439,3249.3,34.55,8.439,23.4,100.0,7,0
92.72,149.86,617.69,0.4688,0.603,456.3,56.38,2.364,30.1,78.4,7,0
146.01,275.47,930.53,0.5212,0.6729,3269.0,36.39,2.866,31.9,98.5,7,1
111.27,267.79,605.78,0.4002,0.05,2533.6,26.75,8.128,28.1,75.9,7,0
113.72,176.47,729.92,0.3528,0.2273,1288.1,19.86,8.046,22.1,75.0,7,0
73.54,248.75,618.08,0.3391,0.1834,1489.5,29.52,2.547,34.0,75.7,7,0
90.83,316.9,765.02,0.36,0.3214,2644.7,35.94,1.06,24.1,92.6,7,0
82.14,207.69,875.54,0.4694,0.3371,2184.9,49.77,17.543,22.0,70.3,7,0
73.82,292.45,668.11,0.3151,0.7386,2416.4,12.26,3.426,31.4,64.3,7,0
117.05,374.28,1561.95,0.6023,0.139,1484.2,18.3,1.575,14.6,87.6,7,1
122.07,410.07,1627.16,0.63,0.5428,1809.8,27.78,2.462,13.9,99.7,7,0
110.43,218.73,576.67,0.4574,0.2023,3466.6,26.62,1.613,29.6,78.0,7,1
79.75,286.6,542.51,0.433,0.5931,905.9,28.5,6.576,31.8,71.9,7,0
108.72,419.96,849.56,0.5139,0.3731,1578.9,52.61,1.976,11.8,89.3,7,1
52.64,110.06,230.65,0.3665,0.1533,1163.0,24.45,5.204,29.1,73.3,7,0
133.53,429.46,1805.94,0.6426,0.7494,2724.9,35.11,5.501,20.6,87.8,7,1
68.0,228.99,661.98,0.4262,0.1028,2721.2,42.43,5.217,27.6,79.2,7,0
72.44,163.94,309.48,0.3189,0.5108,1165.1,18.93,3.842,13.4,76.0,7,0
103.34,277.72,917.23,0.4936,0.6361,468.6,48.12,5.791,34.3,81.1,7,0
105.56,184.08,434.72,0.3072,0.1757,237.7,37.83,1.469,32.0,88.9,7,0
98.64,190.64,464.18,0.4455,0.4933,1610.6,31.81,0.365,20.1,85.7,7,0
72.7,120.25,268.66,0.3055,0.6599,1554.1,53.59,5.544,32.3,63.4,7,0
128.79,373.54,1440.93,0.594,0.728,3461.7,19.61,2.068,32.4,100.0,7,0
58.31,178.6,321.78,0.38,0.6294,1750.3,57.99,0.409,21.5,70.3,7,1
63.37,240.21,717.08,0.5006,0.2527,1046.2,38.66,0.368,33.7,80.0,7,0
97.78,279.21,568.07,0.3288,0.4516,3141.1,41.55,0.52,34.4,79.7,7,1
68.85,148.13,487.57,0.3806,0.6482,1820.5,57.5,4.171,15.4,72.6,7,0
131.02,216.01,590.62,0.4448,0.5735,2177.3,54.05,3.722,11.7,92.5,7,1
71.0,263.58,494.62,0.4858,0.6997,515.7,41.09,0.684,18.3,75.7,7,0
139.38,375.93,1144.58,0.5255,0.05,1463.6,50.19,5.63,22.2,100.0,7,1
126.33,422.37,1410.97,0.5506,0.0758,3315.9,31.0,0.991,12.3,91.6,7,1
131.33,201.81,498.2,0.5003,0.3381,2145.4,37.84,4.725,13.5,89.2,7,1
147.63,401.61,1553.0,0.6487,0.6362,1336.9,8.72,2.013,34.3,100.0,7,0
102.49,237.19,664.55,0.5007,0.4517,2264.7,10.39,3.945,28.4,84.2,7,0
75.13,118.39,452.65,0.3295,0.7832,3204.4,54.77,1.441,31.9,96.2,7,0
97.88,336.63,1132.2,0.551,0.624,1104.2,8.58,1.279,34.3,81.7,7,0
86.29,240.08,995.6,0.4436,0.6634,1866.9,15.16,5.523,19.5,85.8,7,0
82.73,193.0,632.39,0.3604,0.6167,3363.7,52.75,0.108,27.2,81.9,7,1
104.23,366.31,842.94,0.4966,0.6473,768.9,5.07,11.035,14.6,64.9,7,0
92.66,242.53,975.21,0.5263,0.6289,2574.9,21.94,3.134,23.8,71.9,7,0
81.65,123.19,482.19,0.3717,0.6328,2227.8,40.04,1.699,15.2,71.0,7,0
94.32,364.18,1611.65,0.6918,0.0784,2442.9,40.73,2.967,14.0,66.3,7,1
114.18,244.26,501.38,0.3812,0.0883,1359.0,51.63,0.393,12.5,81.1,8,1
124.37,444.79,1510.65,0.5866,0.0837,1235.8,35.36,2.165,24.5,76.3,8,1
60.38,213.82,668.72,0.4311,0.05,2457.9,35.56,12.618,33.7,59.2,8,0
92.88,177.02,639.27,0.4149,0.1641,911.3,48.52,0.805,13.1,79.8,8,0
96.92,260.24,1157.14,0.5938,0.769,1584.9,34.92,3.843,22.6,94.4,8,0
70.89,113.46,367.3,0.3209,0.4715,821.0,41.51,1.713,27.2,60.4,8,0
97.46,232.58,849.28,0.431,0.1662,227.4,58.87,3.171,22.4,69.5,8,1
104.16,346.57,948.74,0.4289,0.5917,3401.2,29.09,0.688,32.8,77.0,8,1
113.43,237.37,618.86,0.5171,0.3613,1624.6,28.11,1.907,14.2,82.9,8,0
102.38,183.56,496.58,0.3824,0.1336,3398.9,5.21,11.75,10.6,68.4,8,0
78.43,217.09,413.38,0.3437,0.6138,663.1,41.81,0.652,19.6,67.9,8,0
150.76,428.52,1100.78,0.5043,0.1917,2138.3,6.79,3.035,23.9,88.9,8,0
121.18,386.53,876.24,0.5165,0.5183,863.2,35.25,2.571,16.4,88.9,8,0
114.27,388.29,1178.47,0.5673,0.1831,2807.2,53.25,2.498,14.2,87.7,8,1
125.58,406.81,1238.42,0.5173,0.4126,2786.2,38.0,2.864,30.1,86.5,8,0
106.57,385.1,1488.84,0.5758,0.7162,571.6,21.18,2.093,14.7,78.9,8,0
132.61,272.82,861.08,0.3983,0.0794,3209.8,52.17,0.1,21.1,84.1,8,1
101.88,297.93,908.79,0.4875,0.7919,842.3,21.18,6.911,33.9,81.0,8,0
100.5,241.22,585.06,0.4804,0.0505,2222.8,48.98,5.263,25.3,72.3,8,1
116.34,454.33,1863.51,0.6412,0.3564,3452.6,41.62,0.574,22.4,97.3,8,1
139.86,363.75,744.12,0.4796,0.634,3111.9,15.2,1.6,19.0,80.0,8,0
138.26,539.1,2400.2,0.7478,0.7317,3356.7,59.31,4.416,23.0,86.2,8,1
115.28,394.56,1217.36,0.4871,0.1453,1330.6,17.04,11.745,28.4,91.5,8,0
113.37,373.69,860.3,0.5049,0.0906,548.4,64.38,9.056,30.6,80.8,8,1
117.86,321.62,886.61,0.5935,0.4872,821.5,5.44,6.889,26.2,90.7,8,0
125.1,326.31,600.89,0.4466,0.0582,1851.6,20.81,0.517,29.8,100.0,8,0
132.92,374.36,842.17,0.4466,0.3753,2817.7,16.99,7.377,12.2,96.5,8,0
94.54,211.21,571.42,0.3961,0.6907,695.5,5.84,6.322,10.4,68.7,8,0
133.41,501.78,1654.34,0.7241,0.4381,2377.1,48.94,1.419,28.4,80.8,8,1
109.03,380.06,816.98,0.4777,0.1702,1267.8,46.61,1.505,16.5,81.2,8,1
116.73,408.96,1482.52,0.5563,0.3965,1326.0,52.54,1.848,31.9,88.6,8,1
135.0,348.7,1422.54,0.5795,0.6649,2384.3,20.4,3.203,23.4,100.0,8,0
119.13,199.87,668.63,0.4436,0.4685,1741.1,31.66,0.907,22.0,79.5,8,0
123.36,395.69,1029.43,0.528,0.5842,2879.7,44.55,0.1,29.3,83.1,8,1
90.72,221.0,470.23,0.469,0.2351,714.5,31.39,0.457,28.5,75.2,8,0
137.91,506.98,933.83,0.5493,0.2107,2806.8,46.84,1.74,27.6,89.2,8,1
117.85,406.68,1535.55,0.615,0.2247,412.0,43.04,0.994,27.2,97.3,8,1
103.61,193.05,675.09,0.4321,0.514,840.4,11.88,4.338,22.9,80.2,8,0
127.98,384.5,1186.55,0.5555,0.144,2365.3,51.86,0.338,33.2,89.6,8,1
165.15,533.53,1107.28,0.4896,0.3091,3021.3,48.24,7.484,32.3,100.0,8,1
71.23,208.02,490.72,0.4465,0.5897,1033.8,44.35,6.771,18.2,84.1,8,0
80.36,223.82,895.49,0.4677,0.5895,1279.7,14.31,7.183,30.1,73.8,8,0
167.59,346.85,1073.71,0.5379,0.06,1972.5,21.08,4.037,32.3,100.0,8,1
111.12,232.22,1021.69,0.5887,0.5061,898.2,28.59,0.34,25.5,98.0,8,0
105.23,359.88,1619.44,0.6494,0.5028,2876.8,21.8,1.729,23.9,80.7,8,0
97.57,150.92,597.92,0.4303,0.05,2753.0,18.67,0.423,26.8,74.8,8,0
130.67,450.44,1124.8,0.4976,0.05,679.5,53.32,13.194,14.1,100.0,8,1
165.74,466.88,1131.72,0.5209,0.4251,1730.6,43.29,1.215,12.2,100.0,8,1
83.83,321.94,799.96,0.4021,0.3366,2756.9,38.93,2.641,30.5,75.2,8,0
98.03,391.48,1747.69,0.6739,0.1667,1313.2,18.56,4.534,24.3,84.6,8,0
91.69,289.62,783.53,0.349,0.05,2289.3,60.08,7.6,13.1,69.1,8,1
118.78,300.58,1114.39,0.5698,0.0798,365.7,16.47,4.226,20.4,94.5,8,0
131.02,352.13,1545.63,0.6437,0.714,2208.7,52.7,3.367,17.5,74.9,8,1
140.98,283.44,1137.44,0.5309,0.517,703.8,63.0,1.882,31.9,100.0,8,1
119.62,209.11,713.81,0.4152,0.3222,2940.9,48.63,2.79,22.7,80.1,8,1
163.44,481.64,1086.68,0.5151,0.6465,1373.0,64.57,0.297,24.4,85.8,8,1
86.09,302.49,687.35,0.3479,0.4626,1129.1,44.06,6.46,15.9,59.8,8,0
79.59,171.48,536.64,0.4478,0.5786,2974.9,18.05,2.354,30.0,70.1,8,0
137.19,349.71,1528.34,0.5955,0.1602,365.5,17.23,0.123,33.3,96.8,8,1
103.53,298.88,1267.87,0.6277,0.4274,1508.8,24.47,7.574,29.8,69.9,8,0
66.06,249.02,559.98,0.4309,0.1431,1421.0,5.43,2.016,22.3,59.9,8,0
92.55,170.91,440.41,0.3991,0.3576,1139.8,45.9,6.088,30.9,73.8,8,0
106.85,223.55,757.78,0.4706,0.05,3208.8,21.12,5.832,14.7,88.5,8,0
84.3,320.03,988.59,0.4476,0.325,2678.1,53.91,5.074,12.8,82.8,8,1
75.09,120.06,254.79,0.3281,0.05,410.9,26.55,0.19,21.0,73.6,8,0
95.27,299.16,836.79,0.4729,0.3565,2558.5,33.8,0.851,14.5,86.4,8,0
73.84,228.82,1001.73,0.4839,0.6664,1940.1,62.94,6.252,16.5,77.7,8,1
116.33,285.97,1249.35,0.5194,0.2161,3172.9,19.53,6.878,24.6,81.6,8,0
51.86,138.49,458.46,0.377,0.6613,1232.7,48.28,1.838,20.1,72.8,8,0
102.72,373.61,1313.32,0.5631,0.4305,2094.7,50.31,1.74,31.6,70.5,8,1
113.44,216.96,520.51,0.5194,0.3911,1852.5,18.26,0.578,15.6,87.9,8,0
98.19,204.13,776.38,0.438,0.18,1815.6,35.06,10.365,34.9,70.1,8,0
127.79,355.36,690.01,0.4032,0.6501,1705.1,26.01,0.719,19.0,89.5,8,1
66.19,167.09,400.33,0.3719,0.05,878.6,51.31,0.636,22.9,79.6,8,1
82.93,243.47,442.12,0.4629,0.5979,2693.8,42.35,3.243,13.3,76.6,8,0
92.21,350.57,996.12,0.5766,0.4806,1689.4,33.56,0.835,24.5,77.6,8,0
118.27,448.58,1837.27,0.7625,0.342,3363.1,51.76,8.379,34.0,87.3,8,1
105.92,219.79,978.66,0.4975,0.2002,1060.7,19.11,0.1,28.7,87.1,8,0
154.04,347.42,1251.72,0.5808,0.2992,2453.1,50.22,0.1,16.1,100.0,8,1
80.31,153.01,583.13,0.3634,0.6709,3304.4,56.92,2.109,21.1,79.3,8,0
65.58,250.49,628.58,0.4072,0.7484,2389.4,57.72,2.009,20.6,65.7,8,1
145.18,362.18,1160.76,0.4749,0.796,3075.2,52.02,0.535,12.4,91.9,8,1
64.68,169.75,643.14,0.4514,0.349,2930.7,29.48,2.047,32.1,62.2,8,0
117.53,412.14,1295.21,0.5593,0.2928,1388.4,63.91,1.591,19.5,75.3,8,1
75.99,211.43,431.13,0.397,0.05,2180.4,27.78,6.631,22.4,53.3,8,0
48.72,87.67,333.18,0.3239,0.821,715.7,43.32,0.1,17.3,60.9,8,0
91.09,236.33,565.51,0.4549,0.2327,1967.2,14.66,11.223,13.8,66.1,8,0
122.94,378.21,780.55,0.3347,0.3855,960.4,63.83,2.938,32.6,87.7,8,1
69.91,230.57,712.64,0.429,0.7618,2654.3,47.24,0.494,10.9,66.9,8,1
114.86,357.6,715.71,0.4369,0.3846,1942.6,50.2,0.144,20.0,75.8,8,1
119.53,214.9,752.06,0.3483,0.4384,1557.1,8.95,2.317,28.3,69.0,8,0
68.66,155.24,547.88,0.4281,0.2059,1087.0,50.81,0.803,17.7,67.8,8,0
94.76,315.93,787.64,0.4478,0.3731,3495.7,51.48,1.075,21.2,64.4,8,1
139.88,517.63,2279.78,0.781,0.723,436.6,45.31,0.844,24.1,97.6,8,1
116.72,188.85,760.31,0.5511,0.4847,343.8,22.51,3.151,34.9,87.1,8,0
93.92,150.79,316.05,0.379,0.1994,916.9,34.38,2.419,29.0,76.4,8,0
110.84,344.54,1316.49,0.6102,0.05,3404.5,11.63,0.244,34.2,94.9,8,1
83.32,239.15,658.45,0.4999,0.277,3431.5,33.3,2.243,27.3,75.1,8,0
128.3,242.27,926.88,0.5088,0.3639,2361.3,19.63,4.699,16.7,91.6,8,0
128.29,368.28,1459.17,0.5466,0.05,3104.4,25.95,0.254,17.2,94.0,8,1
103.48,407.31,899.64,0.3967,0.4489,906.1,14.76,6.615,30.6,76.9,8,0
106.22,326.88,1172.5,0.5517,0.3554,3407.7,18.8,2.59,20.7,77.8,8,0
75.49,197.99,817.57,0.4424,0.7128,671.2,9.59,9.025,19.3,73.0,8,0
66.66,237.88,635.88,0.4905,0.05,533.7,60.19,0.481,33.6,59.2,8,1
91.04,185.0,373.12,0.3504,0.632,570.3,36.82,15.138,10.3,91.6,8,0
98.27,249.2,466.9,0.392,0.3768,2091.3,28.8,3.101,23.1,80.8,8,0
127.02,358.13,750.99,0.3913,0.3604,2777.2,37.1,2.514,29.4,86.5,8,1
123.52,341.07,617.8,0.4056,0.7107,1410.0,42.7,2.173,28.4,100.0,8,0
105.08,399.55,1071.89,0.4658,0.0697,3427.1,60.31,0.1,19.2,72.7,8,1
130.22,290.61,757.96,0.408,0.4302,1633.6,15.72,8.422,23.4,100.0,8,0
76.87,126.16,264.68,0.3499,0.2892,696.5,22.73,3.098,10.1,79.6,8,0
127.39,482.93,1718.26,0.611,0.4489,1737.7,63.55,0.288,23.4,97.2,8,1
80.7,164.83,738.15,0.5781,0.4388,2440.8,27.27,0.1,24.8,72.8,8,0
131.45,321.73,1361.72,0.6123,0.0622,2946.3,6.35,0.156,31.9,89.9,8,1
100.12,283.07,702.77,0.4939,0.4365,1713.9,13.86,2.82,15.3,77.3,8,0
50.5,198.95,771.72,0.4478,0.5753,2158.9,6.58,2.856,30.6,73.1,8,0
118.71,336.92,1458.7,0.5951,0.5806,1082.2,64.4,2.077,28.0,88.7,8,1
120.69,316.14,1342.72,0.5453,0.0605,2331.5,21.73,1.099,26.7,81.7,8,1
89.04,263.48,1103.54,0.6505,0.2368,3453.7,60.41,2.276,19.9,72.6,8,1
91.17,358.04,1404.76,0.5737,0.497,361.9,64.75,2.179,19.2,77.2,8,1
96.47,341.96,886.05,0.4459,0.1641,3125.6,40.99,0.1,27.6,76.3,8,1
52.33,100.59,203.77,0.3028,0.518,2055.5,6.99,0.996,34.8,77.2,8,0
41.34,145.02,452.04,0.4066,0.1468,1031.9,9.9,0.164,20.1,68.9,8,0
133.0,479.15,933.36,0.5565,0.1593,3351.1,33.9,6.912,33.0,96.3,8,1
52.13,168.22,756.28,0.5046,0.5955,1795.1,29.37,3.875,24.7,67.5,9,0
119.12,374.39,1036.1,0.468,0.6513,1294.6,41.37,16.652,31.7,79.1,9,0
106.99,278.42,1221.57,0.5037,0.4426,798.9,31.33,1.079,15.4,87.7,9,0
111.91,347.41,1350.52,0.6306,0.6642,1006.7,61.04,6.323,29.1,66.8,9,1
56.48,188.85,549.65,0.5143,0.5712,2948.4,37.08,2.772,30.9,68.3,9,0
32.52,58.77,124.56,0.3175,0.4794,2227.6,46.62,1.811,30.8,53.3,9,0
45.56,97.65,238.32,0.4077,0.7991,3213.7,58.79,0.755,29.6,56.6,9,1
61.57,122.23,442.15,0.3145,0.6216,965.5,13.81,4.023,17.6,64.8,9,0
13.4,48.29,195.14,0.2966,0.4683,599.8,18.78,7.035,23.0,53.3,9,0
60.85,194.71,865.41,0.4215,0.3891,220.1,11.44,0.805,17.5,68.1,9,0
67.69,177.82,383.53,0.3968,0.7174,1875.9,13.38,0.579,18.6,76.6,9,0
40.37,143.94,319.69,0.3546,0.2113,3494.4,35.76,3.574,17.5,60.7,9,0
46.72,153.81,294.47,0.3704,0.05,2493.4,24.27,11.313,17.1,63.2,9,0
67.22,254.35,636.65,0.4874,0.111,1217.7,30.39,4.158,27.3,59.0,9,0
81.64,138.14,554.88,0.3776,0.05,3093.6,63.95,1.005,26.3,64.4,9,1
50.46,139.93,326.78,0.3696,0.2751,2779.7,14.4,1.634,15.1,67.4,9,0
80.04,261.48,857.46,0.4035,0.7116,250.9,37.45,1.455,27.3,79.1,9,1
76.15,153.74,462.02,0.45,0.5404,2895.6,10.93,5.734,17.3,70.8,9,0
73.91,171.3,459.04,0.446,0.2297,1191.7,24.11,4.427,15.0,79.6,9,0
56.43,143.76,498.78,0.4172,0.6481,693.9,36.65,2.667,28.7,55.7,9,0
39.4,137.34,433.48,0.3921,0.5226,946.9,61.8,0.965,19.1,65.0,9,0
115.15,314.8,851.17,0.4437,0.4602,1746.3,28.47,8.341,24.2,77.7,9,0
88.49,241.77,884.87,0.406,0.2498,1602.1,8.89,3.178,15.0,69.1,9,0
97.88,252.25,644.73,0.4434,0.6699,1153.3,28.29,10.568,25.3,73.2,9,0
70.64,146.33,517.53,0.4406,0.2433,768.3,13.74,2.603,15.2,70.5,9,0
68.63,261.33,1145.83,0.6286,0.1058,2715.4,18.8,5.164,14.2,74.1,9,0
85.0,195.03,734.92,0.4263,0.3386,3467.4,42.09,5.032,19.7,78.4,9,0
26.87,78.41,229.73,0.3592,0.5819,2766.7,9.05,1.234,29.8,55.7,9,0
44.87,83.99,320.71,0.4194,0.4962,1176.6,32.88,9.974,14.4,68.5,9,0
52.79,136.49,543.92,0.4653,0.1407,1007.9,41.57,0.1,12.9,79.3,9,1
61.37,230.72,618.27,0.3917,0.1126,918.3,30.31,4.392,10.8,67.5,9,0
50.74,202.39,749.62,0.435,0.7403,651.1,6.15,10.105,20.4,66.0,9,0
81.05,194.88,579.37,0.3889,0.6129,2019.4,64.13,1.242,17.1,69.4,9,1
74.77,140.94,565.17,0.3672,0.1682,2197.8,27.03,3.133,17.3,69.3,9,0
107.56,245.89,638.69,0.5005,0.6401,2528.2,51.71,2.478,34.5,92.3,9,1
134.58,311.97,1351.42,0.5716,0.6893,2444.7,24.54,4.3,14.9,100.0,9,0
41.16,128.07,429.27,0.3816,0.269,1164.7,33.5,6.034,21.5,60.7,9,0
76.42,209.41,576.7,0.427,0.4097,1290.0,28.31,2.772,34.7,76.8,9,0
76.37,261.28,766.15,0.4549,0.05,2449.0,25.55,5.077,10.8,80.3,9,0
72.38,235.47,644.96,0.4171,0.5455,1353.2,6.31,1.123,27.4,68.1,9,0
45.61,97.08,213.07,0.3043,0.3379,901.7,26.6,0.779,19.3,53.2,9,0
49.8,172.35,342.11,0.4462,0.2357,1435.3,58.37,1.69,32.7,70.5,9,1
78.74,284.95,760.47,0.4226,0.5814,1097.9,46.42,3.397,32.8,80.8,9,0
49.1,147.1,446.96,0.3423,0.7169,491.4,13.73,0.622,19.7,70.7,9,0
76.72,292.99,813.6,0.4576,0.0785,2939.5,40.47,3.422,15.5,70.0,9,0
66.58,230.21,423.03,0.4919,0.1182,3015.3,58.53,1.503,20.7,82.2,9,1
76.28,227.95,766.66,0.4112,0.2287,925.2,47.0,4.763,34.1,75.2,9,0
48.9,184.13,403.44,0.4156,0.5592,413.7,13.92,0.113,17.0,55.5,9,0
76.67,230.08,545.22,0.396,0.6057,2638.1,57.07,3.308,34.5,60.2,9,0
50.71,142.14,302.19,0.3723,0.5116,898.0,23.09,3.148,30.5,62.8,9,0
76.75,183.48,588.1,0.463,0.3491,1498.3,32.24,8.487,16.7,74.8,9,0
106.22,393.77,809.96,0.3749,0.5716,411.6,36.57,3.749,29.8,79.6,9,0
79.26,143.21,356.89,0.3261,0.4885,946.7,56.03,4.773,11.2,89.7,9,0
80.78,216.8,654.64,0.4755,0.4805,2816.6,60.9,7.049,23.7,77.5,9,1
93.16,264.91,596.8,0.4234,0.3239,2854.5,60.78,3.372,18.9,70.2,9,1
37.64,108.68,326.55,0.3755,0.6934,883.4,5.48,1.028,20.7,43.1,9,0
115.71,362.13,986.94,0.5317,0.1987,1308.5,60.31,6.115,21.8,86.6,9,1
46.34,128.12,528.31,0.3605,0.2186,643.0,8.26,4.13,22.6,71.8,9,0
94.73,202.91,800.71,0.5118,0.1745,444.8,20.95,1.657,26.4,93.3,9,0
91.41,332.94,1491.79,0.6374,0.6922,3474.2,35.9,3.719,27.4,75.8,9,0
50.18,157.76,509.24,0.4131,0.4001,2363.5,33.8,6.068,34.4,78.8,9,0
97.96,357.1,1197.54,0.5613,0.3303,1988.9,41.28,11.146,29.1,68.5,9,0
85.18,186.55,812.61,0.5197,0.7388,2726.1,33.77,9.132,27.2,72.8,9,0
119.98,371.07,1068.26,0.4826,0.7688,2972.3,61.06,1.181,19.8,77.9,9,1
77.57,254.85,841.08,0.5002,0.8177,2862.2,19.43,1.643,12.9,79.6,9,0
70.02,172.15,486.06,0.4838,0.1415,254.6,21.44,0.348,11.5,60.6,9,0
59.86,211.36,691.95,0.4695,0.6369,816.5,60.24,0.853,21.9,71.2,9,1
29.15,43.91,88.61,0.3065,0.2037,2361.2,9.6,6.422,26.7,48.8,9,0
64.78,193.51,757.84,0.5665,0.1046,1440.0,41.57,1.343,26.3,83.5,9,1
65.84,199.74,890.9,0.4885,0.2577,3442.2,45.9,2.907,33.8,66.8,9,1
79.29,224.74,444.43,0.4582,0.3693,2395.8,35.33,3.29,19.6,76.8,9,0
37.16,114.26,452.79,0.3689,0.1738,3356.6,46.65,4.567,25.7,46.8,9,0
66.76,128.05,314.06,0.4158,0.3823,864.8,15.37,0.606,32.2,58.1,9,0
87.14,279.89,653.09,0.4024,0.7632,3051.1,56.16,1.091,20.1,70.0,9,1
89.62,209.67,769.92,0.4691,0.3199,1260.5,13.4,1.784,21.9,83.7,9,0
26.24,69.01,132.44,0.296,0.4164,3465.6,29.05,1.362,33.1,63.1,9,0
90.39,210.87,643.31,0.5229,0.3304,720.4,9.52,12.207,23.8,85.8,9,0
66.57,178.73,322.41,0.353,0.6096,1903.9,37.71,5.404,30.0,57.9,9,0
68.11,208.0,685.74,0.3808,0.1166,2816.4,45.18,1.96,33.4,74.5,9,0
13.62,48.98,149.27,0.3344,0.4216,1627.7,61.47,6.343,24.3,49.6,9,0
110.07,298.14,1273.61,0.5799,0.203,1744.7,49.36,1.282,12.7,76.6,9,1
77.15,178.08,666.84,0.4312,0.7043,3455.0,37.47,4.623,30.5,68.8,9,0
34.45,93.69,200.52,0.2992,0.1959,1603.5,60.96,0.76,30.4,59.4,9,0
82.11,264.57,729.49,0.4968,0.4219,2193.4,33.71,4.439,12.9,79.9,9,0
81.35,192.53,830.8,0.528,0.2772,380.0,38.67,1.829,23.7,83.4,9,0
103.3,261.93,984.44,0.4132,0.6835,2979.3,40.77,0.341,22.2,85.2,9,0
64.99,188.94,643.24,0.3839,0.2772,2339.0,29.6,0.958,31.2,74.6,9,0
73.03,163.23,540.21,0.3994,0.512,1533.3,55.31,1.544,16.9,86.5,9,1
56.66,114.61,329.5,0.3389,0.1634,253.4,16.11,4.15,20.7,72.6,9,0
87.68,162.3,548.58,0.4353,0.7528,2152.5,38.29,0.227,25.1,74.6,9,0
53.15,126.57,491.53,0.4896,0.6059,241.8,48.33,3.232,22.9,70.6,9,0
50.41,81.71,175.21,0.3158,0.5648,204.0,59.24,3.776,33.9,78.8,9,0
71.04,210.18,928.7,0.5634,0.4693,2233.1,58.04,3.183,34.0,64.3,9,1
42.09,81.64,199.71,0.2663,0.4086,823.8,35.52,4.29,12.0,59.2,9,0
112.79,275.59,829.23,0.4875,0.1535,833.2,43.59,0.589,17.4,95.4,9,1
120.92,262.76,489.08,0.3674,0.4666,2355.8,28.65,2.654,10.2,84.0,9,0
61.39,188.85,620.54,0.4472,0.867,377.2,33.09,8.498,20.4,74.5,9,0
38.07,138.03,390.78,0.2898,0.2808,1234.2,59.38,2.831,26.6,71.7,9,0
81.15,250.2,619.08,0.3587,0.7323,693.1,60.84,2.835,21.8,64.3,9,1
60.68,173.32,773.17,0.4774,0.1992,2114.6,58.72,4.0,11.7,64.9,9,1
102.1,323.94,957.55,0.4587,0.7026,2383.8,13.3,1.216,14.9,90.3,9,0
53.06,83.56,243.88,0.3323,0.2993,2579.7,56.01,3.617,14.3,64.9,9,0
86.35,156.04,475.97,0.4864,0.3002,1042.3,61.9,7.439,22.8,59.8,9,1
75.58,131.31,277.54,0.362,0.4188,494.5,26.67,0.1,26.9,68.6,9,0
55.83,97.45,278.83,0.4005,0.6655,459.7,36.12,6.123,17.9,73.1,9,0
78.73,169.38,458.72,0.3532,0.6106,1606.3,51.75,0.74,13.3,83.8,9,1
94.7,268.0,818.98,0.3957,0.3173,3321.3,38.72,1.826,30.0,78.8,9,0
74.9,133.83,550.44,0.4053,0.5048,918.5,64.61,5.739,31.5,76.3,9,0
75.17,288.47,669.4,0.3585,0.1191,1047.2,32.34,5.21,16.9,69.6,9,0
50.91,185.11,636.93,0.3916,0.2732,532.9,47.84,6.675,20.5,72.5,9,0
101.34,398.17,757.17,0.4623,0.2418,2198.4,52.56,8.461,12.0,91.8,9,0
98.85,158.77,421.6,0.3782,0.3907,2443.6,34.65,1.778,15.7,85.8,9,0
62.47,226.67,697.28,0.4553,0.52,2321.7,56.42,3.205,29.2,67.8,9,1
69.63,244.34,488.82,0.4271,0.48,3041.7,37.77,1.485,19.1,74.4,9,0
108.09,405.9,1326.78,0.5038,0.602,1805.2,29.7,1.296,25.1,90.0,9,0
44.39,125.19,330.23,0.3185,0.2166,643.7,11.47,1.695,33.7,63.5,9,0
87.84,304.78,1365.61,0.4624,0.6182,1155.0,28.6,4.077,28.1,82.8,9,0
58.77,95.69,335.25,0.3481,0.05,2386.0,49.04,2.088,21.3,70.6,9,0
117.19,198.01,486.96,0.4336,0.4501,2223.3,60.28,5.047,19.2,96.5,9,1
74.32,133.5,277.31,0.4297,0.0802,1952.3,20.1,4.102,14.8,77.9,9,0
77.23,292.47,558.6,0.4205,0.5368,2453.8,26.31,0.1,28.9,69.2,10,0
26.69,44.11,90.21,0.3866,0.5109,2303.4,14.24,2.985,12.8,69.2,10,0
14.51,25.39,92.34,0.3375,0.4309,3108.4,46.44,1.721,11.5,58.0,10,0
39.86,152.52,626.63,0.4299,0.6813,2133.9,62.61,1.83,12.6,60.8,10,0
52.29,92.47,205.58,0.3103,0.1091,2769.4,43.46,5.117,16.1,54.9,10,0
32.95,121.08,349.41,0.2502,0.2074,1020.7,42.02,2.38,25.7,61.7,10,0
64.68,224.64,619.21,0.4842,0.5692,2438.0,38.21,6.505,31.5,84.1,10,0
40.47,64.78,229.35,0.3429,0.6783,3177.2,10.31,3.743,34.8,40.3,10,0
6.32,9.82,22.51,0.3739,0.3545,1472.9,48.77,2.415,28.3,30.4,10,0
59.54,168.86,738.57,0.3993,0.2442,2771.0,41.12,4.214,13.6,74.0,10,0
23.66,94.46,355.85,0.4921,0.5502,2591.8,44.69,0.117,16.9,59.0,10,1
36.68,135.61,593.8,0.4055,0.5885,396.4,58.93,0.1,13.3,66.4,10,1
84.55,192.35,490.29,0.3628,0.3951,2119.0,52.04,0.261,12.9,71.2,10,1
90.04,222.02,751.95,0.4387,0.78,629.6,51.85,1.726,24.2,59.9,10,0
31.33,77.39,292.3,0.3666,0.5161,3392.2,60.63,0.805,32.7,52.7,10,0
60.17,200.68,746.44,0.4448,0.05,2877.6,64.4,12.455,27.1,80.5,10,1
31.91,75.09,139.49,0.3019,0.2674,562.1,39.88,2.345,30.0,56.0,10,0
38.55,72.07,323.97,0.2742,0.4868,601.8,11.53,3.258,22.7,58.0,10,0
30.58,102.97,443.38,0.3479,0.5217,2161.8,32.55,0.981,21.9,38.1,10,0
2.61,6.91,14.67,0.3566,0.2619,1338.1,52.26,1.165,33.4,36.3,10,0
48.1,81.38,265.91,0.3088,0.7384,315.2,6.66,1.226,28.0,73.3,10,0
52.92,183.92,487.26,0.311,0.3009,1987.4,8.41,3.599,21.5,63.8,10,0
28.95,85.77,357.94,0.3183,0.5318,1479.9,9.03,1.926,18.3,66.6,10,0
72.92,198.58,731.43,0.4409,0.1202,533.6,48.86,2.187,12.3,65.8,10,0
34.82,110.84,266.41,0.315,0.7252,2846.3,35.07,2.689,30.5,48.7,10,0
29.79,82.32,155.71,0.3169,0.6997,3219.8,27.13,4.394,14.2,56.8,10,0
58.88,183.78,475.56,0.3546,0.122,2696.8,11.34,0.284,22.9,63.1,10,0
7.15,26.25,49.94,0.3604,0.7065,2914.0,48.93,4.5,25.9,45.5,10,0
68.39,207.47,452.61,0.4145,0.3355,914.4,24.26,2.485,28.6,64.1,10,0
35.67,112.31,395.07,0.4894,0.4379,1069.8,20.92,3.318,12.1,59.6,10,0
70.45,213.8,814.95,0.4428,0.6207,888.1,44.14,1.19,10.3,67.2,10,0
77.92,220.37,675.12,0.4199,0.6241,2724.7,38.54,1.58,27.7,65.9,10,0
61.72,119.12,407.5,0.4401,0.7474,3328.1,26.74,0.789,21.4,83.0,10,0
25.42,59.47,132.07,0.3458,0.5851,2565.6,43.49,11.633,14.5,61.3,10,0
14.45,46.71,124.04,0.2776,0.8601,3108.8,21.27,2.062,34.6,55.6,10,0
9.87,25.3,94.24,0.3465,0.1856,2307.7,52.69,16.623,29.8,52.4,10,0
73.29,184.36,513.47,0.4218,0.2731,1479.3,18.76,2.019,24.5,77.3,10,0
42.35,143.92,394.59,0.2887,0.5104,1605.0,14.53,0.744,27.6,67.0,10,0
30.74,46.54,108.15,0.2889,0.5894,448.6,51.95,2.124,13.9,50.9,10,0
42.42,135.63,461.97,0.4013,0.3754,303.8,47.47,0.121,34.1,50.5,10,1
72.74,198.07,789.44,0.5292,0.0765,2495.1,15.96,7.054,34.9,53.6,10,0
65.19,159.19,488.3,0.4319,0.7383,1646.8,11.97,5.12,26.2,83.9,10,0
56.68,133.28,281.49,0.3277,0.752,2022.3,55.3,3.882,26.7,63.4,10,0
61.67,119.15,484.19,0.3608,0.3335,2040.3,51.6,2.823,27.6,73.2,10,0
50.23,117.31,233.77,0.3863,0.1912,1115.3,24.64,2.601,26.6,66.7,10,0
53.27,132.04,405.85,0.2593,0.05,1770.4,44.49,17.167,21.0,73.3,10,0
51.25,132.91,332.94,0.3258,0.1851,1753.5,12.45,0.977,23.5,64.9,10,0
45.72,145.42,629.39,0.4955,0.5977,1481.8,35.42,4.538,17.1,53.1,10,0
64.56,170.03,644.66,0.4429,0.8525,2908.2,6.12,2.613,21.2,61.1,10,0
54.75,191.13,636.32,0.3885,0.173,1688.8,28.5,11.174,20.9,63.6,10,0
23.7,73.46,264.69,0.2925,0.5261,2192.0,9.49,5.277,17.2,44.4,10,0
58.94,116.35,376.79,0.4168,0.6718,3155.2,33.51,19.558,29.7,60.8,10,0
51.9,113.82,250.23,0.3536,0.2871,3058.6,30.3,2.663,20.2,56.0,10,0
61.01,103.6,384.81,0.3655,0.53,3138.4,31.66,0.687,23.8,65.7,10,0
43.12,166.61,521.53,0.4223,0.611,1091.0,7.72,2.102,13.9,59.0,10,0
66.01,245.33,861.77,0.4794,0.6955,315.4,26.7,3.725,21.9,70.8,10,0
44.19,75.65,145.39,0.3333,0.3319,1061.5,50.39,4.466,29.0,70.1,10,0
63.82,187.32,409.01,0.3151,0.5918,1119.7,27.13,0.1,21.1,67.2,10,0
34.31,133.84,453.89,0.3389,0.2695,3200.9,47.91,2.11,23.9,48.3,10,0
36.04,121.38,369.04,0.4107,0.1988,2342.5,27.17,0.805,27.5,44.4,10,0
60.77,165.88,400.19,0.4075,0.1558,469.6,30.39,6.236,19.7,69.5,10,0
37.43,78.7,192.82,0.3574,0.4093,646.7,38.83,0.498,18.8,55.9,10,0
100.87,221.66,777.03,0.4251,0.05,713.7,62.04,3.294,12.1,79.0,10,1
59.88,200.04,391.92,0.4161,0.2548,2280.4,11.53,0.928,24.6,70.6,10,0
46.34,159.95,475.46,0.3759,0.6635,2626.9,6.97,1.323,27.7,75.4,10,0
66.22,186.85,600.23,0.4843,0.5691,3036.8,41.48,8.468,24.5,55.9,10,0
33.7,60.75,159.88,0.2944,0.1273,3304.1,61.95,0.825,17.1,52.0,10,1
68.8,263.81,1059.33,0.4842,0.3108,865.6,64.38,0.299,16.6,70.0,10,1
68.1,245.98,480.46,0.3879,0.4366,1222.2,34.05,0.215,14.0,61.3,10,0
77.06,142.66,590.29,0.4596,0.253,993.1,33.08,2.107,11.2,61.2,10,0
34.7,56.97,213.81,0.3407,0.3663,1383.9,43.7,3.079,20.7,70.9,10,0
15.15,43.03,129.29,0.3276,0.6344,3218.4,38.34,1.189,14.0,46.2,10,0
30.47,67.34,289.31,0.3379,0.1047,2097.9,43.05,3.516,27.3,48.7,10,0
38.68,85.41,315.68,0.3761,0.2274,2636.0,57.44,0.189,34.0,52.4,10,1
87.4,150.16,647.76,0.4252,0.1538,1817.4,49.78,5.842,11.8,84.9,10,0
100.6,390.66,1201.67,0.4995,0.1415,295.2,34.81,5.088,32.3,74.6,10,0
54.34,194.28,587.31,0.4231,0.7503,411.8,32.71,12.7,26.4,55.2,10,0
45.96,82.01,265.14,0.3602,0.3356,1975.1,43.38,8.27,31.5,57.1,10,0
36.97,136.49,269.79,0.4711,0.4074,2572.0,32.34,1.321,13.9,60.7,10,0
66.34,212.77,904.91,0.4492,0.5193,910.6,32.47,1.529,32.7,77.0,10,0
100.44,232.37,837.18,0.4244,0.05,2582.3,5.98,4.111,33.9,86.6,10,0
90.37,332.38,1152.53,0.5429,0.241,2875.2,15.44,0.432,32.7,70.9,10,0
74.17,222.14,955.54,0.4402,0.688,1559.3,34.31,1.131,29.6,68.0,10,0
73.8,267.29,1198.22,0.4844,0.7809,2663.2,54.36,0.379,12.3,89.0,10,1
66.53,177.84,398.57,0.3073,0.3258,1533.3,21.72,1.82,15.5,77.9,10,0
44.54,122.55,468.44,0.3543,0.3464,2438.6,36.36,2.409,32.8,61.3,10,0
27.31,60.83,204.74,0.3032,0.6616,2721.2,25.7,0.712,15.7,39.8,10,0
45.2,111.61,339.82,0.3034,0.23,3473.4,11.29,0.1,18.7,59.9,10,0
56.28,164.3,729.42,0.4324,0.1858,1339.8,62.5,3.812,11.3,56.3,10,1
9.38,36.28,148.59,0.2112,0.3044,1556.4,56.28,0.1,25.7,45.9,10,0
41.9,125.7,462.74,0.4165,0.308,746.5,9.71,10.881,24.1,54.8,10,0
25.07,46.85,132.73,0.2985,0.1367,873.4,48.19,0.752,34.0,55.7,10,0
71.07,107.84,388.05,0.3566,0.4373,2488.2,25.85,3.271,32.3,71.9,10,0
31.98,116.0,375.33,0.4039,0.5616,3226.3,64.69,1.711,22.6,53.7,10,0
53.93,130.01,321.54,0.3825,0.4929,1502.2,23.14,0.185,25.2,56.0,10,0
28.22,64.55,194.69,0.3072,0.1077,793.5,19.32,1.917,20.3,57.0,10,0
85.66,299.98,711.84,0.464,0.2047,1140.8,39.07,2.182,13.3,71.7,10,0
3.2,12.37,38.98,0.3852,0.6776,1701.7,55.11,5.787,31.7,35.8,10,0
57.62,194.18,727.12,0.3939,0.1624,1159.1,16.55,3.954,23.7,72.1,10,0
13.79,26.68,50.66,0.3478,0.0771,970.8,47.56,0.248,20.6,48.3,10,0
32.99,81.76,316.12,0.3072,0.2667,2628.7,8.68,0.704,11.7,57.7,10,0
50.88,172.9,320.55,0.4225,0.2699,225.9,60.14,1.121,26.6,63.5,10,0
52.1,196.3,627.49,0.3891,0.7265,1979.5,9.86,0.371,20.0,65.5,10,0
51.45,205.63,688.53,0.3993,0.5601,2819.4,59.85,1.831,16.3,66.6,10,1
49.51,137.6,530.48,0.4629,0.1843,1078.6,34.45,12.464,31.9,54.4,10,0
29.67,105.53,406.8,0.4169,0.6739,2190.9,31.89,2.168,14.6,61.4,10,0
41.62,67.28,196.94,0.3052,0.3999,2407.4,63.4,4.063,22.9,59.7,10,0
46.51,103.0,203.86,0.3469,0.1871,2361.6,64.42,3.446,29.9,72.6,10,0
50.6,122.91,451.37,0.3542,0.1352,1671.3,44.01,5.69,31.2,71.7,10,0
44.08,173.62,552.05,0.33,0.527,1343.7,12.63,0.729,30.5,73.8,10,0
63.96,96.48,260.43,0.3612,0.1356,2958.5,35.37,4.205,32.4,61.7,10,0
48.06,109.09,265.54,0.3349,0.1798,2702.9,36.75,6.395,13.6,74.7,10,0
50.75,194.19,412.33,0.3346,0.1875,1260.1,35.87,0.564,33.5,66.0,10,0
36.15,81.95,212.82,0.4075,0.2403,540.0,39.17,1.278,10.3,66.4,10,0
19.41,40.04,121.63,0.2786,0.5378,437.0,6.12,10.53,16.4,61.2,10,0
49.57,164.84,509.27,0.4084,0.7428,511.1,47.67,4.553,12.1,68.5,10,0
75.91,255.3,861.23,0.5251,0.6283,2123.5,47.74,0.996,33.6,64.1,10,0
56.82,152.3,423.18,0.3713,0.5487,370.5,11.93,2.49,20.6,74.7,10,0
25.28,97.78,418.86,0.3465,0.7878,1311.9,39.21,1.554,17.9,60.4,10,0
66.09,132.63,416.29,0.3976,0.0613,2685.6,39.1,2.02,14.2,58.0,10,0
37.34,141.29,415.96,0.4054,0.2238,1171.3,45.95,1.316,13.9,57.3,10,0
63.59,215.48,415.89,0.4265,0.3276,2718.9,10.12,0.983,25.3,59.4,10,0
36.5,88.35,301.93,0.4535,0.3389,2660.0,42.59,3.37,11.2,49.5,10,0
54.55,191.88,657.71,0.4078,0.3431,1011.2,21.85,4.523,24.9,73.2,10,0
20.55,37.66,127.1,0.335,0.3094,2605.1,35.42,6.213,29.4,44.3,11,0
21.18,38.71,162.44,0.2688,0.2547,2667.7,51.4,0.506,25.0,45.8,11,0
5.65,21.61,83.4,0.3499,0.427,1511.6,47.34,5.192,30.7,67.5,11,0
46.31,80.44,333.17,0.3754,0.8241,894.4,12.13,0.882,16.6,60.3,11,0
42.76,64.58,126.6,0.3162,0.3182,1920.2,40.47,1.672,11.9,68.1,11,0
44.17,109.21,290.39,0.3268,0.1881,3240.6,63.15,6.951,28.0,72.2,11,0
40.39,71.07,189.09,0.3201,0.6743,2310.7,14.41,1.818,30.7,68.3,11,0
14.45,52.86,188.92,0.3494,0.4158,770.6,56.17,0.658,22.5,55.5,11,0
57.66,219.48,660.91,0.383,0.2501,2453.1,47.15,0.523,30.5,67.0,11,0
58.33,157.84,615.44,0.4069,0.2802,1609.8,51.44,1.922,21.4,71.8,11,0
13.8,35.38,100.42,0.3208,0.6161,2152.0,21.92,4.315,15.0,52.3,11,0
46.81,133.3,319.7,0.2865,0.6936,2622.4,22.27,17.64,21.9,69.6,11,0
55.38,114.39,295.77,0.3062,0.4439,1899.3,59.36,4.645,15.4,64.5,11,0
21.76,48.84,111.97,0.2892,0.2031,2886.1,26.59,6.287,21.8,55.4,11,0
26.11,45.75,106.8,0.3996,0.291,2583.1,8.78,4.133,13.7,72.9,11,0
46.86,122.59,292.44,0.3166,0.156,2229.7,41.04,6.774,14.6,60.2,11,0
4.25,12.88,23.74,0.3019,0.8242,697.6,12.49,0.238,32.1,51.4,11,0
6.29,24.08,89.91,0.2658,0.5932,2958.6,52.8,7.975,12.9,55.3,11,0
8.76,29.34,84.46,0.278,0.1199,3288.5,43.5,1.515,15.6,56.6,11,0
11.4,37.71,70.18,0.2419,0.6457,652.0,57.48,7.638,34.9,55.8,11,0
60.63,137.63,385.24,0.4101,0.3409,1811.2,52.09,0.236,24.4,58.2,11,1
16.2,60.26,255.77,0.2845,0.7822,1054.3,11.73,3.768,24.6,56.2,11,0
42.09,162.76,517.64,0.4482,0.7844,2689.9,27.86,3.992,31.1,64.6,11,0
53.8,206.09,920.03,0.5062,0.05,2581.4,51.47,17.34,23.1,75.3,11,0
26.17,41.79,136.15,0.3233,0.6741,664.9,30.04,4.394,15.5,63.8,11,0
16.8,50.58,222.52,0.3912,0.4782,3094.2,63.34,1.447,20.6,64.7,11,1
39.33,122.24,286.63,0.5121,0.2072,797.2,49.14,2.444,28.9,53.8,11,0
33.55,75.08,193.92,0.3624,0.6407,2831.0,5.93,1.37,31.8,52.1,11,0
58.6,233.27,860.75,0.415,0.4973,1708.0,57.8,0.655,16.8,70.2,11,1
32.21,71.75,320.33,0.4381,0.05,1283.3,11.05,0.857,16.5,68.7,11,0
10.54,21.52,86.68,0.3265,0.5274,722.2,13.43,0.753,18.2,51.6,11,0
47.55,128.87,424.63,0.4899,0.5123,753.1,49.07,2.388,24.9,58.3,11,0
34.77,80.24,162.88,0.3071,0.0728,2384.2,56.9,7.099,17.0,47.6,11,1
52.31,199.3,554.82,0.4743,0.3174,2016.4,37.18,7.316,32.3,68.6,11,0
40.06,104.16,211.79,0.3421,0.5377,602.9,22.34,0.169,34.5,61.1,11,0
30.14,76.11,200.97,0.4728,0.2371,571.9,26.08,0.25,27.0,55.6,11,0
25.95,79.53,198.72,0.3254,0.7217,438.6,25.57,0.844,34.3,65.0,11,0
91.63,156.03,444.55,0.5384,0.05,2654.4,24.6,0.883,17.2,76.8,11,0
71.88,243.81,990.03,0.5187,0.128,2549.2,19.57,0.299,30.4,71.6,11,0
45.9,157.01,346.36,0.4112,0.1446,392.8,41.53,1.475,27.0,71.0,11,0
35.47,95.24,250.13,0.4347,0.5056,2048.9,59.02,2.658,16.6,78.2,11,0
46.96,182.64,457.52,0.3515,0.5234,479.4,23.42,2.589,18.0,60.5,11,0
54.18,159.74,415.25,0.431,0.4018,3182.4,16.2,2.352,22.2,59.2,11,0
43.98,142.41,394.99,0.3638,0.2665,3193.5,55.31,1.241,29.8,55.3,11,0
14.72,56.11,138.01,0.335,0.7591,2504.2,49.51,3.677,31.8,58.2,11,0
78.12,247.32,1074.59,0.5177,0.0945,3256.4,60.85,5.254,25.8,64.7,11,1
39.66,102.31,300.22,0.3883,0.247,2877.8,14.93,1.275,28.0,58.9,11,0
83.86,130.98,276.11,0.3814,0.05,2934.2,13.66,0.268,16.6,72.9,11,0
38.19,126.81,388.37,0.3484,0.1147,2080.0,37.49,1.054,28.5,73.9,11,0
27.37,107.06,246.03,0.3551,0.2785,1210.0,41.87,0.443,25.1,67.8,11,0
68.11,182.24,434.37,0.2696,0.1825,918.7,33.81,1.89,15.6,58.1,11,0
41.04,96.41,247.75,0.3987,0.3203,1279.8,40.94,0.509,33.8,75.0,11,0
36.84,103.09,220.29,0.4285,0.7106,2274.0,15.82,1.864,22.8,51.3,11,0
3.5,11.62,43.54,0.3182,0.1618,769.8,33.78,0.749,29.9,52.3,11,0
50.01,75.11,295.79,0.2785,0.6588,1053.5,44.49,4.027,23.1,58.3,11,0
21.18,78.73,225.53,0.382,0.5214,1744.6,30.96,0.1,33.3,53.2,11,0
22.31,82.91,303.49,0.3221,0.3354,969.1,45.77,2.427,13.5,48.9,11,0
21.24,60.61,172.76,0.3434,0.5611,2142.5,32.07,0.557,23.7,69.8,11,0
44.48,80.34,180.19,0.3701,0.3997,3246.5,25.02,0.1,10.6,62.2,11,0
4.88,15.51,44.54,0.3362,0.1356,2668.7,23.22,6.102,14.9,53.3,11,0
28.24,52.09,172.08,0.3882,0.7471,2399.2,29.65,3.34,17.0,49.9,11,0
58.01,160.64,306.92,0.3683,0.4883,2123.0,6.39,0.313,21.8,56.1,11,0
2.37,4.1,14.64,0.3116,0.8128,1810.2,45.11,3.273,30.5,47.2,11,0
37.83,112.46,427.9,0.4219,0.7403,815.7,55.71,2.838,21.7,65.5,11,0
17.72,40.68,167.67,0.3297,0.0905,3152.5,26.28,1.924,24.0,54.3,11,0
23.42,83.77,174.03,0.3002,0.2196,1020.2,7.76,1.63,33.1,64.8,11,0
74.89,262.09,471.83,0.4163,0.1658,501.3,64.21,6.543,28.9,73.5,11,0
7.75,30.99,61.91,0.2559,0.6863,2675.1,20.82,0.844,11.3,52.4,11,0
52.65,112.87,484.77,0.3923,0.7276,779.5,12.6,1.524,14.4,70.1,11,0
21.56,35.67,137.94,0.2585,0.4105,1427.3,27.19,1.197,11.0,57.3,11,0
20.32,52.97,214.85,0.3149,0.1742,293.3,49.31,4.425,11.7,63.6,11,0
5.72,9.77,31.23,0.2805,0.2483,652.3,22.63,7.447,18.5,56.2,11,0
52.36,101.9,328.32,0.316,0.6689,771.6,39.48,5.687,28.2,73.0,11,0
28.72,85.97,224.05,0.3995,0.7816,379.6,29.93,4.794,16.1,64.3,11,0
25.57,76.2,310.53,0.4126,0.2704,2367.0,12.07,12.98,19.8,68.6,11,0
36.25,58.31,235.58,0.4125,0.0557,2962.1,24.82,3.583,19.8,67.5,11,0
29.25,76.26,218.03,0.3339,0.3548,1431.9,48.49,4.172,24.8,72.8,11,0
16.51,46.65,125.44,0.3032,0.1075,3086.1,41.72,12.189,32.3,50.6,11,0
21.24,46.09,174.83,0.3749,0.6578,904.0,12.19,0.1,34.6,63.0,11,0
55.89,205.7,384.78,0.3829,0.4668,1273.8,14.8,3.016,25.1,55.7,11,0
4.16,7.91,32.61,0.3127,0.648,697.4,43.44,4.029,22.6,58.8,11,0
6.26,13.36,40.15,0.1808,0.4613,2247.8,53.8,7.497,27.0,52.3,11,0
22.84,43.22,129.3,0.3635,0.3851,1585.6,25.97,6.458,26.7,64.3,11,0
15.37,27.53,99.28,0.3509,0.2793,2223.8,40.72,5.535,23.1,68.0,11,0
32.81,121.32,429.89,0.3851,0.6685,2713.5,15.24,8.745,28.4,66.3,11,0
6.18,13.56,34.16,0.3476,0.6118,2000.8,23.68,2.313,22.3,48.6,11,0
23.81,78.73,342.22,0.3981,0.3174,2271.2,6.22,0.1,34.9,48.4,11,0
32.31,83.03,370.57,0.3388,0.2104,3286.3,51.1,0.1,11.2,64.0,11,1
49.73,153.65,494.79,0.3873,0.05,1186.9,29.06,2.36,21.1,62.6,11,0
64.63,246.91,818.67,0.4123,0.0942,1385.2,53.97,1.714,19.9,74.7,11,1
26.97,97.4,321.09,0.4369,0.481,2568.4,47.5,1.8,29.3,54.0,11,0
80.71,134.98,420.02,0.4323,0.4389,2217.3,54.72,1.535,14.8,66.8,11,0
28.91,104.45,454.58,0.3496,0.4892,789.2,22.14,7.493,20.9,56.7,11,0
54.23,142.6,350.91,0.4007,0.5139,1441.3,16.11,1.335,27.4,70.3,11,0
81.8,194.29,406.36,0.3947,0.3607,1743.9,63.31,5.819,25.1,75.5,11,1
36.99,117.67,507.11,0.3665,0.4666,1584.0,48.04,6.995,23.6,54.6,11,0
0.83,3.22,7.64,0.3077,0.262,788.3,55.04,2.076,20.9,64.7,11,0
35.78,62.09,237.36,0.3901,0.6799,3250.6,5.79,1.777,28.8,59.6,11,0
18.22,62.3,146.44,0.3761,0.4903,2715.7,26.27,4.294,26.2,37.4,11,0
26.65,53.53,235.12,0.4633,0.1763,1788.5,49.57,3.693,31.9,65.5,11,0
83.13,203.7,801.78,0.464,0.5659,2444.2,9.68,1.195,28.3,74.9,11,0
2.94,10.83,46.35,0.2973,0.3529,3161.0,39.04,0.325,13.5,49.5,11,0
41.02,117.5,513.2,0.4301,0.7487,649.4,30.74,0.923,25.5,60.8,11,0
11.56,19.3,39.13,0.2986,0.7994,1026.2,6.06,0.421,11.1,52.0,11,0
25.82,71.51,212.41,0.313,0.5756,1990.9,19.16,1.048,19.7,71.1,11,0
52.13,181.1,642.89,0.3814,0.6562,2836.7,22.09,0.911,20.3,69.4,11,0
41.46,117.01,464.15,0.2208,0.1233,319.6,11.71,3.046,31.4,64.5,11,0
27.88,53.46,131.07,0.3628,0.5191,3447.3,42.89,9.27,14.5,56.3,11,0
17.26,45.1,192.55,0.2564,0.6779,1701.2,19.54,3.473,26.1,69.0,11,0
41.41,157.81,378.21,0.3311,0.42,1385.5,21.66,7.838,14.8,69.2,11,0
76.2,239.69,991.99,0.5117,0.5136,1166.0,58.89,4.599,33.7,80.8,11,1
10.97,36.49,116.18,0.307,0.752,775.4,33.03,3.905,23.2,55.5,11,0
81.3,281.69,899.05,0.5861,0.1804,2812.2,28.53,1.604,27.7,82.4,11,0
63.5,109.64,308.07,0.2857,0.1986,3352.9,48.43,1.178,26.2,72.2,11,0
67.74,200.1,416.1,0.4946,0.5593,1565.0,59.58,5.618,17.6,67.4,11,0
41.22,100.56,275.26,0.4237,0.7032,3343.0,6.5,7.074,32.5,65.3,11,0
62.79,116.02,342.52,0.4135,0.6764,2918.5,31.89,1.804,25.7,85.6,11,0
8.29,16.63,51.44,0.3822,0.556,1787.5,41.65,0.1,22.8,54.1,11,0
16.81,58.03,220.26,0.364,0.8072,2424.3,24.11,4.718,23.2,65.2,11,0
52.65,100.24,275.71,0.2696,0.5081,1635.4,51.34,1.007,32.3,75.3,11,0
37.87,86.39,250.33,0.3755,0.1364,2043.8,63.29,0.1,11.5,65.9,12,1
26.77,59.21,251.43,0.2759,0.589,391.6,61.61,4.904,19.7,71.3,12,0
32.09,52.04,199.4,0.3132,0.2703,2497.7,20.96,2.186,31.0,42.2,12,0
19.59,52.01,96.83,0.3153,0.2579,374.3,18.58,3.468,10.9,41.2,12,0
1.12,3.84,15.32,0.2575,0.3716,2896.4,62.45,7.384,26.0,64.2,12,0
42.81,66.59,297.85,0.4065,0.2083,2922.3,32.52,2.337,20.1,57.7,12,0
25.7,45.77,198.54,0.3288,0.3985,982.4,17.5,2.099,15.1,58.6,12,0
14.77,48.74,197.74,0.3598,0.1482,1268.1,47.42,1.03,25.3,68.4,12,0
96.55,288.09,1007.97,0.4998,0.2637,1788.3,22.07,1.092,30.8,80.6,12,0
56.43,185.55,473.35,0.4004,0.114,2169.0,21.03,4.777,21.7,80.4,12,0
56.87,118.02,420.98,0.3393,0.5157,1148.3,57.75,1.788,13.7,64.0,12,1
85.53,300.16,1104.02,0.4606,0.5771,2155.2,14.75,0.536,17.7,80.6,12,0
50.53,136.41,349.25,0.3617,0.6615,1182.7,8.86,0.298,34.5,65.6,12,0
11.2,33.89,84.37,0.2685,0.6846,383.1,21.15,1.921,12.8,65.3,12,0
8.28,14.32,41.13,0.3778,0.376,208.3,41.42,1.876,14.0,50.4,12,0
54.6,109.88,388.0,0.3083,0.5078,533.8,12.39,3.179,34.8,58.7,12,0
21.01,72.13,186.91,0.454,0.3801,2814.4,33.3,1.911,32.1,52.6,12,0
28.53,58.77,193.94,0.3536,0.0968,3372.7,42.64,0.465,27.7,55.2,12,0
23.8,41.21,174.24,0.3381,0.579,1609.0,55.92,2.127,13.8,52.0,12,0
32.95,98.61,256.06,0.3239,0.5903,1891.9,18.79,7.119,16.0,54.4,12,0
51.83,148.73,655.64,0.4631,0.727,684.6,54.04,0.521,14.5,74.5,12,1
37.46,113.12,348.19,0.359,0.4726,2018.4,19.09,3.511,25.8,72.5,12,0
53.93,164.25,340.4,0.3827,0.1903,677.4,45.61,2.703,20.0,69.3,12,0
79.6,218.93,426.6,0.4268,0.6123,2217.0,30.84,4.142,11.2,68.7,12,0
26.89,73.52,199.56,0.3731,0.5646,3279.8,11.88,0.49,17.3,53.4,12,0
100.67,383.58,958.43,0.5524,0.6358,845.8,47.86,8.522,31.5,63.6,12,0
35.79,101.46,413.75,0.4091,0.6269,2723.1,18.07,2.91,29.9,63.8,12,0
54.2,164.96,625.45,0.3767,0.2896,277.6,15.6,5.633,26.1,60.8,12,0
15.2,32.94,137.97,0.2234,0.1558,1439.1,26.5,0.85,12.1,66.3,12,0
70.96,260.96,884.92,0.4864,0.1688,565.5,44.2,4.034,32.1,60.3,12,0
56.52,88.22,262.52,0.3634,0.112,1363.2,19.04,4.556,23.4,62.2,12,0
67.26,194.59,492.42,0.4941,0.1579,772.7,16.02,1.52,22.4,69.4,12,0
31.84,78.31,264.24,0.3467,0.3634,1431.9,5.6,1.453,33.4,63.3,12,0
0.91,2.74,9.51,0.3206,0.7486,1577.8,33.3,3.217,10.2,64.7,12,0
41.98,100.78,288.33,0.3961,0.6684,1192.0,30.72,0.294,23.9,51.6,12,0
11.95,39.37,170.42,0.3595,0.6003,2366.9,19.03,3.991,29.8,51.2,12,0
22.07,34.23,120.75,0.3662,0.0958,3232.2,8.22,0.132,11.6,45.2,12,0
35.25,88.65,360.02,0.3306,0.3309,1522.0,30.76,0.634,18.9,66.9,12,0
89.91,321.7,1117.91,0.4733,0.5644,834.7,52.29,3.273,34.4,71.8,12,1
38.44,81.7,216.89,0.3291,0.1724,1093.4,47.92,0.31,15.3,60.7,12,1
33.96,55.42,209.99,0.233,0.6783,3018.2,56.65,10.71,23.3,58.8,12,0
28.9,79.22,191.85,0.3361,0.7885,2086.4,5.57,6.084,28.7,59.6,12,0
3.08,12.13,41.37,0.2752,0.3172,1701.5,62.99,2.953,19.8,49.7,12,0
32.62,54.16,156.33,0.3472,0.5603,693.8,25.48,5.129,20.2,52.0,12,0
33.05,55.36,122.05,0.311,0.1648,1684.1,64.42,6.557,11.6,60.6,12,0
6.26,18.7,54.53,0.2601,0.578,1119.0,20.16,0.901,14.8,45.5,12,0
0.81,1.71,4.52,0.3664,0.05,3312.4,33.29,5.68,32.0,56.8,12,0
18.44,46.56,97.92,0.3236,0.2264,3117.4,26.24,0.65,30.5,56.0,12,0
32.1,114.79,461.96,0.4349,0.5556,476.9,26.35,1.6,17.6,51.3,12,0
19.04,38.02,119.61,0.3329,0.7085,1905.0,55.54,2.451,19.5,75.0,12,0
4.2,13.86,37.91,0.3307,0.5856,942.7,49.79,3.754,21.0,64.5,12,0
37.71,104.12,329.36,0.2974,0.3513,1555.6,64.53,0.1,18.6,80.9,12,1
43.95,165.34,634.49,0.49,0.6027,3093.6,41.81,1.03,26.3,60.4,12,0
33.51,131.76,243.68,0.3923,0.6539,1940.8,32.8,2.813,10.3,53.4,12,0
16.4,44.48,145.74,0.328,0.8256,1302.9,10.4,1.327,32.0,61.4,12,0
45.35,134.3,415.47,0.3969,0.7036,886.0,64.79,4.475,17.5,72.5,12,0
25.71,86.51,364.31,0.4225,0.6278,2841.1,38.09,3.164,31.8,59.3,12,0
0.75,1.72,5.67,0.2825,0.5474,2260.9,47.03,0.801,21.4,33.4,12,0
56.38,116.53,252.96,0.2711,0.4192,1744.6,29.4,0.473,29.4,59.1,12,0
39.31,153.78,438.18,0.3694,0.0891,917.7,37.86,2.975,30.6,65.2,12,0
27.49,70.97,246.76,0.3566,0.1832,1303.0,61.55,1.796,17.5,53.0,12,0
8.8,13.24,25.47,0.3034,0.7052,3367.5,14.99,0.555,26.0,41.7,12,0
11.85,42.6,178.45,0.4013,0.6152,1916.3,22.54,1.185,25.2,51.5,12,0
80.94,242.75,481.37,0.3476,0.5381,1522.3,14.12,1.083,21.9,48.3,12,0
7.23,13.9,26.17,0.2635,0.4301,1920.7,52.53,0.343,21.7,47.3,12,0
24.19,38.11,68.8,0.2608,0.2206,2770.7,8.72,2.375,17.6,53.8,12,0
30.07,67.01,244.32,0.37,0.2999,1322.4,9.9,4.327,17.8,61.5,12,0
38.49,147.01,445.58,0.3122,0.4948,789.7,22.91,2.57,23.7,65.9,12,0
6.95,26.66,55.39,0.3482,0.4958,2130.3,35.85,5.251,10.8,55.1,12,0
34.83,79.32,326.16,0.3182,0.6698,2395.2,29.38,0.409,33.3,67.6,12,0
11.68,41.92,98.4,0.2809,0.1122,2552.0,7.69,1.716,26.2,52.2,12,0
32.91,85.72,229.82,0.4342,0.4774,3110.6,62.45,2.82,21.1,48.2,12,0
14.16,44.42,101.27,0.3817,0.2767,1424.9,62.17,3.381,11.5,54.6,12,0
8.83,20.62,88.73,0.3236,0.7904,448.7,21.76,3.57,25.8,45.6,12,0
51.35,143.25,551.05,0.3439,0.6237,3362.6,48.89,3.917,10.4,54.5,12,0
24.58,54.93,206.26,0.4417,0.5154,1635.5,39.71,3.162,27.0,62.0,12,0
42.32,69.94,134.2,0.3168,0.8692,2256.7,19.25,0.297,11.8,51.4,12,0
43.15,79.75,256.11,0.3633,0.4324,2398.8,20.73,3.565,26.4,68.4,12,0
62.22,138.55,464.67,0.4379,0.2487,2003.5,34.47,3.871,20.1,58.3,12,0
0.27,1.06,2.99,0.2025,0.5796,877.3,30.15,15.099,26.6,47.8,12,0
53.45,209.21,558.34,0.3789,0.2903,2692.0,22.47,3.546,13.5,61.5,12,0
30.89,110.24,452.0,0.3864,0.5234,2852.4,53.45,3.483,12.9,68.4,12,0
21.02,43.75,81.47,0.3227,0.77,2024.8,33.89,2.17,16.2,61.1,12,0
1.74,4.54,15.84,0.238,0.6334,1812.3,44.29,6.073,20.3,43.9,12,0
45.64,118.64,339.83,0.3838,0.2609,576.0,16.36,17.267,16.3,62.4,12,0
7.42,18.31,65.87,0.3148,0.2758,477.0,37.01,4.529,12.1,62.9,12,0
43.42,70.0,163.41,0.4158,0.0618,1320.6,24.08,2.844,18.1,75.0,12,0
78.67,223.13,545.43,0.4584,0.305,1225.8,36.58,0.247,27.6,62.7,12,0
54.97,92.47,312.96,0.3487,0.1569,3347.1,51.85,3.892,24.6,77.0,12,0
65.26,228.73,1016.87,0.4922,0.3757,2786.0,51.13,3.699,34.1,79.5,12,1
12.5,40.35,178.83,0.3863,0.668,2377.8,26.25,4.483,20.9,55.2,12,0
49.54,118.0,291.73,0.3721,0.6373,1908.2,46.66,0.399,18.3,64.1,12,0
1.87,5.83,12.1,0.2338,0.1273,752.3,61.48,3.182,27.3,46.2,12,0
24.64,51.31,174.14,0.4393,0.4138,3428.9,42.54,1.052,20.3,47.4,12,0
74.01,160.09,469.68,0.3438,0.2693,1437.6,13.9,4.285,25.5,74.9,12,0
15.28,34.92,134.66,0.4507,0.2543,552.9,45.78,0.825,33.7,53.2,12,0
58.26,203.47,656.3,0.4518,0.3513,1829.5,11.29,3.456,22.5,71.0,12,0
55.87,113.22,359.9,0.3397,0.3102,3084.2,57.33,1.049,22.5,70.4,12,1
57.34,166.69,591.0,0.2991,0.474,3128.1,36.0,0.1,29.4,87.3,12,1
1.2,2.4,5.14,0.3399,0.7336,236.2,28.11,3.01,28.9,59.9,12,0
43.6,96.48,350.06,0.292,0.4774,3124.8,8.42,0.361,22.9,67.5,12,0
26.56,55.48,173.03,0.3522,0.6958,1095.9,27.85,3.23,11.6,40.9,12,0
57.69,179.55,720.79,0.5399,0.1432,328.6,59.19,7.795,34.5,70.4,12,0
10.9,30.7,66.77,0.2564,0.6944,2997.7,6.26,10.445,19.4,65.9,12,0
39.67,131.04,342.27,0.4049,0.2641,3050.8,33.48,0.807,17.9,58.5,12,0
36.13,74.07,323.36,0.3237,0.2671,2167.6,60.87,4.97,34.5,78.4,12,0
19.28,29.36,96.69,0.3759,0.1065,2095.6,28.69,1.309,31.8,60.1,12,0
8.34,26.7,115.04,0.3261,0.268,2883.3,30.69,6.921,18.3,54.9,12,0
15.28,27.31,99.95,0.3189,0.5932,2794.8,39.71,4.646,17.7,46.7,12,0
12.32,26.06,112.08,0.3826,0.8053,3137.3,32.78,0.23,28.0,65.7,12,0
44.21,100.09,266.05,0.3841,0.6334,2024.1,15.12,1.568,18.4,56.6,12,0
35.36,119.05,243.4,0.3081,0.3216,3393.2,6.11,1.234,16.3,56.1,12,0
34.71,106.38,421.89,0.4732,0.5205,3487.3,41.59,4.614,34.5,45.4,12,0
4.48,8.79,34.9,0.2301,0.4937,584.6,60.25,1.584,24.1,58.5,12,0
58.49,175.15,607.91,0.4346,0.6798,3003.5,11.38,3.462,29.1,72.2,12,0
30.0,98.12,330.17,0.3245,0.5568,1849.4,17.66,2.767,27.8,59.1,12,0
31.32,77.42,330.62,0.2913,0.4307,1479.0,27.21,11.144,28.9,65.3,12,0
53.98,114.17,259.92,0.2949,0.4883,2223.1,53.52,8.331,32.6,71.4,12,0
5.69,18.2,63.05,0.3101,0.5883,384.7,21.16,1.674,22.5,48.8,12,0
36.19,109.55,211.91,0.3596,0.2056,1871.3,57.92,3.857,28.8,54.6,12,0
41.06,69.59,151.73,0.3831,0.252,3073.9,8.3,5.306,29.9,48.6,12,0
16.84,53.31,158.91,0.4054,0.5942,904.4,61.46,6.875,33.7,53.6,12,0
46.78,127.31,511.45,0.4155,0.667,1607.1,38.64,0.212,27.8,53.6,12,0
42.4,143.47,542.23,0.3856,0.4405,3300.3,44.53,1.079,32.3,64.0,12,0
27.47,54.31,240.58,0.3997,0.8466,1614.3,27.06,1.158,12.4,57.0,1,0
26.7,57.28,110.04,0.2911,0.1807,1382.6,51.92,1.71,13.2,54.8,1,0
43.09,123.17,348.51,0.2895,0.3939,1653.8,14.99,0.556,14.0,71.3,1,0
49.71,134.44,299.64,0.4065,0.3571,1914.2,7.93,2.057,13.6,57.0,1,0
31.57,77.86,147.92,0.3956,0.8072,2285.6,28.73,3.265,12.2,44.7,1,0
58.01,195.2,490.7,0.3564,0.4028,2842.3,56.22,2.064,13.1,65.6,1,0
46.47,135.3,332.85,0.4642,0.3732,1691.9,50.3,3.288,34.9,58.0,1,0
14.71,48.18,141.38,0.3572,0.2558,2897.7,36.03,0.206,16.8,55.4,1,0
5.12,9.64,21.0,0.3259,0.5615,1961.3,39.33,6.262,22.0,44.2,1,0
59.56,197.88,617.21,0.3968,0.779,1317.0,12.79,8.394,30.5,71.2,1,0
23.83,63.25,270.97,0.4047,0.3171,2371.2,55.44,2.886,13.0,49.4,1,0
34.11,54.04,206.43,0.2648,0.6141,2568.5,52.22,6.396,17.9,52.4,1,0
58.48,122.01,497.06,0.3818,0.6447,2041.6,44.39,0.423,14.0,72.5,1,0
29.84,46.68,185.46,0.3002,0.171,386.8,32.97,4.79,11.6,58.6,1,0
30.93,81.73,233.1,0.2809,0.6585,760.6,62.87,0.381,34.0,49.8,1,0
8.28,19.17,71.22,0.3573,0.291,1141.5,57.74,1.573,31.5,44.9,1,0
39.25,155.78,597.63,0.4358,0.2127,1132.7,43.67,1.174,32.0,58.8,1,0
44.66,163.98,386.2,0.417,0.5623,2422.3,27.31,2.643,31.7,54.3,1,0
15.55,55.44,228.56,0.3315,0.6435,260.6,42.08,1.077,13.9,52.4,1,0
6.95,19.14,58.09,0.3608,0.4096,2693.7,39.53,3.043,29.6,50.1,1,0
95.66,336.5,620.57,0.4272,0.05,1075.6,28.65,1.374,28.2,71.4,1,0
27.68,59.99,212.18,0.3185,0.8103,1223.1,23.4,5.915,33.1,63.5,1,0
12.91,37.46,135.87,0.2951,0.6084,1942.1,29.42,3.014,15.5,45.7,1,0
47.67,118.32,389.25,0.2782,0.3121,912.6,39.43,0.727,20.4,74.3,1,0
28.73,55.41,131.51,0.3843,0.4289,3118.8,30.69,1.229,17.4,56.9,1,0
2.86,4.81,14.91,0.3555,0.1479,481.7,20.81,5.64,16.4,45.6,1,0
42.08,121.84,350.94,0.5161,0.4073,1666.5,50.66,1.466,26.3,66.9,1,0
8.67,15.13,67.04,0.2966,0.5177,3003.1,36.89,2.302,14.1,52.9,1,0
69.41,228.72,920.96,0.4496,0.5005,2232.3,9.06,3.14,21.6,76.9,1,0
42.36,161.14,621.54,0.3384,0.202,1164.7,27.1,1.282,26.2,46.7,1,0
23.08,43.97,100.65,0.368,0.668,1588.5,58.09,1.044,13.3,61.1,1,0
32.74,87.64,236.1,0.3834,0.2789,2532.1,50.31,1.935,16.4,55.7,1,0
52.58,176.0,497.23,0.4764,0.4082,3411.8,24.39,0.726,34.2,66.1,1,0
34.65,76.82,240.47,0.3019,0.328,3147.4,61.29,1.003,29.9,59.7,1,1
83.05,315.77,594.15,0.4539,0.3776,1330.0,9.6,0.192,26.9,85.7,1,0
58.4,217.31,739.1,0.4207,0.2315,3494.1,62.67,1.087,31.4,52.6,1,1
42.19,74.23,205.34,0.408,0.6009,211.6,19.74,1.16,10.3,75.6,1,0
6.58,10.32,34.21,0.3336,0.3569,291.2,5.55,9.797,10.2,57.6,1,0
26.33,103.77,189.3,0.2598,0.05,2918.7,31.03,2.673,13.8,59.1,1,0
41.97,163.33,435.74,0.38,0.148,858.2,26.54,4.645,22.4,51.1,1,0
9.43,24.1,93.4,0.2212,0.4419,400.5,37.35,0.139,24.2,39.5,1,0
62.34,101.39,319.66,0.3053,0.1959,982.6,52.81,0.338,12.8,64.2,1,0
5.65,17.21,67.64,0.2583,0.4607,1606.1,55.55,5.055,11.8,56.8,1,0
14.07,31.43,115.88,0.291,0.4679,2610.9,29.07,2.931,30.7,54.2,1,0
15.94,61.26,251.66,0.3369,0.611,2260.3,30.79,0.636,21.6,59.4,1,0
48.6,169.44,308.4,0.3695,0.7447,984.2,13.89,1.557,34.8,52.9,1,0
9.88,30.86,77.32,0.3211,0.5925,1860.8,7.85,2.321,15.7,53.3,1,0
15.0,33.16,108.83,0.3204,0.6098,3256.5,43.47,5.566,26.2,63.3,1,0
57.2,186.09,807.77,0.4771,0.6003,2889.5,8.87,0.187,30.1,78.8,1,0
18.89,42.0,152.67,0.2678,0.8248,1266.5,49.03,2.724,31.8,45.6,1,0
3.29,5.24,15.9,0.3068,0.3154,3441.5,37.35,3.787,17.7,48.2,1,0
11.13,30.84,66.36,0.3849,0.6365,2538.4,16.91,11.435,14.8,50.6,1,0
72.92,198.47,621.54,0.4152,0.7038,406.1,37.37,4.938,15.7,66.9,1,0
13.58,46.26,138.36,0.3522,0.4205,316.0,15.98,0.97,26.7,61.3,1,0
26.92,98.63,384.84,0.3965,0.3864,755.7,31.32,3.709,23.1,81.0,1,0
18.83,44.93,131.02,0.3691,0.8677,2601.9,52.97,4.323,25.0,46.7,1,0
0.81,2.14,5.69,0.3155,0.6051,806.3,32.72,3.925,10.5,53.6,1,0
11.43,30.6,62.49,0.3547,0.3804,1887.9,13.92,5.147,19.8,55.8,1,0
2.53,5.84,11.24,0.3276,0.6828,507.8,48.43,7.022,17.8,53.3,1,0
53.9,181.02,540.46,0.4402,0.308,3238.9,16.21,0.311,31.6,76.8,1,0
32.52,91.24,249.67,0.3717,0.2767,1335.1,49.31,0.332,29.4,62.7,1,0
92.07,348.47,1149.74,0.4781,0.42,3196.8,33.76,4.775,20.7,60.5,1,0
12.28,38.38,142.87,0.2698,0.5007,3318.1,32.22,0.873,25.8,42.2,1,0
8.53,17.31,33.04,0.2889,0.7694,220.2,56.09,0.181,11.2,44.0,1,0
68.35,130.68,410.3,0.4591,0.4385,1731.6,47.52,1.539,25.9,64.5,1,0
56.45,137.23,566.4,0.404,0.6386,281.4,6.97,5.142,12.4,65.8,1,0
39.62,93.8,284.1,0.3719,0.2343,3198.7,22.77,0.406,27.9,60.2,1,0
2.16,5.44,17.44,0.2051,0.444,1910.7,57.26,3.343,24.3,36.1,1,0
73.63,144.23,449.19,0.3989,0.2011,447.3,6.1,0.1,17.5,59.2,1,0
28.2,111.26,317.37,0.3674,0.3102,563.9,37.72,0.349,19.3,41.5,1,0
19.24,35.86,75.21,0.1813,0.7718,1465.6,48.67,1.296,12.3,43.3,1,0
58.58,183.44,392.77,0.3926,0.127,3302.8,42.31,0.262,18.1,75.5,1,0
29.44,45.13,103.05,0.2379,0.7637,2486.6,50.63,5.61,34.2,56.7,1,0
0.86,2.17,8.53,0.2654,0.2946,3063.1,48.54,5.987,22.2,42.6,1,0
31.01,70.48,179.27,0.3853,0.0599,1409.3,46.52,4.226,21.9,44.0,1,0
10.47,25.7,112.05,0.3301,0.1466,342.6,54.29,0.833,25.7,45.0,1,0
45.23,124.17,495.12,0.3759,0.5782,3415.2,43.74,2.222,22.1,68.4,1,0
7.96,23.89,87.14,0.2906,0.3656,256.7,29.15,0.611,18.9,56.2,1,0
16.81,49.73,186.25,0.3161,0.6101,3327.3,33.31,0.991,13.5,53.0,1,0
1.11,3.42,6.59,0.3094,0.6283,1416.6,48.0,2.177,25.8,48.2,1,0
44.38,160.28,534.49,0.3462,0.2615,233.3,57.58,3.984,28.7,49.1,1,0
10.57,39.27,170.47,0.3901,0.4446,2474.2,21.33,0.298,33.1,47.0,1,0
41.96,140.29,267.33,0.2957,0.3291,3435.8,25.52,1.056,10.1,67.0,1,0
0.83,1.41,3.65,0.2144,0.6783,3386.6,60.84,7.836,11.7,44.9,1,0
52.73,205.83,399.11,0.4289,0.261,731.1,39.71,1.682,32.5,78.8,1,0
1.91,7.39,24.67,0.2831,0.2662,798.1,15.74,8.384,25.8,60.2,1,0
28.54,93.58,197.8,0.3428,0.3289,2066.3,44.82,14.268,33.9,54.9,1,0
60.93,170.22,526.67,0.4374,0.5438,2303.1,64.45,2.244,20.8,66.2,1,0
8.6,18.3,68.51,0.2776,0.6679,2640.1,54.41,1.019,20.4,70.4,1,0
73.93,250.67,562.5,0.4186,0.7741,797.5,49.74,4.693,18.6,79.0,1,0
44.12,163.0,625.82,0.4567,0.8223,3364.7,17.48,0.521,13.6,63.8,1,0
49.76,157.38,308.88,0.4435,0.1648,2307.8,57.57,0.871,19.5,66.4,1,1
56.14,172.5,380.18,0.35,0.3522,2995.3,36.55,4.61,10.4,68.0,1,0
32.82,65.06,166.32,0.3099,0.6783,1982.2,58.36,1.706,22.7,59.7,1,0
33.1,79.27,313.06,0.3904,0.7812,1567.1,24.79,0.675,31.2,51.4,1,0
62.04,205.2,840.38,0.4774,0.3058,3424.7,8.72,3.159,18.0,65.4,1,0
32.79,50.56,121.1,0.3172,0.3756,2121.0,33.56,3.959,12.4,48.3,1,0
11.8,36.61,75.37,0.3946,0.776,3060.7,21.19,0.401,34.3,59.3,1,0
44.65,152.54,623.81,0.3398,0.3398,3345.9,47.91,0.973,13.2,62.3,1,0
22.84,53.37,189.64,0.2666,0.3486,2428.7,62.43,0.75,23.2,63.1,1,0
62.99,106.48,237.05,0.2636,0.7362,2011.5,46.46,1.433,30.2,58.7,1,0
63.51,225.33,744.91,0.5081,0.6225,211.6,58.22,4.325,16.3,80.4,1,0
59.96,111.19,462.06,0.4175,0.2743,332.1,32.18,3.752,31.0,78.4,1,0
59.0,143.18,284.61,0.288,0.3113,862.8,51.3,3.259,23.9,55.1,1,0
27.9,91.17,184.72,0.3305,0.4391,813.8,55.58,0.1,18.3,54.3,1,1
27.33,96.83,245.83,0.3475,0.7616,1040.7,47.65,0.46,31.6,55.0,1,0
0.74,2.7,9.62,0.1915,0.794,1206.3,35.47,0.758,25.6,38.7,1,0
73.7,208.29,475.03,0.4038,0.4942,1388.2,42.55,0.952,25.4,70.0,1,0
17.88,48.08,192.53,0.2794,0.4013,1587.8,47.03,0.475,22.6,59.8,1,0
38.5,139.4,533.36,0.4413,0.0942,526.3,20.19,1.585,16.9,57.8,1,0
36.35,105.7,350.38,0.3123,0.6243,339.8,53.57,0.234,17.6,47.2,1,0
3.51,10.34,21.85,0.3153,0.3588,2424.0,62.02,4.159,12.2,57.2,1,0
13.61,35.19,157.25,0.396,0.5418,1973.2,32.91,4.65,16.1,47.8,1,0
30.14,73.31,228.94,0.3942,0.5332,1665.7,47.06,2.562,16.9,53.6,1,0
18.66,50.4,152.24,0.3556,0.464,2293.7,49.22,0.282,11.5,69.0,1,0
27.77,66.97,300.59,0.3557,0.836,2931.3,44.73,6.624,12.8,61.5,1,0
56.64,133.6,552.09,0.3347,0.05,1611.4,37.83,10.112,16.8,60.5,1,0
35.63,141.94,430.38,0.3636,0.5671,2315.7,57.9,0.678,26.9,51.2,1,1
48.97,114.6,335.88,0.3554,0.4675,3346.8,31.94,3.659,14.6,72.4,1,0
41.14,88.07,181.33,0.3211,0.69,2970.8,8.67,5.534,23.0,69.5,1,0
22.09,52.69,226.65,0.2684,0.5614,1605.8,55.67,2.329,22.7,52.6,1,0
4.96,14.76,60.18,0.3337,0.1606,2327.6,45.44,1.172,30.9,41.4,1,0
36.62,138.33,364.78,0.3134,0.3935,784.3,55.96,1.953,25.2,64.1,1,0
32.1,111.37,427.0,0.4621,0.2807,2049.7,13.31,2.154,32.9,64.4,1,0
52.92,190.8,736.37,0.4537,0.1427,3438.4,6.85,1.536,25.7,62.9,2,0
26.27,95.81,231.41,0.3949,0.6296,1910.4,61.06,7.971,10.6,49.1,2,0
22.61,85.93,297.05,0.4069,0.1731,3261.2,13.86,4.086,19.5,57.0,2,0
24.3,50.73,126.25,0.429,0.3874,1544.2,53.58,0.828,27.5,61.0,2,0
7.07,18.71,73.58,0.3237,0.2785,3496.2,54.39,2.642,21.9,48.2,2,0
66.21,163.08,361.27,0.3523,0.4906,2111.4,47.52,3.501,20.5,72.0,2,0
58.53,143.67,518.09,0.3844,0.5567,339.5,12.88,0.453,26.8,70.4,2,0
0.29,0.9,2.41,0.3753,0.2105,2136.3,45.04,1.331,17.1,59.2,2,0
50.14,125.57,238.29,0.2813,0.5199,1106.1,58.35,7.079,32.7,61.7,2,0
16.09,48.92,104.39,0.2768,0.7416,307.2,30.53,2.512,20.3,45.7,2,0
54.67,134.26,479.06,0.407,0.1631,2908.8,29.81,0.734,25.8,65.9,2,0
12.63,28.77,70.42,0.3064,0.6121,1109.9,31.57,0.393,34.6,67.3,2,0
39.04,93.01,325.89,0.4131,0.3028,2828.6,9.94,2.191,29.6,47.6,2,0
18.2,63.87,186.49,0.2701,0.189,1151.1,58.52,2.38,23.3,37.0,2,0
0.07,0.21,0.79,0.2968,0.5296,841.3,57.15,1.221,31.5,49.2,2,0
41.76,164.31,514.45,0.3929,0.23,3414.0,64.87,2.986,24.0,59.5,2,1
12.52,44.83,118.04,0.2698,0.5894,1393.4,40.11,0.213,21.0,52.1,2,0
9.04,24.54,53.83,0.3546,0.1944,2184.5,50.07,0.47,31.8,50.7,2,0
64.94,136.75,372.09,0.3693,0.0963,2212.9,17.16,2.371,10.7,77.5,2,0
85.31,271.7,954.82,0.483,0.358,2049.6,45.05,0.191,20.2,75.3,2,1
53.46,177.32,673.69,0.3926,0.4772,3218.5,43.98,6.384,18.6,72.6,2,0
2.74,7.29,16.29,0.2847,0.6507,2425.7,59.07,0.46,27.9,31.0,2,0
74.13,153.8,552.68,0.3587,0.2018,1532.3,54.85,3.362,10.3,68.0,2,0
9.0,26.03,59.45,0.355,0.6968,3045.9,61.31,1.489,26.5,46.2,2,0
22.43,47.87,114.84,0.3745,0.7798,797.5,57.13,1.531,18.7,38.5,2,0
31.41,120.92,391.13,0.4617,0.466,1996.0,57.12,4.343,12.4,60.2,2,0
78.14,240.06,619.56,0.4448,0.5649,3336.8,8.82,2.076,34.5,72.6,2,0
52.86,117.86,422.68,0.367,0.4662,2263.8,55.76,3.88,15.3,62.1,2,0
18.45,37.62,164.78,0.3093,0.0676,2896.0,41.45,2.111,18.7,54.5,2,0
6.42,21.12,46.5,0.3338,0.4395,2356.8,27.83,2.696,15.2,52.8,2,0
55.09,180.13,601.7,0.4296,0.173,2969.9,8.39,4.29,26.5,74.6,2,0
16.7,50.0,214.62,0.3339,0.8139,3316.8,45.66,2.804,29.6,60.2,2,0
35.46,107.64,245.06,0.3356,0.2588,1100.6,24.69,2.868,31.5,63.3,2,0
4.21,12.66,35.32,0.3656,0.515,759.9,33.07,4.671,17.8,69.7,2,0
44.27,106.26,226.73,0.3235,0.3042,1797.2,45.9,8.933,23.1,57.6,2,0
42.26,162.41,573.89,0.4814,0.5967,2516.1,59.71,1.418,26.6,51.8,2,0
1.0,2.7,9.75,0.311,0.2703,949.7,54.53,2.582,25.7,59.7,2,0
55.83,86.58,311.11,0.3434,0.6872,213.5,32.04,0.271,27.9,81.7,2,0
43.91,104.1,339.76,0.3282,0.1459,1331.7,28.27,1.333,29.2,58.1,2,0
48.54,88.62,338.07,0.3594,0.7256,3397.2,19.39,1.593,12.4,75.6,2,0
20.57,49.55,93.98,0.3438,0.6801,2493.4,27.35,5.41,14.2,51.9,2,0
34.51,104.25,457.17,0.372,0.6079,1524.4,11.66,2.161,28.4,65.0,2,0
31.62,49.23,118.13,0.366,0.0822,835.5,63.27,3.94,21.9,64.6,2,0
26.33,96.79,206.0,0.3196,0.255,1375.1,39.44,0.1,20.7,52.9,2,1
34.3,103.79,450.55,0.3833,0.7309,760.5,12.67,1.874,21.4,75.1,2,0
61.45,137.55,556.01,0.3461,0.2071,550.8,26.17,6.948,19.3,84.1,2,0
56.91,129.65,501.11,0.4275,0.1984,3192.2,37.82,0.762,24.8,58.9,2,0
0.49,1.31,2.73,0.2872,0.4197,3492.2,36.97,0.1,18.1,51.8,2,0
54.67,115.92,461.41,0.4706,0.2266,741.6,7.13,1.704,25.9,73.7,2,0
59.82,90.38,311.29,0.3971,0.1819,379.9,62.05,3.657,15.1,52.9,2,1
26.26,41.13,155.32,0.3351,0.4732,1288.1,21.52,1.818,28.9,58.1,2,0
42.75,102.36,454.55,0.4516,0.3919,1723.5,5.97,1.848,29.5,49.6,2,0
42.39,76.75,178.44,0.3557,0.0597,875.9,9.59,3.324,24.5,68.1,2,0
8.79,13.68,43.24,0.359,0.565,1194.7,39.81,0.881,19.2,53.3,2,0
20.49,74.75,286.6,0.3138,0.423,862.9,13.27,4.182,10.4,53.2,2,0
48.81,106.66,316.89,0.386,0.6192,2755.1,7.5,0.499,13.0,52.1,2,0
17.64,48.66,94.76,0.344,0.1797,2551.5,27.78,1.511,12.0,50.5,2,0
54.43,106.05,222.8,0.267,0.5235,2295.3,42.37,3.201,10.3,70.5,2,0
62.66,101.31,347.07,0.4443,0.3827,1477.8,11.71,5.287,28.1,68.5,2,0
58.63,197.13,506.52,0.3426,0.4117,3199.8,23.8,4.704,33.9,77.1,2,0
79.53,144.15,313.11,0.2973,0.1963,3399.5,30.07,3.837,10.3,82.9,2,0
27.77,43.44,118.06,0.181,0.1295,773.0,14.57,1.335,12.8,67.0,2,0
34.47,102.31,239.67,0.3713,0.6633,935.9,35.36,0.391,31.5,56.0,2,0
38.06,58.36,108.83,0.2395,0.3395,1934.6,10.11,0.733,27.2,63.8,2,0
28.53,73.91,163.33,0.3066,0.5732,501.1,7.79,6.004,20.1,50.8,2,0
43.59,96.87,405.33,0.4224,0.7955,1640.3,36.19,5.842,34.8,53.0,2,0
12.74,29.29,53.67,0.3203,0.4698,2119.9,19.87,9.082,24.3,63.3,2,0
35.16,53.09,206.47,0.3098,0.3908,1922.8,10.72,0.237,26.7,51.1,2,0
4.4,17.2,65.93,0.2336,0.2952,1292.0,30.43,2.309,26.3,41.0,2,0
5.97,16.68,55.44,0.3056,0.8738,1990.1,59.91,3.138,15.6,52.6,2,0
48.36,141.76,334.95,0.4093,0.5839,3364.0,48.45,3.72,22.2,62.3,2,0
25.06,79.33,330.85,0.4008,0.6026,879.9,53.94,3.097,15.4,56.0,2,0
47.48,165.88,511.37,0.4909,0.3577,2360.9,57.31,4.409,22.7,82.7,2,0
24.52,74.04,167.91,0.3007,0.7288,343.2,63.36,1.336,10.8,49.4,2,0
57.7,196.49,581.3,0.3496,0.6105,419.2,50.79,0.593,19.5,71.3,2,0
24.06,63.09,146.76,0.3447,0.2745,2021.0,41.5,0.687,19.3,57.9,2,0
18.83,45.73,128.75,0.3362,0.5123,546.3,26.93,0.1,17.3,63.7,2,0
35.67,126.92,398.67,0.379,0.3524,273.7,15.9,1.294,12.0,54.4,2,0
24.18,88.59,245.54,0.3115,0.0808,766.0,46.2,0.289,29.3,55.5,2,0
6.28,11.58,41.39,0.1756,0.6678,2064.0,64.7,1.164,20.5,52.8,2,0
7.97,22.75,98.46,0.2692,0.2001,2521.0,33.04,2.968,30.3,40.9,2,0
4.85,15.55,42.61,0.3363,0.4389,868.2,48.42,6.747,30.9,37.0,2,0
16.41,28.05,77.43,0.3296,0.3323,2405.3,34.71,5.49,15.3,54.8,2,0
3.99,15.25,57.84,0.3598,0.3059,802.2,30.92,0.874,20.5,61.9,2,0
5.11,14.31,46.26,0.3264,0.511,2224.4,29.62,0.432,28.0,48.7,2,0
68.58,213.55,631.65,0.4623,0.7915,1559.5,35.28,0.644,22.5,68.9,2,0
13.09,25.46,101.77,0.3585,0.3961,2357.5,27.01,10.62,31.4,63.1,2,0
25.73,55.61,233.86,0.3475,0.2449,3483.7,49.93,2.392,24.3,56.5,2,0
21.02,37.88,128.59,0.3269,0.6313,3294.8,57.46,0.605,25.7,62.5,2,0
1.92,4.15,9.54,0.1565,0.2797,214.1,57.97,5.512,29.7,71.9,2,0
7.91,21.62,66.12,0.2803,0.098,3121.9,18.66,1.509,13.1,47.8,2,0
47.8,171.31,541.65,0.3769,0.1566,419.4,58.75,6.885,24.6,62.9,2,0
18.84,53.38,158.39,0.326,0.05,3345.1,25.49,0.906,12.1,58.8,2,0
1.22,2.58,6.48,0.2548,0.3975,1130.0,23.56,1.499,16.5,62.3,2,0
41.2,66.39,204.16,0.3874,0.4451,1460.7,48.61,2.109,15.3,61.4,2,0
58.79,179.59,539.79,0.3632,0.1731,502.4,23.28,6.694,24.2,73.5,2,0
43.46,110.84,262.21,0.4072,0.6229,570.5,8.18,6.092,31.1,65.8,2,0
31.3,123.98,525.56,0.3564,0.1848,2598.2,27.42,2.562,13.3,58.8,2,0
2.16,7.47,31.28,0.276,0.7852,3316.3,48.29,0.752,29.2,47.3,2,0
31.23,109.94,423.38,0.3501,0.4798,2215.5,24.62,1.549,13.6,54.5,2,0
23.93,36.63,105.59,0.2962,0.1445,2562.3,42.77,11.144,14.7,81.7,2,0
21.86,75.29,210.8,0.4008,0.8653,2714.5,44.61,2.808,32.9,44.2,2,0
5.47,10.87,40.58,0.2917,0.3958,1067.3,49.02,4.557,10.2,40.1,2,0
5.1,15.12,52.04,0.2953,0.4608,349.3,58.83,1.793,14.9,53.5,2,0
80.23,210.1,718.87,0.4057,0.2108,206.2,30.95,2.278,15.4,75.7,2,0
30.72,89.97,192.09,0.3252,0.5578,1357.1,14.99,1.681,17.0,62.6,2,0
46.09,84.51,293.21,0.3691,0.3097,996.8,24.14,3.641,19.1,56.8,2,0
30.2,79.78,337.88,0.3564,0.2256,405.6,30.93,5.721,12.6,50.8,2,0
31.2,49.68,100.93,0.3125,0.1617,792.4,47.83,2.124,21.7,57.1,2,0
28.49,45.65,123.97,0.3754,0.5992,610.8,5.79,1.967,20.0,65.8,2,0
2.03,6.38,20.24,0.3177,0.1794,3219.1,23.95,1.248,25.6,42.5,2,0
7.82,30.35,110.84,0.2645,0.1376,662.9,51.79,0.585,31.7,53.6,2,0
40.13,138.19,282.18,0.3518,0.3526,1974.2,45.25,8.403,17.4,57.9,3,0
35.17,94.01,390.75,0.3507,0.7447,2157.2,48.9,1.14,23.7,48.4,3,0
53.93,88.43,168.86,0.3596,0.2956,1993.5,53.71,4.839,19.3,55.9,3,0
48.86,78.79,324.27,0.3696,0.201,526.9,51.99,3.769,11.0,71.9,3,0
10.26,19.44,36.45,0.3638,0.7986,1252.0,45.93,4.695,30.5,48.2,3,0
58.79,231.6,512.89,0.3649,0.1254,369.2,31.38,8.283,25.9,77.6,3,0
49.6,123.83,490.49,0.3878,0.5384,1505.7,64.02,2.929,10.1,64.6,3,0
47.75,172.29,710.26,0.3879,0.7938,822.4,39.14,6.847,16.2,53.4,3,0
86.71,282.92,1259.57,0.5482,0.6535,2053.4,17.17,0.551,17.7,79.8,3,0
81.57,245.83,519.29,0.3263,0.0628,2486.3,22.57,2.956,30.3,68.1,3,0
47.72,184.67,594.89,0.4343,0.3016,1956.0,46.61,4.439,29.0,61.3,3,0
44.6,92.6,185.97,0.3342,0.1554,1633.0,60.48,0.951,19.9,72.4,3,0
57.52,151.68,337.08,0.3747,0.7761,1478.2,15.72,4.05,13.9,56.9,3,0
15.88,58.13,132.03,0.3656,0.8406,2977.6,9.94,4.522,19.7,51.2,3,0
16.23,46.73,92.11,0.3295,0.2364,923.9,57.89,5.337,30.3,46.2,3,0
47.31,100.11,421.58,0.3199,0.6176,2622.9,59.92,1.126,21.3,54.7,3,0
9.06,18.33,39.24,0.28,0.6818,2699.7,21.58,3.433,12.9,48.9,3,0
45.29,153.19,536.06,0.4025,0.2568,1583.4,27.64,1.088,11.0,56.7,3,0
34.4,52.69,183.87,0.3201,0.1949,1181.1,44.61,4.03,18.3,58.1,3,0
9.07,34.33,80.22,0.3056,0.0573,1752.8,24.8,1.865,13.7,57.8,3,0
31.12,48.12,216.31,0.424,0.369,507.6,57.63,2.731,28.6,53.3,3,0
63.1,194.19,531.68,0.4107,0.6886,351.6,11.45,1.613,17.0,57.2,3,0
32.53,97.99,415.84,0.4017,0.7829,568.3,7.28,0.53,31.9,64.9,3,0
32.64,96.15,419.27,0.2829,0.1637,817.6,17.51,0.588,25.4,53.7,3,0
38.7,103.94,453.42,0.4274,0.2893,1863.8,22.17,0.242,19.8,76.2,3,0
41.95,152.34,583.87,0.5586,0.3233,3002.2,11.78,2.888,25.3,59.3,3,0
22.2,69.9,173.73,0.4018,0.557,977.6,8.94,5.664,17.4,55.6,3,0
39.23,135.53,288.11,0.3352,0.5457,3286.0,50.34,0.1,13.5,43.3,3,1
4.25,7.6,25.37,0.4191,0.568,3351.2,14.86,0.206,34.1,42.0,3,0
10.5,17.06,47.28,0.3108,0.5596,3364.4,59.84,1.835,24.1,34.9,3,0
13.7,21.52,87.03,0.3326,0.1135,2964.0,27.08,4.015,10.2,56.5,3,0
42.22,78.87,300.59,0.3464,0.3717,1400.6,45.24,0.515,17.8,62.0,3,0
34.48,109.22,278.12,0.3406,0.9,439.9,18.52,0.951,14.0,65.4,3,0
27.12,74.16,136.9,0.2148,0.1246,2077.1,19.42,0.792,16.5,64.6,3,0
47.74,161.4,393.95,0.4176,0.3986,2043.6,39.48,1.528,11.4,72.0,3,0
39.95,79.07,263.39,0.3375,0.3477,3004.9,38.64,0.765,16.1,60.2,3,0
23.23,56.15,113.04,0.3131,0.4781,3486.8,51.12,1.304,27.1,57.7,3,0
4.59,17.1,61.16,0.3258,0.4251,1876.9,50.47,3.912,30.5,56.0,3,0
9.98,38.32,138.49,0.3068,0.6289,1339.2,45.24,2.833,18.7,46.6,3,0
6.2,23.57,53.21,0.3238,0.7632,813.5,31.95,0.254,23.1,44.4,3,0
33.99,120.52,410.97,0.4418,0.2882,215.8,58.44,3.046,11.0,72.5,3,0
8.92,28.73,98.8,0.3399,0.5496,1880.1,42.35,1.945,12.3,38.2,3,0
18.09,68.46,211.59,0.3344,0.05,2033.2,64.41,8.18,23.8,59.4,3,0
27.28,89.64,392.08,0.3717,0.6139,2922.3,54.16,1.025,31.0,60.9,3,0
56.57,219.78,459.8,0.4014,0.2026,1865.1,7.66,3.886,12.2,58.0,3,0
53.69,83.87,243.04,0.3067,0.7643,3224.3,24.24,3.938,20.5,60.8,3,0
29.11,110.73,463.27,0.4024,0.3771,2272.7,39.31,0.751,34.3,55.9,3,0
62.11,179.46,510.23,0.4356,0.05,2973.1,48.29,7.006,28.5,70.4,3,0
19.83,35.29,104.0,0.325,0.2848,689.4,38.02,2.027,14.9,58.8,3,0
77.41,157.7,568.39,0.3917,0.66,3022.6,52.17,3.408,17.1,73.0,3,1
47.79,173.49,624.04,0.4096,0.3455,2428.0,21.96,0.473,33.7,65.8,3,0
33.04,91.38,170.13,0.3664,0.2221,761.8,16.03,0.894,15.5,65.2,3,0
8.19,32.41,98.22,0.2645,0.2575,826.2,8.24,2.646,21.0,57.4,3,0
19.52,35.02,94.57,0.278,0.3202,3257.5,39.4,1.153,18.9,68.1,3,0
45.71,115.7,404.35,0.3,0.1182,306.3,46.32,2.078,22.3,72.1,3,0
46.28,107.81,355.82,0.3724,0.4089,1726.4,24.57,1.405,15.9,64.0,3,0
47.18,131.66,468.36,0.4361,0.222,1234.5,41.82,3.07,26.7,69.3,3,0
12.26,37.81,134.81,0.3934,0.471,2394.8,8.13,2.003,15.9,57.1,3,0
7.23,22.8,56.73,0.3887,0.1884,2970.8,10.96,0.1,25.1,53.5,3,0
35.35,53.15,131.03,0.2915,0.4495,1389.2,47.11,3.147,18.9,53.7,3,0
49.72,85.64,239.77,0.3601,0.5175,1608.8,27.08,1.645,16.3,66.2,3,0
30.55,48.51,119.01,0.3035,0.2055,3440.3,45.28,1.254,27.4,42.6,3,0
67.51,247.19,900.67,0.5613,0.3548,2786.9,54.9,0.297,34.1,78.8,3,1
31.3,71.47,244.99,0.4138,0.4102,3160.8,56.16,0.747,31.7,62.2,3,1
30.46,73.63,175.56,0.3433,0.3161,1647.9,15.33,0.76,12.2,57.9,3,0
47.24,124.05,519.39,0.3722,0.5094,972.5,34.18,8.217,21.4,60.8,3,0
60.96,220.86,672.24,0.2612,0.499,1559.1,49.04,1.7,27.4,73.5,3,0
3.26,5.0,10.72,0.2304,0.5283,2563.1,51.44,0.129,24.1,65.7,3,0
2.52,4.54,10.77,0.2095,0.2251,561.1,52.08,0.448,28.2,53.8,3,0
22.64,72.75,236.99,0.2748,0.2462,1092.5,18.69,0.247,34.4,72.0,3,0
109.45,427.91,1161.25,0.6247,0.2319,353.9,16.55,2.667,18.6,89.1,3,0
23.94,74.37,304.81,0.2958,0.4681,1626.7,40.4,0.62,29.3,50.7,3,0
27.43,59.05,185.17,0.2837,0.4406,2930.6,49.47,2.071,12.4,62.1,3,0
45.93,128.6,549.28,0.3631,0.1951,281.4,24.15,1.386,31.7,66.9,3,0
54.9,216.16,448.51,0.519,0.6301,2428.6,11.28,4.887,29.5,60.0,3,0
34.72,97.92,353.0,0.367,0.1228,3277.2,48.0,1.159,23.0,57.2,3,0
59.58,145.01,607.84,0.4705,0.8272,981.9,22.98,1.839,30.5,64.5,3,0
0.63,1.54,3.98,0.3096,0.213,2489.0,14.98,3.833,26.7,51.0,3,0
11.32,44.36,96.09,0.2199,0.7212,3417.8,13.86,1.704,23.8,51.2,3,0
59.54,196.31,595.4,0.4949,0.3483,3375.5,23.89,4.728,33.7,70.0,3,0
30.75,98.95,434.93,0.4065,0.7847,975.3,40.56,3.251,13.3,62.7,3,0
1.09,2.26,7.93,0.2955,0.1757,531.1,26.5,1.586,34.8,60.5,3,0
2.59,7.5,26.55,0.3933,0.3101,689.3,6.24,2.103,13.9,55.2,3,0
10.2,24.4,88.16,0.3002,0.3385,2516.7,10.81,10.252,22.0,47.4,3,0
30.53,64.12,122.31,0.3171,0.8173,2595.0,22.43,3.251,15.8,76.0,3,0
42.16,157.63,473.4,0.3768,0.6405,2425.0,44.58,7.061,16.8,57.1,3,0
22.25,54.68,109.88,0.3756,0.1729,1309.1,10.91,0.591,25.8,53.6,3,0
40.1,88.5,234.77,0.3873,0.6409,760.3,38.64,1.981,10.9,66.8,3,0
19.55,74.86,300.79,0.3737,0.4715,2116.5,12.19,7.18,33.5,79.0,3,0
61.07,121.74,434.85,0.3338,0.1593,1796.1,17.7,1.169,17.0,71.5,3,0
94.27,317.1,1423.18,0.5642,0.05,2605.2,15.33,10.295,16.8,73.1,3,0
20.66,64.7,146.54,0.2765,0.7572,1656.5,9.03,0.306,31.6,43.1,3,0
42.47,161.45,463.69,0.4501,0.4281,1317.5,45.28,6.989,29.1,49.1,3,0
40.43,144.76,577.03,0.3359,0.1372,1168.5,32.8,1.768,26.8,62.2,3,0
33.94,110.76,263.87,0.4321,0.1772,897.9,54.86,0.23,13.7,64.5,3,1
46.81,107.02,237.05,0.4115,0.3269,1077.0,10.93,6.349,29.2,52.7,3,0
42.45,116.25,343.48,0.3223,0.4125,512.9,13.68,0.871,19.0,64.5,3,0
18.7,72.2,204.76,0.3199,0.2709,1344.6,23.39,0.1,34.8,45.1,3,0
63.39,98.76,439.14,0.3516,0.3901,320.7,50.95,0.438,26.8,61.6,3,1
35.52,123.8,375.36,0.3961,0.1543,815.2,23.35,3.229,30.9,65.7,3,0
20.85,44.41,183.17,0.407,0.2867,2664.3,29.51,11.425,28.3,50.3,3,0
91.55,179.68,754.21,0.5091,0.0729,1274.0,23.1,0.355,24.9,87.9,3,0
27.57,57.36,127.7,0.3037,0.712,2405.2,9.81,1.859,27.9,53.6,3,0
36.85,60.78,226.78,0.4078,0.1348,2565.7,61.37,0.598,24.9,69.9,3,1
34.86,138.74,353.73,0.4289,0.6664,2117.9,37.91,4.1,11.3,78.6,3,0
27.23,100.05,205.69,0.3314,0.3826,3363.7,52.27,0.377,18.6,52.2,3,0
41.69,116.85,486.28,0.3961,0.4083,270.8,44.5,0.823,17.9,82.2,3,0
9.35,30.74,79.6,0.3929,0.3416,2637.6,35.86,0.656,27.8,52.9,3,0
45.39,131.24,358.61,0.4242,0.5658,3364.0,10.38,2.412,24.4,58.6,3,0
13.48,47.58,127.28,0.3865,0.6266,3045.5,43.56,6.195,25.3,51.7,3,0
1.98,7.14,16.72,0.4326,0.3579,754.0,14.32,2.147,31.2,47.4,3,0
76.12,158.48,471.17,0.421,0.2128,1278.5,29.86,0.18,23.1,84.0,3,0
0.93,2.46,7.28,0.3177,0.6178,769.1,42.75,2.486,15.5,60.8,3,0
18.52,57.19,166.05,0.4009,0.2255,2184.3,51.93,4.791,10.3,66.0,3,0
0.31,1.23,5.24,0.4004,0.5705,2550.2,46.1,0.425,14.0,39.7,3,0
73.98,237.22,644.61,0.3975,0.1159,1246.3,45.29,0.226,10.8,73.7,3,1
14.32,53.62,100.92,0.31,0.5611,1980.4,13.94,0.624,15.9,41.9,3,0
6.58,23.79,54.28,0.2599,0.5427,2480.0,25.77,4.112,25.9,60.1,3,0
5.98,17.67,66.24,0.3303,0.2023,1590.4,7.57,2.687,13.8,47.9,3,0
23.62,88.21,299.49,0.404,0.6258,3018.3,48.17,2.333,12.0,61.1,3,0
19.57,47.83,209.0,0.2941,0.4938,2746.1,62.16,0.861,34.3,51.9,3,0
18.46,45.18,166.05,0.3897,0.1668,413.4,20.85,1.211,34.9,41.5,3,0
76.88,265.41,616.94,0.3999,0.3644,2249.7,10.26,10.134,25.9,80.1,3,0
0.5,0.91,1.94,0.2736,0.5013,976.6,33.53,0.826,12.7,57.8,3,0
30.95,70.1,224.73,0.4011,0.1671,2039.8,56.4,6.958,30.5,60.4,4,0
41.97,126.82,456.06,0.3594,0.8325,3357.7,38.12,2.606,23.5,45.7,4,0
9.0,22.96,51.59,0.2401,0.5784,3100.9,7.81,0.395,14.6,58.7,4,0
45.67,175.92,602.46,0.4569,0.1687,1534.9,63.46,1.889,24.4,57.8,4,1
23.51,91.61,378.86,0.3687,0.6445,1162.0,54.72,8.901,11.0,61.2,4,0
42.87,118.16,444.79,0.4483,0.2353,973.5,12.9,1.627,34.3,58.9,4,0
30.81,87.73,315.24,0.4043,0.5483,1957.3,60.31,5.972,30.6,56.1,4,0
17.76,58.8,231.15,0.2585,0.2895,577.0,32.04,0.889,16.5,59.3,4,0
66.16,174.87,363.91,0.4381,0.5944,2012.6,27.31,2.538,20.5,63.3,4,0
85.27,168.43,395.86,0.4736,0.5308,204.4,32.66,5.571,19.9,74.2,4,0
29.09,97.95,186.4,0.3887,0.5092,1268.7,55.07,7.603,31.5,62.8,4,0
11.06,36.99,81.05,0.3698,0.2501,925.8,44.57,1.996,18.9,70.6,4,0
71.16,150.32,641.2,0.415,0.2282,3405.0,8.55,3.062,11.2,70.8,4,0
80.77,289.33,694.34,0.4141,0.295,2599.9,62.46,0.1,15.4,80.9,4,1
29.29,88.86,318.81,0.374,0.1441,1353.9,13.87,0.876,15.4,49.4,4,0
28.04,58.63,215.0,0.3887,0.3194,506.4,49.73,0.98,33.7,72.0,4,0
31.51,98.63,349.38,0.4142,0.6461,1905.4,43.17,0.294,33.1,53.0,4,0
8.36,17.41,57.39,0.2895,0.6925,904.4,16.25,0.984,17.5,51.4,4,0
26.23,56.74,176.6,0.3081,0.3211,1970.2,15.24,1.162,10.1,62.0,4,0
76.38,276.5,811.2,0.3867,0.1978,2956.7,57.22,10.399,22.9,66.7,4,0
29.29,112.0,478.87,0.4275,0.668,2232.1,30.18,3.313,29.9,67.4,4,0
7.51,16.08,29.36,0.2863,0.8232,2291.5,44.27,1.665,16.7,47.0,4,0
45.92,175.44,341.13,0.3527,0.3009,1985.4,35.24,13.282,21.0,70.4,4,0
16.83,35.29,110.44,0.4083,0.1018,3260.0,48.64,0.499,14.3,63.6,4,0
31.85,57.11,153.75,0.3605,0.5523,3275.3,33.75,1.939,18.2,64.2,4,0
1.79,2.94,8.53,0.3178,0.7149,1892.0,22.24,3.124,29.0,56.2,4,0
7.59,15.98,71.83,0.3558,0.1138,1209.0,26.8,0.172,20.7,72.5,4,0
51.95,127.96,498.12,0.47,0.5618,1716.6,56.54,3.787,21.2,68.9,4,0
36.4,139.02,579.59,0.3343,0.5475,815.6,33.08,0.316,29.7,61.8,4,0
14.11,29.7,83.01,0.2882,0.3763,2299.9,17.81,0.453,29.1,56.9,4,0
36.5,88.09,215.54,0.3312,0.6689,1850.3,61.08,0.522,14.7,71.1,4,0
18.33,61.13,236.81,0.2981,0.4475,540.9,52.8,7.931,20.4,74.1,4,0
13.91,31.38,124.9,0.3116,0.5503,852.2,8.34,3.449,31.2,52.8,4,0
62.61,201.03,660.33,0.3536,0.474,1782.8,64.94,3.196,21.4,61.5,4,1
53.08,136.96,577.82,0.4609,0.2567,3129.0,46.7,2.432,26.5,75.2,4,0
32.98,65.66,289.67,0.3317,0.5517,2069.1,14.62,1.039,17.6,49.0,4,0
37.12,123.79,380.25,0.3856,0.6012,2449.1,19.23,2.91,11.5,63.2,4,0
33.3,52.2,125.34,0.3275,0.7598,1318.8,46.55,1.584,14.1,62.4,4,0
45.68,101.91,325.73,0.3926,0.295,2085.7,51.79,0.471,20.0,62.8,4,1
13.52,32.32,144.52,0.2057,0.05,1676.4,19.34,3.51,18.8,53.7,4,0
55.07,145.69,377.47,0.3975,0.7593,2375.1,20.42,0.416,32.4,53.3,4,0
42.35,135.5,469.84,0.3796,0.6543,366.9,23.43,0.635,23.6,55.8,4,0
26.93,71.33,262.04,0.3724,0.8284,1827.9,40.88,5.106,25.7,65.6,4,0
21.31,63.64,151.31,0.2711,0.1759,1176.8,15.31,3.237,27.2,40.1,4,0
54.54,163.03,552.49,0.4305,0.3588,1276.4,11.25,2.991,23.3,65.7,4,0
29.75,72.38,191.74,0.403,0.1625,3371.0,45.73,1.625,29.2,56.4,4,0
16.04,61.49,252.52,0.3597,0.6936,802.9,51.75,1.514,29.6,38.9,4,0
23.89,92.94,346.64,0.333,0.7257,1227.1,35.06,3.516,18.8,70.7,4,0
52.74,155.82,628.1,0.3911,0.3949,1882.6,26.83,4.041,12.1,57.6,4,0
6.76,11.34,26.54,0.3341,0.2016,3048.0,30.92,2.141,34.7,56.4,4,0
24.62,67.17,127.17,0.3537,0.1739,1575.0,28.3,10.447,26.1,53.6,4,0
60.27,118.2,484.18,0.414,0.4938,2654.8,62.6,9.35,27.7,61.3,4,1
29.3,79.35,225.7,0.343,0.5215,3026.0,51.09,1.595,28.9,56.9,4,0
40.33,79.5,181.67,0.3462,0.6385,1223.1,17.49,5.155,25.3,59.2,4,0
60.68,197.79,405.09,0.3772,0.2037,1496.1,28.05,2.351,21.8,66.7,4,0
55.82,94.95,303.31,0.3412,0.3402,1376.6,37.64,2.151,34.6,60.4,4,0
22.51,87.4,192.74,0.3762,0.05,2948.4,41.78,0.17,28.2,48.6,4,0
30.25,60.15,200.29,0.3553,0.4018,346.3,33.09,2.56,31.1,67.1,4,0
56.13,176.89,665.77,0.4968,0.3746,1217.8,53.61,6.925,21.0,66.9,4,0
56.99,216.15,701.32,0.4952,0.7709,2442.0,51.06,4.544,32.6,66.6,4,0
31.31,66.36,281.37,0.3698,0.5586,2066.0,35.31,4.63,28.3,52.3,4,0
32.17,123.39,273.94,0.3842,0.3939,1639.8,56.27,0.523,28.7,72.2,4,0
40.2,99.36,311.37,0.314,0.2472,1981.8,50.07,1.332,12.2,61.4,4,0
67.68,264.04,591.62,0.4137,0.6708,852.0,51.71,0.797,25.4,55.1,4,0
60.2,236.48,984.92,0.5128,0.05,1621.4,62.38,1.139,18.4,70.3,4,1
50.84,100.17,432.44,0.3068,0.371,1855.6,20.99,2.599,26.7,59.1,4,0
6.54,23.4,67.4,0.3349,0.8209,3173.9,21.06,1.361,24.2,59.2,4,0
26.64,52.84,138.72,0.2796,0.4921,1060.8,58.34,2.468,12.8,66.3,4,0
27.95,57.75,147.5,0.2868,0.4826,3063.8,51.33,1.731,23.2,65.8,4,0
68.97,117.96,486.15,0.3701,0.2585,2326.0,60.59,1.013,21.3,67.0,4,1
27.54,52.08,189.71,0.3362,0.74,267.1,8.79,0.301,29.4,57.4,4,0
64.84,199.75,834.5,0.3994,0.2631,2591.3,42.67,6.672,22.6,71.4,4,0
19.24,50.47,106.86,0.3641,0.1956,317.3,13.68,0.1,22.0,62.9,4,0
21.24,73.84,227.83,0.3541,0.2324,3491.4,35.23,0.1,28.0,48.1,4,0
45.54,106.12,384.75,0.4727,0.163,3079.7,14.34,5.26,26.7,64.4,4,0
72.71,285.14,1203.91,0.5542,0.7837,1181.2,12.68,17.244,34.8,86.8,4,0
28.21,45.84,129.79,0.3543,0.4854,1049.5,5.73,3.896,18.8,54.2,4,0
30.56,50.65,133.99,0.2839,0.5094,1458.8,42.81,0.1,27.2,59.0,4,0
5.6,18.21,77.66,0.2563,0.8109,1375.4,26.54,0.771,14.2,72.6,4,0
40.96,152.31,293.71,0.3893,0.1925,1428.7,11.31,10.708,30.1,60.4,4,0
3.36,11.73,36.3,0.2525,0.1146,1250.3,24.37,4.96,29.7,38.7,4,0
11.87,32.34,98.25,0.3516,0.4372,2249.7,15.14,2.51,28.1,53.1,4,0
33.82,73.52,161.33,0.4174,0.5113,742.1,61.5,0.811,13.0,73.5,4,0
27.73,42.52,121.88,0.3715,0.2957,2991.7,24.2,0.1,34.7,66.8,4,0
24.01,66.61,249.85,0.3782,0.1715,2880.9,25.04,0.1,33.6,49.4,4,0
4.39,11.8,32.92,0.32,0.4081,1772.4,55.39,2.84,19.3,54.6,4,0
3.97,9.38,24.71,0.2857,0.2399,3014.0,43.87,0.1,24.4,49.8,4,0
13.45,39.62,154.97,0.3251,0.3031,1015.6,47.61,15.169,32.2,60.5,4,0
6.78,22.52,100.63,0.2917,0.3054,258.0,43.16,0.608,22.4,47.1,4,0
45.24,147.15,574.5,0.3484,0.3694,2243.4,61.77,3.721,25.0,67.5,4,0
63.42,136.87,559.13,0.4129,0.3679,1711.1,17.42,0.505,25.1,84.3,4,0
24.4,72.3,313.52,0.4177,0.2682,2071.6,64.34,2.33,26.2,36.4,4,1
18.6,34.83,138.08,0.263,0.8287,3167.8,54.86,0.252,24.4,60.3,4,0
23.15,41.77,185.74,0.4068,0.6912,3400.8,40.34,4.367,20.1,67.5,4,0
5.8,20.11,76.76,0.3761,0.53,2293.7,44.74,2.638,23.5,39.3,4,0
1.29,4.17,14.95,0.3228,0.8516,2721.4,43.93,0.27,31.8,44.6,4,0
7.63,26.1,95.83,0.3393,0.8182,476.6,8.5,5.663,31.6,49.1,4,0
0.27,0.51,2.15,0.2911,0.2749,730.4,18.08,2.376,29.3,44.2,4,0
74.31,281.37,1025.34,0.5058,0.3418,2619.6,62.69,7.637,20.4,65.8,4,1
16.25,29.78,114.8,0.2996,0.9,1623.5,37.06,7.453,29.6,51.9,4,0
40.03,147.12,350.63,0.3712,0.5424,1671.7,27.7,7.596,19.7,68.8,4,0
18.83,44.84,191.19,0.345,0.2197,1218.4,50.72,0.243,26.6,67.6,4,0
6.25,11.03,33.16,0.4007,0.6038,2204.3,36.47,0.387,24.2,62.3,4,0
34.99,77.58,173.38,0.3627,0.2442,811.0,5.79,13.196,17.5,68.4,4,0
32.3,63.1,249.84,0.3392,0.25,2268.8,49.17,2.006,21.3,74.3,4,0
34.9,95.17,262.9,0.3473,0.1665,773.5,48.93,0.816,30.8,76.7,4,0
32.49,125.88,289.15,0.3218,0.2197,410.6,14.91,4.405,32.8,61.1,4,0
24.19,56.11,139.83,0.3004,0.0576,1290.2,62.4,0.921,15.1,68.7,4,0
2.89,8.76,16.59,0.3488,0.8478,962.8,18.43,3.897,21.4,54.3,4,0
31.64,118.0,241.27,0.3232,0.299,3133.7,32.46,5.447,20.8,57.8,4,0
58.98,181.38,616.7,0.3916,0.0894,381.3,11.88,4.601,22.2,67.3,4,0
78.85,189.67,785.01,0.4263,0.1019,782.8,41.2,0.961,34.4,81.8,4,1
27.56,109.6,330.01,0.3291,0.3926,2010.8,27.53,1.541,23.0,70.0,4,0
30.27,59.58,207.96,0.3977,0.7741,1787.5,26.19,1.599,30.8,63.7,4,0
46.02,129.23,515.13,0.4095,0.1327,351.3,54.62,2.028,26.6,60.6,4,0
70.84,247.35,683.5,0.4217,0.0642,223.9,5.57,0.55,12.7,67.3,4,0
21.35,32.06,114.35,0.3242,0.4725,3460.6,52.88,1.807,27.4,41.6,4,0
50.82,165.44,454.32,0.4011,0.5129,2374.2,39.29,2.145,26.2,68.1,4,0
12.94,28.03,99.08,0.2823,0.2494,1405.8,64.17,2.276,29.0,56.2,4,0
41.75,80.35,191.83,0.2686,0.2285,1752.4,40.37,5.143,11.9,54.2,4,0
69.99,152.95,679.14,0.5019,0.2967,1079.6,8.32,2.185,16.0,74.8,5,0
13.45,52.68,105.66,0.3704,0.315,1338.1,8.04,0.787,29.2,57.7,5,0
32.59,121.56,384.64,0.3953,0.7692,2341.8,57.99,3.264,19.3,47.9,5,0
69.59,141.57,364.27,0.4183,0.0939,3113.3,55.47,4.788,32.8,68.3,5,0
61.12,109.57,374.98,0.4702,0.1739,807.6,25.75,1.154,22.9,79.6,5,0
71.62,172.63,510.37,0.3746,0.6374,2973.2,42.08,3.109,10.0,66.4,5,0
66.93,199.51,524.32,0.3482,0.6665,601.1,34.38,0.477,27.5,70.2,5,0
37.19,136.42,337.65,0.4002,0.2123,909.5,63.03,1.255,22.8,62.4,5,0
100.7,394.27,903.95,0.4063,0.7845,322.7,62.0,7.198,17.9,80.0,5,1
49.14,166.0,649.69,0.431,0.507,664.7,64.03,7.268,10.5,70.3,5,0
30.67,91.94,220.65,0.3289,0.1845,3227.1,56.99,2.569,15.0,66.7,5,0
38.66,71.75,279.0,0.3891,0.404,1716.1,59.57,3.636,14.0,71.7,5,0
33.99,57.28,178.11,0.3113,0.2625,456.3,18.04,5.773,24.6,57.7,5,0
65.6,196.15,391.33,0.4377,0.1094,3367.1,54.86,9.55,29.2,73.9,5,1
34.44,98.08,220.35,0.3064,0.2517,3100.7,47.53,2.019,15.9,67.1,5,0
73.2,264.62,1114.26,0.5567,0.5026,2690.5,62.77,2.474,27.4,71.0,5,1
59.67,137.64,471.77,0.3604,0.5942,3280.5,39.28,1.612,32.5,62.1,5,0
20.72,33.13,76.13,0.3425,0.4477,926.4,10.11,0.224,25.5,57.4,5,0
42.21,108.03,399.73,0.3287,0.2896,2960.0,40.84,1.649,29.4,57.8,5,0
26.33,103.3,415.56,0.3814,0.4605,2477.0,46.19,4.691,15.1,52.3,5,0
50.34,175.63,472.94,0.4601,0.5077,3070.2,18.22,4.903,11.9,66.9,5,0
26.18,41.49,137.02,0.333,0.5658,2829.8,28.65,6.687,19.1,56.3,5,0
47.58,175.42,454.74,0.4495,0.2979,1343.4,40.91,0.159,27.7,65.7,5,1
38.91,104.26,210.2,0.3404,0.4444,2755.5,27.45,2.247,27.2,49.3,5,0
41.92,101.1,291.02,0.3326,0.3642,1066.1,27.5,0.341,33.9,61.2,5,0
96.99,229.57,879.0,0.4832,0.5547,1284.4,12.99,0.672,25.7,61.0,5,0
36.71,109.68,333.26,0.3971,0.158,556.1,61.44,6.914,20.3,52.6,5,0
2.64,7.46,21.6,0.209,0.2981,3285.8,50.03,2.06,29.9,50.1,5,0
71.12,223.42,622.94,0.4499,0.4118,1160.3,5.07,4.263,13.8,81.0,5,0
70.92,208.09,632.39,0.3787,0.7021,1918.1,50.94,0.2,30.3,75.6,5,1
3.75,6.98,18.56,0.2443,0.4904,1491.4,49.39,1.618,19.1,51.8,5,0
28.2,60.43,208.66,0.3684,0.8204,3367.8,5.58,3.365,13.9,55.4,5,0
56.62,203.96,402.14,0.4468,0.152,1305.7,27.18,0.43,14.1,65.0,5,0
58.83,185.78,739.4,0.4577,0.3815,2769.2,41.4,1.183,34.6,78.1,5,0
45.6,119.52,271.03,0.2861,0.4447,3022.9,32.17,0.2,25.6,54.8,5,0
46.17,90.32,317.07,0.3295,0.4964,1637.5,51.68,3.161,14.4,58.0,5,0
22.26,33.81,101.93,0.2993,0.7647,1448.0,30.53,10.61,16.7,65.2,5,0
14.28,32.54,126.54,0.3349,0.6864,2667.6,14.23,5.264,19.3,51.5,5,0
96.96,158.73,639.78,0.4235,0.5638,3212.6,63.58,11.022,11.4,94.6,5,1
21.5,58.18,136.81,0.3519,0.5521,2691.3,19.52,5.605,12.7,62.0,5,0
50.13,178.2,646.58,0.4785,0.7831,949.5,48.06,5.797,29.0,74.3,5,0
41.75,92.41,213.73,0.3597,0.2514,3131.4,13.59,2.582,29.7,49.5,5,0
68.15,246.66,526.58,0.4495,0.7758,1479.0,24.74,2.191,34.7,78.9,5,0
48.59,158.48,683.35,0.4223,0.7662,2101.6,31.52,1.564,11.7,57.8,5,0
49.56,89.85,201.62,0.5049,0.4779,2943.7,16.53,5.113,32.2,70.6,5,0
20.14,62.65,151.37,0.3577,0.561,821.7,32.0,0.603,17.9,53.1,5,0
24.89,46.77,100.64,0.3542,0.3705,2788.9,14.43,0.174,18.2,59.2,5,0
64.34,201.82,619.55,0.511,0.1562,2167.3,38.54,8.863,13.2,60.5,5,0
62.09,115.28,493.75,0.4025,0.4349,3148.0,44.82,0.1,34.7,54.9,5,1
21.93,54.41,136.74,0.2949,0.2932,767.5,8.75,11.295,34.5,57.8,5,0
6.27,18.29,59.67,0.3772,0.4453,1588.3,57.27,3.915,31.6,49.5,5,0
48.89,79.48,231.37,0.4142,0.7109,2948.4,16.11,1.195,12.3,57.5,5,0
26.95,50.75,137.4,0.335,0.1731,263.5,18.52,3.59,31.0,44.6,5,0
17.0,39.13,130.87,0.414,0.0658,570.3,44.68,5.109,25.9,33.7,5,0
89.72,238.29,788.51,0.4525,0.4876,3468.9,33.13,0.845,13.2,81.1,5,0
81.85,298.43,826.75,0.5109,0.2841,1125.3,34.96,4.421,16.5,72.5,5,0
57.9,113.96,466.85,0.4685,0.3716,3419.3,12.69,4.895,27.2,62.5,5,0
53.4,126.5,245.86,0.3538,0.4108,802.4,53.34,0.86,30.1,67.7,5,0
3.03,8.16,16.56,0.3261,0.1412,1391.6,42.02,0.128,31.2,59.0,5,0
27.2,60.92,272.63,0.4055,0.0533,2684.5,13.12,0.685,23.6,60.3,5,0
38.34,117.49,448.68,0.3708,0.7109,2370.7,27.44,0.672,23.4,58.0,5,0
27.74,59.4,235.84,0.3061,0.2073,2117.7,53.62,0.202,27.1,75.4,5,1
36.96,126.82,434.65,0.453,0.4437,1948.7,39.1,3.884,29.4,56.0,5,0
78.2,216.06,633.84,0.4413,0.7598,2983.4,11.52,1.434,14.3,62.2,5,0
32.18,55.21,193.16,0.3131,0.7442,975.3,27.37,6.472,28.5,60.5,5,0
37.2,114.1,233.91,0.3512,0.1633,1660.2,19.56,0.872,18.5,59.1,5,0
64.21,187.69,721.85,0.4688,0.3838,713.0,36.05,1.811,19.6,76.8,5,0
10.23,24.01,78.29,0.2371,0.5636,2166.6,55.6,3.057,11.9,48.9,5,0
24.72,37.76,165.52,0.3687,0.5305,1026.8,31.18,6.298,24.7,56.1,5,0
27.28,54.6,192.27,0.3586,0.6032,1301.7,31.0,2.231,12.3,51.3,5,0
47.11,118.45,261.72,0.4348,0.4545,1755.1,59.32,1.403,32.8,70.6,5,0
37.1,74.19,229.19,0.3346,0.2659,288.3,39.57,6.053,25.5,62.3,5,0
37.89,111.53,218.17,0.4122,0.4215,503.4,38.97,1.114,34.8,59.2,5,0
29.1,95.47,363.99,0.3701,0.6078,2463.6,20.71,0.248,16.1,57.5,5,0
18.95,68.98,217.63,0.3502,0.5128,1615.6,41.46,1.767,27.0,55.5,5,0
60.95,190.01,531.65,0.4197,0.0704,3053.8,39.55,4.613,34.1,56.8,5,0
37.28,120.12,530.35,0.51,0.156,2492.4,28.81,0.1,17.5,70.5,5,1
61.2,184.88,802.31,0.3974,0.7809,226.7,64.44,2.645,12.4,77.2,5,0
17.93,71.07,310.76,0.3865,0.2355,2235.2,57.91,2.708,25.8,55.7,5,0
29.09,62.62,150.07,0.3319,0.299,509.3,49.98,7.916,19.2,58.2,5,0
40.19,87.04,327.89,0.3637,0.6232,2777.1,37.24,1.013,16.8,54.1,5,0
42.52,77.22,336.09,0.3959,0.3608,3472.0,32.72,0.981,34.8,76.6,5,0
64.58,175.28,585.68,0.4717,0.1973,1953.0,16.09,1.742,28.9,81.3,5,0
34.96,60.84,144.69,0.3553,0.4331,2453.2,23.34,1.324,22.1,63.6,5,0
64.39,140.07,561.42,0.4733,0.4261,983.1,51.44,3.999,11.3,75.9,5,0
55.09,149.12,622.71,0.4112,0.3873,1644.1,32.22,3.08,14.8,76.4,5,0
43.05,167.63,620.04,0.4208,0.6771,3025.1,57.94,4.268,17.5,71.1,5,0
21.94,85.77,222.36,0.2941,0.2777,752.5,13.87,5.145,22.2,49.7,5,0
64.64,217.16,502.69,0.499,0.4957,1076.3,35.5,7.691,22.4,66.9,5,0
22.56,55.8,194.49,0.3293,0.05,1669.9,43.82,1.691,10.6,60.5,5,0
45.19,165.52,513.71,0.3872,0.4668,2550.4,36.01,12.539,33.6,65.2,5,0
44.37,163.67,590.16,0.4476,0.5799,1440.4,58.35,0.729,23.6,69.3,5,1
40.54,153.07,321.69,0.4193,0.1875,3261.5,64.37,3.759,10.5,67.3,5,1
35.99,111.56,241.76,0.3134,0.5933,511.7,11.95,2.291,27.5,62.8,5,0
25.17,50.45,140.24,0.3872,0.1354,1423.7,12.8,5.093,11.8,36.7,5,0
5.3,9.15,22.87,0.2894,0.1,2539.5,12.82,1.943,28.0,61.0,5,0
80.82,306.05,1062.65,0.5827,0.4143,945.8,45.87,4.597,27.5,81.0,5,1
33.43,54.78,152.98,0.3033,0.5535,2366.2,27.36,7.985,34.6,76.6,5,0
42.52,95.23,347.27,0.4058,0.1174,741.9,49.0,3.954,18.6,58.9,5,0
42.37,115.12,446.19,0.3908,0.7069,384.7,29.33,4.49,13.6,48.0,5,0
73.11,113.68,262.08,0.2958,0.1986,599.4,42.66,0.209,12.3,70.5,5,0
94.05,354.32,1517.72,0.5307,0.1929,3268.9,51.19,0.688,11.8,81.9,5,1
49.72,110.26,432.82,0.3488,0.1298,2020.8,37.89,10.984,30.3,61.4,5,0
41.8,65.67,229.35,0.3952,0.2341,2827.9,37.37,3.545,28.0,73.5,5,0
17.63,70.26,298.87,0.2622,0.2299,1297.8,10.29,2.473,34.4,50.0,5,0
9.63,21.94,55.25,0.3277,0.659,2155.8,29.65,1.372,17.7,52.1,5,0
1.37,5.06,14.88,0.3153,0.4893,1833.3,37.75,0.136,30.1,48.4,5,0
25.82,68.01,138.18,0.2433,0.3636,3320.9,32.72,1.382,12.3,79.9,5,0
6.55,20.69,62.71,0.2726,0.7215,2667.0,59.05,2.073,32.6,44.7,5,0
72.69,152.85,484.12,0.3562,0.3782,2610.8,59.39,0.713,11.3,76.5,5,0
56.3,155.22,537.6,0.4094,0.1798,353.0,54.32,0.57,29.7,57.3,5,0
39.43,84.54,166.79,0.4065,0.2464,2013.9,27.52,2.13,17.7,64.6,5,0
73.46,284.84,537.68,0.4606,0.1415,1741.1,48.04,2.645,14.5,64.4,5,1
18.94,31.3,91.82,0.3002,0.4842,3261.9,28.72,0.823,27.6,64.5,5,0
25.22,55.15,127.44,0.2838,0.3051,1049.2,18.96,2.656,32.4,64.8,5,0
2.62,9.79,37.7,0.2296,0.5151,1090.5,25.57,6.918,29.1,53.0,5,0
65.08,175.72,633.58,0.4069,0.5751,1557.4,9.26,1.923,17.8,58.4,5,0
25.46,76.39,204.71,0.2957,0.6209,1003.1,24.91,5.843,18.8,57.2,5,0
46.11,144.3,277.58,0.3533,0.4229,626.3,32.64,7.863,14.7,61.4,5,0
70.79,118.73,272.2,0.3542,0.1893,3029.5,62.33,0.291,30.6,77.9,5,1
79.99,123.54,453.07,0.3662,0.1109,2042.3,23.8,0.302,12.7,66.8,5,0
44.99,172.98,773.8,0.431,0.4773,3042.5,59.15,1.939,32.6,72.7,5,0
55.33,120.54,323.23,0.3295,0.2787,2942.7,18.73,2.661,25.0,74.3,5,0
23.12,56.67,224.73,0.319,0.1419,1130.7,16.46,1.665,24.7,45.9,5,0
114.82,368.02,1524.02,0.6746,0.4336,2007.5,36.14,1.186,30.9,82.7,6,1
68.58,143.38,276.74,0.3809,0.3064,474.6,45.35,3.073,26.7,70.2,6,0
74.74,249.09,1064.55,0.5381,0.5352,3220.3,7.66,0.1,17.6,80.5,6,0
62.56,165.52,506.27,0.4512,0.2186,1534.1,18.26,10.333,18.7,63.3,6,0
102.71,374.04,1647.06,0.6734,0.8055,1499.1,32.34,0.792,14.3,82.5,6,1
77.72,170.71,555.5,0.4816,0.5597,1199.1,24.86,7.47,21.6,82.1,6,0
91.76,184.39,448.97,0.4186,0.0847,1720.2,47.76,0.346,12.8,79.5,6,1
81.58,292.0,1294.04,0.5674,0.362,1030.8,35.67,0.816,26.3,59.6,6,1
67.22,155.68,382.49,0.3465,0.5029,1437.0,14.62,0.803,14.2,66.2,6,0
95.97,242.77,1015.45,0.4605,0.5533,2839.8,58.67,16.681,31.6,86.0,6,1
81.37,283.5,642.83,0.4718,0.3902,2953.0,22.57,0.1,27.5,80.6,6,0
48.71,150.46,544.95,0.4027,0.455,1203.8,48.87,3.062,32.3,46.6,6,0
48.0,125.02,363.86,0.3043,0.3487,1747.7,51.79,6.113,12.2,66.0,6,0
76.45,162.44,718.73,0.3381,0.2033,3083.6,62.79,3.347,30.0,80.5,6,1
95.42,325.43,748.13,0.556,0.7302,373.8,34.91,1.352,32.0,82.9,6,0
113.72,221.88,644.27,0.3787,0.2762,3134.2,41.95,9.532,11.1,89.3,6,0
28.3,108.14,381.45,0.3415,0.1792,923.3,25.09,6.719,35.0,75.0,6,0
73.38,137.64,611.05,0.4828,0.1575,2439.2,45.69,1.707,17.5,71.7,6,0
84.97,298.46,782.09,0.395,0.761,2122.4,32.8,2.555,15.3,77.9,6,0
80.13,205.17,589.16,0.4436,0.4355,2024.7,31.26,10.281,20.4,66.5,6,0
97.97,192.51,586.54,0.5076,0.524,3035.9,56.33,12.147,10.2,74.3,6,0
89.12,223.34,554.38,0.5158,0.5613,535.2,8.01,1.793,32.1,74.1,6,0
48.1,98.78,395.81,0.3563,0.6766,1345.2,57.92,5.639,16.7,71.2,6,0
47.36,87.15,178.51,0.3349,0.4738,1976.2,56.12,1.079,23.0,58.2,6,0
80.55,168.97,625.7,0.4045,0.1715,2877.3,35.38,1.395,25.6,84.0,6,0
97.5,357.66,1159.41,0.5295,0.096,914.3,34.41,0.54,29.8,70.5,6,0
76.32,134.69,330.43,0.4306,0.5777,2849.7,26.71,0.704,16.3,78.0,6,0
33.29,130.86,409.66,0.3114,0.4225,1518.8,64.65,3.209,27.9,64.4,6,0
46.55,70.41,284.53,0.3889,0.4223,823.4,11.67,2.145,12.9,66.0,6,0
90.02,283.17,850.28,0.4592,0.3932,2704.7,40.41,0.789,27.6,84.9,6,1
64.02,233.11,496.31,0.467,0.5004,500.0,45.9,1.547,33.0,63.3,6,0
75.68,290.23,554.4,0.4759,0.0949,1898.7,61.06,1.401,12.1,69.0,6,1
99.37,184.82,720.82,0.4229,0.05,410.8,51.81,13.113,12.9,72.1,6,0
42.68,138.51,372.9,0.3685,0.5197,1376.2,43.63,5.764,23.9,62.9,6,0
62.38,110.31,475.9,0.4392,0.1316,2183.6,12.01,1.473,11.2,67.8,6,0
59.66,142.09,492.51,0.447,0.6143,2035.2,27.42,7.357,14.7,74.8,6,0
81.62,271.78,809.34,0.3372,0.4087,1535.4,13.33,1.259,14.8,77.6,6,0
92.06,217.71,723.67,0.4883,0.7995,1615.9,57.87,3.307,22.0,83.1,6,0
35.73,81.58,247.54,0.4315,0.726,948.3,49.98,10.202,16.2,59.1,6,0
72.6,129.96,551.75,0.4224,0.34,1704.4,50.45,1.484,21.9,75.0,6,0
94.47,157.39,477.94,0.4425,0.5244,3345.7,44.14,3.417,23.0,92.8,6,0
26.36,47.14,98.11,0.3834,0.1045,3006.5,35.42,1.053,28.3,47.1,6,0
71.12,262.35,895.19,0.4889,0.3065,679.3,14.0,0.929,33.6,56.6,6,0
42.34,64.69,225.27,0.3855,0.5041,298.3,24.78,2.561,22.6,67.8,6,0
56.69,183.25,708.5,0.4414,0.5243,3280.6,13.21,11.628,18.9,60.2,6,0
10.11,34.58,149.4,0.3271,0.4153,1938.3,48.49,1.811,16.5,42.0,6,0
107.55,314.02,940.91,0.4539,0.2516,1974.9,14.61,8.324,25.9,86.5,6,0
63.84,212.39,584.19,0.4247,0.6517,2776.4,47.13,7.373,33.6,61.1,6,0
52.55,164.53,514.17,0.4965,0.3017,1238.5,46.54,0.878,29.1,78.1,6,1
80.94,213.59,903.61,0.4344,0.6801,1790.3,32.56,1.542,15.2,75.5,6,0
46.68,114.67,509.83,0.4321,0.5157,3396.6,13.11,3.093,32.3,62.4,6,0
44.3,170.71,754.95,0.466,0.392,2418.1,23.89,2.19,28.4,56.7,6,0
110.49,434.22,1050.88,0.5825,0.05,707.4,24.21,0.303,13.2,84.9,6,0
117.95,368.97,1159.16,0.6134,0.1991,639.6,47.02,15.201,27.8,72.7,6,1
57.93,115.47,288.75,0.3112,0.8361,874.1,11.82,4.191,17.2,47.6,6,0
99.42,260.45,727.58,0.4158,0.6397,2730.1,54.74,1.727,22.3,67.4,6,1
81.63,223.79,421.96,0.3579,0.4363,1174.7,50.66,2.888,17.5,83.6,6,0
37.39,126.93,283.51,0.3321,0.383,270.6,16.18,0.275,12.1,53.8,6,0
49.53,156.98,450.87,0.3697,0.5396,3315.8,48.15,2.051,29.2,53.4,6,0
111.51,310.79,865.45,0.4893,0.362,760.1,45.11,8.014,30.7,82.7,6,0
37.06,118.64,302.86,0.3176,0.5551,231.5,49.89,6.807,15.8,78.9,6,0
129.76,202.44,490.28,0.3619,0.1426,982.5,16.34,1.235,16.0,97.7,6,0
58.45,201.16,768.87,0.4132,0.5667,975.6,14.46,2.274,20.7,61.1,6,0
112.25,227.77,591.13,0.4421,0.4838,1592.6,19.19,3.586,30.3,77.1,6,0
65.09,204.46,758.08,0.4474,0.2958,3237.3,26.95,1.247,11.9,63.2,6,0
92.73,165.52,462.67,0.3799,0.6483,3101.3,52.62,0.201,30.2,70.5,6,1
107.61,192.21,762.17,0.4093,0.3979,1707.8,49.28,2.112,33.1,86.6,6,1
107.48,170.81,384.57,0.2962,0.1589,1556.0,60.53,2.761,24.0,79.6,6,1
58.12,219.45,488.4,0.4786,0.0845,2031.5,8.52,0.1,11.5,58.5,6,0
51.3,154.48,561.56,0.3971,0.5306,1003.4,5.69,0.301,16.7,54.7,6,0
70.7,170.03,726.1,0.5798,0.7156,372.2,46.95,0.697,12.8,89.6,6,0
40.22,139.55,305.06,0.3992,0.6831,3299.4,21.76,1.283,16.5,68.0,6,0
78.72,241.28,482.32,0.4873,0.471,816.1,25.04,2.336,30.3,66.8,6,0
52.21,159.26,688.58,0.4865,0.1935,854.7,37.81,1.044,11.4,75.4,6,0
99.8,271.22,574.12,0.422,0.1346,1759.1,11.14,0.97,17.1,70.7,6,0
58.48,88.88,220.07,0.3138,0.3492,1822.3,43.56,6.106,22.9,66.4,6,0
29.18,62.62,269.86,0.3048,0.7649,260.8,24.51,0.47,31.9,56.8,6,0
107.76,191.02,757.94,0.5066,0.6934,688.3,42.96,2.052,16.2,83.8,6,0
77.32,244.02,665.06,0.4454,0.2587,1447.9,55.04,9.162,29.5,65.7,6,0
73.46,155.85,682.21,0.4664,0.602,2456.3,15.27,2.943,24.6,73.1,6,0
100.09,262.79,876.06,0.5148,0.5487,953.8,60.85,3.789,26.9,66.0,6,1
94.52,225.3,449.5,0.4071,0.0892,1595.9,36.84,1.693,31.5,75.3,6,1
53.69,99.75,368.91,0.3497,0.4836,2039.2,60.38,0.1,10.7,76.8,6,1
61.49,239.56,778.72,0.5054,0.7387,3132.4,17.46,3.116,23.2,76.6,6,0
44.91,172.16,576.06,0.4045,0.2441,1276.0,41.27,2.998,28.7,57.9,6,0
36.12,61.82,277.22,0.3596,0.7702,640.7,29.23,0.351,32.1,48.6,6,0
87.2,311.16,688.22,0.4726,0.3158,1814.6,51.45,1.861,13.3,58.7,6,1
82.54,224.58,802.51,0.4565,0.1288,2664.2,41.35,7.407,18.5,79.7,6,1
91.75,315.12,957.51,0.3993,0.1505,562.5,34.67,0.689,12.0,79.8,6,1
104.77,196.75,498.6,0.4511,0.6263,1601.5,59.78,1.855,30.9,84.5,6,1
92.1,168.6,619.19,0.4858,0.2873,258.7,27.63,1.855,31.4,91.2,6,0
94.32,351.52,1266.94,0.4602,0.6041,310.7,18.2,4.994,22.1,79.5,6,0
20.78,77.83,320.08,0.3114,0.44,1793.7,41.49,5.222,10.5,58.1,6,0
65.06,173.37,723.46,0.5449,0.3943,1184.1,42.44,4.272,12.6,58.3,6,0
96.85,355.96,1180.67,0.5462,0.6184,2988.9,31.35,1.365,25.6,92.0,6,0
43.53,137.93,369.51,0.3736,0.4305,2187.1,34.2,0.224,34.6,61.7,6,0
75.03,147.24,475.56,0.3732,0.6181,1698.0,62.57,1.29,31.0,66.0,6,0
85.72,199.08,551.44,0.358,0.0737,1546.2,48.96,3.416,29.9,77.4,6,0
83.81,154.21,393.07,0.3684,0.5513,1840.9,11.64,3.64,20.4,91.1,6,0
81.95,281.5,925.93,0.5327,0.593,333.4,17.73,10.057,34.6,91.7,6,0
87.71,347.59,1243.14,0.5462,0.6886,3146.2,63.53,1.813,30.6,68.5,6,1
77.25,221.4,751.55,0.4798,0.2335,3494.4,48.59,3.003,18.4,82.6,6,1
36.16,113.53,496.92,0.487,0.5097,798.9,59.9,2.324,28.7,63.5,6,0
85.41,287.42,749.1,0.4198,0.3426,597.3,23.23,0.49,20.8,83.5,6,0
79.85,164.55,461.61,0.4069,0.3978,673.8,49.51,1.855,26.5,76.2,6,0
36.49,85.39,307.62,0.4113,0.1425,2381.4,47.84,2.361,34.3,65.9,6,0
107.23,271.37,928.35,0.4378,0.0904,2382.8,22.68,9.033,16.2,92.7,6,0
86.08,257.07,464.03,0.4011,0.6564,2998.1,38.05,1.37,29.9,61.8,6,0
38.23,138.61,366.38,0.4664,0.532,2681.0,42.64,11.751,24.8,64.4,6,0
52.3,111.69,277.58,0.3381,0.3345,1684.0,33.87,2.345,33.7,56.3,6,0
58.63,156.97,638.53,0.4803,0.6849,2222.4,54.63,0.833,13.4,63.9,6,1
58.61,198.05,819.7,0.4558,0.2105,2471.3,54.97,0.638,28.0,67.6,6,1
80.06,137.58,353.1,0.4601,0.506,1892.0,56.04,0.458,10.9,66.0,6,1
48.32,134.45,279.07,0.2732,0.7325,1769.6,53.21,1.81,16.2,59.8,6,0
100.94,187.84,442.18,0.3911,0.6618,2328.8,34.29,0.1,18.0,69.1,6,0
98.88,281.59,641.12,0.3534,0.41,2039.7,27.89,1.767,20.8,74.9,6,0
88.22,301.66,736.38,0.4113,0.635,2325.0,54.88,13.371,34.1,80.6,6,0
73.84,154.5,375.98,0.3394,0.2861,2222.4,34.41,3.327,11.7,79.1,6,0
96.17,348.49,1078.77,0.501,0.7109,2573.3,19.78,4.279,14.2,72.7,6,0
65.84,153.86,409.73,0.322,0.3956,2321.3,35.44,0.38,15.1,80.4,6,0
82.34,162.79,539.08,0.4035,0.5719,1915.2,13.51,1.922,20.6,79.3,7,0
130.21,346.79,946.44,0.5111,0.05,2449.9,46.5,1.012,11.5,100.0,7,1
108.39,400.0,1599.84,0.5413,0.5427,1683.3,25.16,6.736,34.1,68.4,7,0
83.35,139.4,608.76,0.3892,0.5021,997.5,20.64,0.6,24.0,77.5,7,0
90.01,208.73,603.36,0.5469,0.5435,204.7,62.39,1.842,30.3,81.9,7,1
82.05,257.04,497.0,0.4152,0.6047,2047.9,51.61,2.661,29.3,60.9,7,0
151.01,361.51,884.57,0.3849,0.6964,2149.2,52.22,2.165,26.5,100.0,7,1
100.56,168.64,349.94,0.2995,0.5889,3407.8,42.42,5.32,32.6,75.1,7,0
104.4,243.25,664.29,0.4433,0.1874,1392.9,55.35,0.79,32.6,85.7,7,1
118.49,420.91,1490.79,0.6012,0.5942,1500.6,50.55,1.422,13.2,93.0,7,1
70.07,274.69,879.29,0.4453,0.0902,865.9,40.93,4.712,32.5,71.8,7,0
127.87,204.52,502.26,0.5095,0.4273,432.8,62.67,2.253,23.1,99.4,7,1
85.26,249.23,964.93,0.6226,0.8082,2750.3,16.5,1.543,16.7,91.5,7,0
146.21,257.8,555.56,0.3972,0.05,1023.9,61.6,0.1,25.2,85.0,7,1
92.64,296.54,716.47,0.486,0.7096,2209.4,29.09,4.2,17.0,78.7,7,0
126.4,192.09,696.39,0.4845,0.6968,2469.7,36.7,10.746,22.0,95.2,7,0
38.04,58.46,136.35,0.3799,0.485,1755.1,12.36,2.905,30.4,48.3,7,0
71.08,244.66,888.78,0.4446,0.2326,3092.0,37.41,5.825,10.8,79.8,7,0
93.12,157.0,696.73,0.5354,0.2891,1664.5,41.67,2.182,14.6,91.6,7,0
49.69,112.44,454.77,0.3869,0.7907,1140.2,64.86,0.791,33.9,75.2,7,0
115.48,449.8,1003.96,0.5206,0.2672,3156.9,63.51,0.1,21.1,88.2,7,1
108.28,429.13,1375.5,0.5734,0.515,3043.2,62.98,3.179,17.6,94.8,7,1
75.69,144.07,423.6,0.3772,0.1258,741.3,25.9,2.038,33.1,75.6,7,0
100.06,290.39,1300.23,0.5723,0.1693,285.7,64.48,4.571,32.8,69.5,7,1
120.62,349.54,1539.31,0.5465,0.5902,497.0,32.33,3.559,11.1,82.0,7,0
47.88,125.97,269.98,0.2551,0.2962,1145.6,56.11,13.257,19.1,62.3,7,0
68.62,261.56,1112.55,0.5104,0.7909,3408.5,17.98,2.142,32.8,70.1,7,0
92.08,311.69,723.83,0.3998,0.3546,2043.1,35.35,1.672,14.5,76.9,7,0
101.05,344.71,917.8,0.5097,0.3579,1431.8,62.96,1.014,24.5,77.6,7,1
98.99,215.2,592.7,0.4394,0.0606,3132.8,61.82,1.944,18.0,81.4,7,1
122.69,317.25,816.73,0.4629,0.6565,1695.3,46.02,6.188,28.4,98.8,7,1
112.39,305.53,1253.82,0.6232,0.1051,1240.3,52.87,0.13,14.0,85.4,7,1
117.87,264.89,712.77,0.4413,0.4063,3306.0,15.59,11.437,24.9,90.4,7,0
65.71,114.14,457.15,0.3179,0.3582,3003.4,48.3,15.02,10.0,52.2,7,0
104.08,188.99,847.6,0.4572,0.3801,2984.1,42.08,2.733,16.3,82.2,7,1
92.78,181.07,736.97,0.505,0.442,1890.5,10.49,1.208,14.1,86.5,7,0
137.01,275.27,752.74,0.3553,0.4191,2805.1,11.79,0.757,15.2,100.0,7,0
104.82,220.71,821.11,0.4584,0.1931,791.9,11.51,0.971,31.5,90.6,7,0
83.73,179.07,580.47,0.4441,0.4883,2091.6,48.46,0.154,32.9,77.5,7,1
121.77,321.38,1260.98,0.6831,0.5385,3446.7,13.5,1.934,28.9,89.8,7,0
114.54,317.72,703.23,0.5001,0.2941,1160.2,33.06,0.177,24.8,79.0,7,1
79.92,181.58,639.72,0.4337,0.1846,2821.4,26.42,3.803,15.8,80.7,7,0
91.74,345.71,1344.44,0.5932,0.2604,1818.6,38.03,1.395,16.9,72.2,7,1
92.17,265.71,1024.4,0.4086,0.1848,331.4,47.39,0.667,17.7,83.1,7,1
131.14,454.89,2002.3,0.6453,0.05,2718.0,46.08,2.361,29.4,89.7,7,1
105.54,402.16,787.31,0.489,0.3306,756.3,35.93,10.921,16.3,81.8,7,0
118.63,226.32,618.66,0.431,0.3943,2283.9,32.86,3.564,34.3,93.6,7,0
88.12,226.45,698.99,0.4533,0.0671,482.7,28.87,2.03,29.9,80.9,7,0
108.83,281.1,741.08,0.4489,0.405,3324.7,56.71,4.501,35.0,84.9,7,1
133.04,317.46,836.95,0.466,0.7727,1162.7,24.85,4.012,21.5,85.9,7,0
91.43,139.18,316.71,0.3681,0.7283,947.3,20.56,6.67,24.7,90.2,7,0
103.33,365.8,1461.35,0.5375,0.6329,626.2,49.6,0.687,17.0,83.7,7,1
66.37,118.07,502.01,0.3883,0.3036,3321.8,26.59,5.874,25.1,75.9,7,0
81.32,324.35,655.93,0.3681,0.05,2549.3,55.82,1.074,34.3,75.0,7,1
92.09,316.11,701.2,0.4083,0.6435,2647.5,24.67,8.491,10.8,72.1,7,0
73.93,218.11,527.13,0.4645,0.05,1848.0,47.12,0.99,17.2,75.0,7,0
133.51,251.86,799.47,0.4498,0.116,1766.6,7.71,7.846,17.0,85.3,7,0
79.51,221.7,872.65,0.5032,0.506,563.1,28.13,9.955,34.6,77.4,7,0
120.13,258.6,515.38,0.4082,0.0559,2047.5,25.59,0.472,13.3,59.9,7,1
105.13,224.01,788.36,0.4374,0.6489,1014.8,54.0,11.007,30.3,78.3,7,0
101.23,361.77,797.05,0.4079,0.6781,3424.6,63.02,0.269,16.9,80.3,7,1
137.61,337.37,1492.15,0.5765,0.5788,2828.7,32.65,0.74,31.5,83.6,7,1
43.94,115.42,487.86,0.4061,0.646,1562.9,54.49,1.762,22.2,66.1,7,0
95.55,344.69,1504.19,0.6279,0.129,699.4,46.98,15.153,16.1,75.3,7,1
73.45,126.29,263.52,0.3585,0.4886,2791.6,63.04,2.012,27.7,72.0,7,1
51.42,153.57,478.78,0.4276,0.4014,602.8,53.67,2.398,31.0,61.0,7,0
70.59,207.92,467.02,0.3168,0.5199,824.8,9.65,3.557,21.8,79.0,7,0
100.89,258.58,884.58,0.5191,0.05,898.0,47.8,10.354,27.8,84.6,7,1
82.32,294.26,714.57,0.3856,0.5091,2037.7,37.13,4.588,14.5,77.1,7,0
122.87,473.94,1839.23,0.7146,0.6721,2797.3,5.99,0.761,33.4,87.4,7,1
95.11,253.31,896.41,0.5032,0.05,1237.2,20.08,1.083,12.4,98.8,7,0
92.34,243.81,815.12,0.3684,0.2123,479.4,60.31,0.308,15.5,76.4,7,1
92.45,254.71,1026.01,0.5407,0.1613,1733.0,60.56,3.102,17.2,72.2,7,1
97.99,324.14,1021.29,0.5527,0.3649,2668.8,52.93,0.598,13.8,70.0,7,1
89.99,285.29,721.4,0.5062,0.3024,931.5,63.91,0.893,20.2,84.2,7,1
79.17,162.87,566.12,0.374,0.7304,925.8,53.39,6.571,21.4,86.8,7,0
125.19,207.78,910.9,0.49,0.3767,3325.8,5.61,1.187,23.0,80.8,7,0
84.85,328.65,1125.01,0.5582,0.4643,3348.7,22.27,2.509,11.0,73.2,7,0
90.87,195.61,684.63,0.4728,0.5295,3468.5,6.84,1.52,15.5,74.4,7,0
111.19,344.3,1488.7,0.6163,0.235,2865.3,10.65,0.231,30.2,82.4,7,0
108.42,387.19,1235.63,0.5242,0.2223,821.0,18.13,1.352,30.3,68.4,7,0
78.12,175.82,789.48,0.5063,0.6168,899.5,35.21,1.573,18.3,79.9,7,0
119.33,368.56,822.29,0.5131,0.4534,1322.7,55.85,6.781,21.5,95.3,7,1
113.9,201.57,655.11,0.4224,0.0815,1249.8,56.72,1.177,14.6,68.9,7,1
104.91,411.74,977.8,0.4551,0.0951,3356.5,41.97,1.43,30.6,95.5,7,1
89.67,147.55,446.18,0.3523,0.2259,2803.9,60.69,4.582,33.9,89.8,7,1
90.29,234.34,529.73,0.4735,0.2184,2589.2,35.0,4.268,17.3,52.5,7,0
95.41,271.16,651.02,0.4769,0.2941,813.7,58.34,4.803,29.5,61.2,7,1
69.66,242.15,573.7,0.413,0.6121,3201.4,32.24,9.222,18.8,69.8,7,0
99.47,179.33,477.76,0.385,0.6428,2932.0,21.63,4.762,10.1,90.4,7,0
122.76,319.42,691.04,0.3489,0.1674,740.0,59.98,1.571,25.0,89.1,7,1
122.37,275.23,1096.87,0.5137,0.3682,3074.9,28.28,5.17,20.3,86.9,7,0
90.93,207.33,496.73,0.3391,0.3018,1098.4,35.2,2.132,29.0,81.9,7,0
127.06,437.97,1280.93,0.5624,0.4213,466.9,24.73,0.976,28.7,81.7,7,0
148.1,224.18,413.24,0.4414,0.4261,2367.5,44.77,1.083,33.7,100.0,7,1
92.55,312.15,650.26,0.3802,0.7689,2357.6,64.7,0.76,20.9,76.9,7,1
117.74,415.16,1751.97,0.66,0.0563,513.3,6.53,0.47,22.1,72.3,7,0
43.89,164.72,668.82,0.4828,0.112,1252.2,58.99,0.612,20.0,56.8,7,1
69.0,211.64,861.5,0.4822,0.4165,3476.3,5.24,0.196,17.4,73.7,7,0
102.73,239.74,697.81,0.4124,0.3252,2438.8,26.85,6.58,25.9,78.5,7,0
75.29,193.35,421.91,0.3843,0.1484,2609.2,15.12,8.021,30.7,69.4,7,0
151.44,594.29,1242.84,0.5948,0.052,902.6,50.44,2.651,13.9,97.1,7,1
115.4,427.33,1467.94,0.6048,0.4593,460.0,8.04,5.507,34.5,87.5,7,0
124.6,331.29,1337.14,0.5655,0.2066,1113.8,38.21,0.608,27.1,77.5,7,1
99.73,384.73,1627.51,0.6812,0.9,1021.4,22.7,6.958,29.5,89.7,7,0
75.38,268.14,691.69,0.4632,0.3816,974.0,13.02,2.118,35.0,71.6,7,0
87.49,328.31,875.53,0.4138,0.1873,836.1,51.31,0.209,22.6,79.6,7,1
106.82,342.6,710.0,0.4726,0.4483,2096.7,18.05,0.457,11.8,82.8,7,0
84.51,307.96,1198.24,0.5855,0.1667,1282.7,18.42,1.109,29.8,72.1,7,0
117.24,437.22,1112.45,0.4592,0.394,2907.1,21.5,0.134,31.8,92.5,7,1
118.24,204.56,633.84,0.3125,0.3364,807.0,40.21,1.11,14.1,86.1,7,1
100.58,393.58,1695.53,0.5848,0.4053,1733.3,44.58,0.185,10.6,80.8,7,1
54.82,127.94,490.14,0.3923,0.647,245.1,6.06,0.808,13.4,46.5,7,0
143.33,372.61,723.76,0.4943,0.1383,1789.6,19.51,0.926,18.1,99.6,7,0
95.14,331.06,603.2,0.3753,0.7041,384.3,30.86,15.538,33.1,77.2,7,0
168.19,531.85,2088.05,0.7426,0.5448,3426.5,24.92,0.806,10.1,100.0,7,1
116.77,435.86,1434.74,0.4404,0.2657,2809.0,58.05,0.82,30.1,98.2,7,1
95.21,238.15,891.86,0.4862,0.259,1817.4,52.26,3.483,31.4,85.1,7,1
111.65,271.67,604.04,0.3997,0.243,485.7,42.55,5.885,30.3,83.9,7,0
49.97,78.92,327.87,0.4701,0.3287,2155.1,25.28,1.468,12.1,62.7,7,0
126.11,335.05,1302.66,0.4642,0.4512,2703.9,47.04,6.253,27.0,100.0,7,1
164.63,544.95,2291.67,0.7546,0.05,829.4,55.62,1.247,33.8,100.0,7,1
48.23,108.65,295.63,0.2638,0.6971,2075.1,40.69,0.658,13.0,66.1,7,0
93.27,247.8,630.51,0.3978,0.05,2886.9,52.07,1.2,10.8,76.5,7,1
97.82,200.39,442.79,0.3029,0.1248,2735.2,49.95,2.82,31.8,72.2,8,1
122.34,419.86,1810.1,0.7747,0.1167,2849.9,39.3,1.373,26.1,71.1,8,1
153.11,252.82,575.78,0.3966,0.1825,3101.8,23.73,3.352,26.2,100.0,8,0
110.03,359.07,762.01,0.4408,0.6285,3294.4,49.75,0.811,34.1,76.8,8,1
154.0,376.89,874.48,0.4716,0.5503,1538.2,17.41,3.622,29.2,94.7,8,0
104.72,167.96,652.16,0.373,0.1809,2076.9,51.77,1.281,19.9,80.6,8,1
111.74,406.03,1706.04,0.6917,0.542,2809.2,53.27,1.826,20.9,95.0,8,1
108.66,295.48,1178.83,0.5662,0.6469,2500.6,54.33,2.448,13.6,76.5,8,1
130.96,392.67,1303.95,0.605,0.6134,3485.2,33.37,3.477,17.6,91.3,8,0
89.9,299.37,1342.21,0.5058,0.6963,245.1,16.55,0.818,21.1,81.1,8,0
120.91,379.39,753.43,0.5065,0.5221,1371.9,10.98,5.423,16.5,75.2,8,0
69.69,231.86,960.21,0.5418,0.3296,1127.4,49.6,3.839,32.9,59.1,8,0
93.34,317.9,939.34,0.475,0.3069,1065.6,58.18,0.8,10.3,72.3,8,1
84.54,251.32,761.2,0.496,0.1554,934.3,44.05,11.064,24.7,77.3,8,0
102.66,247.82,531.45,0.4192,0.4581,2540.1,13.65,3.279,29.3,81.7,8,0
92.55,195.09,368.77,0.2936,0.7655,479.7,61.09,1.807,28.3,76.8,8,1
128.76,483.78,1284.39,0.546,0.419,2647.3,64.35,0.514,26.1,93.8,8,1
78.49,308.06,699.93,0.415,0.7564,2488.3,31.0,2.286,20.3,66.7,8,0
57.17,136.88,425.02,0.3887,0.2759,1027.7,40.69,0.54,33.0,65.8,8,0
66.52,118.46,260.36,0.4028,0.5647,1034.4,51.63,1.684,18.2,69.0,8,0
125.31,257.68,559.79,0.3292,0.4556,2275.2,49.18,1.576,28.8,81.0,8,0
76.22,242.12,1009.1,0.4783,0.6289,2715.2,63.07,3.818,33.2,91.3,8,1
110.4,213.33,914.67,0.4406,0.4372,3092.4,11.89,0.641,13.2,65.8,8,0
93.09,321.18,1414.26,0.542,0.1925,3012.1,39.84,5.176,33.7,87.9,8,0
121.06,460.95,1676.65,0.592,0.1746,3384.1,46.52,1.184,29.4,92.7,8,1
94.69,370.14,1436.8,0.5889,0.6573,2118.6,58.41,1.761,25.4,84.9,8,1
169.56,258.3,1047.83,0.5343,0.05,3198.6,57.45,4.44,19.3,100.0,8,1
147.91,576.16,2062.14,0.7271,0.3322,2868.1,63.68,2.946,32.6,100.0,8,1
92.58,310.17,834.88,0.4752,0.3071,3152.4,35.72,1.105,11.1,74.2,8,0
89.15,152.46,338.81,0.3984,0.356,238.4,54.85,1.464,20.8,79.9,8,0
178.76,453.72,1107.37,0.639,0.6223,3387.5,30.64,1.095,28.9,100.0,8,1
73.48,238.83,971.84,0.4999,0.6303,1762.6,30.34,2.71,30.3,70.2,8,0
99.08,385.59,1418.77,0.6329,0.6809,2834.0,20.2,1.213,15.1,80.7,8,0
101.02,192.98,584.85,0.4644,0.2395,619.8,54.09,3.881,11.2,72.7,8,1
100.4,182.66,343.28,0.4571,0.4479,1506.6,64.15,2.601,30.1,74.8,8,1
56.99,152.78,384.81,0.4045,0.7137,1095.8,20.38,0.472,20.5,79.7,8,0
112.87,442.48,1667.28,0.589,0.746,1162.5,8.37,1.114,13.6,100.0,8,0
76.2,299.34,952.92,0.5046,0.7382,606.7,53.93,0.751,12.1,77.0,8,0
136.36,282.23,839.89,0.4794,0.4947,2859.0,42.21,1.484,26.0,97.6,8,1
64.06,147.23,389.7,0.4182,0.1551,230.5,62.58,2.177,24.6,71.2,8,1
101.94,384.33,1321.61,0.5189,0.05,1231.3,20.13,2.12,31.3,84.2,8,0
45.05,150.35,662.91,0.495,0.7329,775.6,9.26,4.214,10.8,67.9,8,0
46.6,183.16,775.33,0.4543,0.6534,2143.8,34.55,0.629,31.7,72.3,8,0
79.47,296.66,558.42,0.4529,0.5987,1039.0,10.13,8.783,32.2,86.1,8,0
83.0,169.13,524.07,0.4196,0.2241,1054.7,20.71,1.26,21.2,67.8,8,0
137.1,466.04,1253.46,0.5552,0.4973,1811.5,12.56,1.071,11.9,100.0,8,0
99.44,161.24,512.51,0.4135,0.2835,2353.9,18.45,3.467,33.7,80.9,8,0
132.77,470.6,1617.35,0.6549,0.3519,600.3,11.37,4.912,11.8,90.9,8,0
90.96,273.24,639.4,0.525,0.2521,779.2,62.23,1.427,24.8,74.0,8,1
115.61,449.74,1758.61,0.5485,0.6786,1015.7,21.71,4.121,22.3,81.4,8,0
82.32,321.05,989.7,0.5236,0.2867,3413.4,31.63,6.456,30.9,79.6,8,0
80.62,131.17,587.44,0.4189,0.4485,1510.6,58.92,4.368,22.6,79.3,8,0
54.93,104.45,195.09,0.3299,0.3771,2176.7,45.64,0.104,21.7,71.0,8,1
108.85,295.04,682.2,0.3174,0.5055,997.1,42.08,5.27,32.0,79.0,8,0
107.01,395.79,1449.4,0.617,0.4181,1818.5,47.33,4.468,34.1,60.5,8,1
119.89,423.94,1558.82,0.6035,0.7017,444.6,54.73,3.32,23.7,71.6,8,1
105.83,413.89,1395.6,0.5356,0.05,314.6,57.66,4.282,21.4,81.9,8,1
151.11,460.16,2035.9,0.7066,0.1837,1746.8,43.56,11.651,30.8,98.0,8,1
104.86,224.54,655.96,0.4157,0.5441,1515.6,58.4,1.692,30.8,78.1,8,1
125.25,195.74,572.73,0.3267,0.2992,651.7,37.12,0.209,18.0,82.0,8,1
92.35,190.0,809.07,0.4652,0.2008,2469.1,21.64,1.854,24.4,80.1,8,0
77.74,247.86,806.49,0.4892,0.4335,3476.6,57.8,0.143,13.9,72.5,8,1
118.4,451.77,1244.66,0.5198,0.4613,1505.6,37.49,1.045,25.9,81.7,8,1
98.23,226.14,846.04,0.4812,0.0605,2261.0,59.37,2.652,30.8,66.5,8,1
121.26,447.35,1553.69,0.6141,0.1803,3377.8,7.41,1.112,14.7,79.6,8,0
109.28,271.8,714.11,0.4942,0.6048,2944.1,28.85,3.469,18.1,90.2,8,0
80.63,183.09,476.83,0.3896,0.3964,1729.7,61.87,5.178,21.2,66.5,8,1
127.31,352.93,1012.26,0.5412,0.05,2633.7,19.98,1.636,31.1,93.5,8,0
78.68,205.01,408.65,0.3655,0.277,622.8,61.49,6.912,28.3,84.7,8,0
116.09,439.34,1908.96,0.7776,0.5311,1889.9,62.23,0.25,17.9,78.5,8,1
132.5,353.85,811.79,0.4394,0.191,1120.9,57.93,5.5,16.1,86.2,8,1
90.84,199.25,462.91,0.3577,0.6564,731.8,38.82,5.291,27.4,85.2,8,0
129.36,466.51,1654.72,0.6237,0.5723,1606.7,43.82,1.166,22.0,98.7,8,1
110.4,441.24,1657.06,0.5928,0.3271,632.3,57.18,1.065,24.8,78.0,8,1
121.75,379.93,1439.71,0.5236,0.7488,2506.7,51.55,1.092,26.2,73.6,8,1
79.54,169.11,475.65,0.4309,0.3726,1705.6,42.81,5.004,24.0,83.9,8,0
105.81,221.89,922.64,0.3302,0.1895,1952.8,63.94,5.345,25.3,86.4,8,1
65.25,107.29,350.73,0.3338,0.5525,683.0,46.14,1.2,32.2,72.8,8,0
143.24,242.54,723.77,0.3767,0.4616,661.2,63.53,2.694,31.7,100.0,8,1
50.11,189.77,756.83,0.4575,0.3425,2125.3,8.44,0.449,13.7,55.6,8,0
91.59,159.47,391.92,0.2684,0.294,3450.5,13.34,1.898,24.7,80.6,8,0
77.16,209.18,862.34,0.4987,0.3114,517.6,32.09,20.158,21.0,70.9,8,0
117.32,380.75,1239.28,0.579,0.1737,1142.9,28.09,0.519,17.1,90.0,8,0
148.55,538.64,2278.54,0.6711,0.5134,3069.2,51.96,8.844,25.8,100.0,8,1
116.83,225.27,528.1,0.4145,0.4333,438.5,14.64,5.216,22.8,92.9,8,0
174.49,452.7,1959.0,0.715,0.3208,3090.4,63.57,10.75,29.4,100.0,8,1
66.01,140.51,513.88,0.4491,0.2543,1930.1,23.9,0.594,12.3,71.8,8,0
67.93,145.33,504.23,0.3267,0.3321,1547.3,30.74,0.721,17.6,72.7,8,0
78.13,176.54,518.95,0.3226,0.2332,1221.9,21.48,0.1,10.6,76.4,8,0
103.49,307.13,1345.85,0.6425,0.0555,1180.5,39.76,3.87,28.6,76.1,8,0
74.78,115.27,345.66,0.3276,0.2246,1209.1,8.52,3.099,32.8,69.5,8,0
81.66,205.95,647.93,0.4024,0.1283,3119.9,13.98,0.588,24.7,77.7,8,0
115.97,228.12,891.95,0.5089,0.3914,2588.5,49.75,4.698,25.4,90.0,8,1
69.48,272.2,699.29,0.3805,0.5787,2410.1,16.19,1.067,11.2,65.6,8,0
72.13,213.26,551.72,0.3963,0.2935,2835.9,19.13,0.435,22.6,63.0,8,0
90.49,332.13,1293.08,0.6015,0.8887,1048.5,52.58,1.647,23.2,63.7,8,1
92.84,184.69,396.56,0.3077,0.5732,2239.5,10.6,0.286,11.0,67.8,8,0
125.71,443.12,1782.23,0.6291,0.7529,1718.2,31.25,0.916,29.6,83.4,8,1
77.94,197.73,689.68,0.3807,0.652,2782.1,6.38,1.392,17.0,69.8,8,0
82.45,160.3,521.86,0.365,0.4478,1220.5,25.81,5.729,28.1,72.5,8,0
115.0,391.35,946.52,0.5473,0.385,2322.5,46.94,4.719,20.1,74.9,8,1
120.49,410.27,1609.59,0.69,0.1525,3111.3,10.41,1.754,34.9,71.6,8,0
136.17,543.3,2158.72,0.7418,0.5878,1527.1,58.3,3.868,15.3,91.9,8,1
112.18,387.3,1202.15,0.5655,0.425,419.9,59.57,2.523,11.5,84.7,8,1
103.72,193.24,550.88,0.4347,0.4388,1903.0,11.3,1.25,34.5,86.1,8,0
114.83,264.84,652.74,0.3961,0.4718,1341.7,64.44,3.883,16.1,91.0,8,1
93.77,246.55,945.88,0.4998,0.3343,2418.3,22.85,3.451,25.9,81.3,8,0
93.59,170.01,599.55,0.3544,0.4483,3338.4,10.05,2.896,19.4,79.0,8,0
56.1,194.68,459.05,0.3433,0.3016,1802.5,5.3,2.887,26.0,73.8,8,0
122.79,345.87,1364.49,0.5668,0.498,1738.4,29.51,3.446,24.9,98.2,8,0
105.74,408.28,1707.43,0.5862,0.67,2360.1,42.79,1.456,27.7,76.3,8,1
119.88,356.44,698.61,0.3752,0.6319,541.5,24.93,6.099,10.5,92.1,8,0
30.06,84.39,327.89,0.3296,0.6104,1036.6,55.2,0.531,30.9,54.0,8,0
99.28,166.65,683.67,0.4931,0.1387,3232.6,48.0,6.46,22.0,81.5,8,1
79.06,148.11,663.08,0.5096,0.6754,2410.8,26.01,1.257,23.0,82.3,8,0
137.99,500.05,1220.89,0.5409,0.238,244.4,49.06,0.401,20.3,89.2,8,1
115.81,460.55,1290.32,0.5855,0.6986,875.3,61.43,2.749,34.7,77.1,8,1
106.31,269.81,1189.53,0.5082,0.1183,2453.4,10.59,1.415,30.0,78.2,8,0
89.66,316.06,649.14,0.3257,0.3777,2722.5,23.37,5.07,17.8,69.3,8,0
110.39,338.77,1088.81,0.4717,0.5274,2971.5,32.8,1.69,29.6,74.5,8,0
77.25,301.1,953.94,0.4741,0.5189,1164.2,34.88,3.313,20.9,82.8,8,0
97.96,205.27,705.64,0.4472,0.3709,3272.4,37.53,1.106,31.8,83.6,8,1
86.0,246.13,662.86,0.4267,0.5089,2024.7,23.04,0.705,10.8,70.0,8,0
157.12,396.25,1703.87,0.6244,0.4004,2498.6,45.04,1.473,18.9,89.3,8,1
109.48,312.49,790.35,0.4283,0.1861,2169.2,43.71,2.8,20.7,75.5,9,0
99.31,215.72,766.69,0.4695,0.5102,605.0,39.67,3.21,28.6,74.0,9,0
35.48,97.36,305.61,0.2925,0.2287,3378.3,11.83,2.59,14.6,69.9,9,0
94.34,288.86,727.94,0.4847,0.523,605.5,33.62,13.283,17.2,77.4,9,0
77.43,131.86,304.58,0.3312,0.05,1041.1,26.37,3.524,28.1,90.3,9,0
103.32,346.89,1520.34,0.7054,0.4639,2885.0,34.46,8.044,11.9,80.7,9,1
80.79,263.9,874.95,0.4581,0.4325,2241.4,60.31,0.376,15.0,69.6,9,1
72.57,268.58,921.57,0.4591,0.2734,2965.9,33.83,0.19,28.8,79.2,9,1
78.58,201.53,788.73,0.4286,0.3902,1901.9,5.84,1.118,31.9,60.2,9,0
27.59,45.64,92.17,0.2948,0.5712,1444.1,31.33,0.441,28.2,59.8,9,0
53.55,142.1,529.63,0.4356,0.8364,3242.1,54.24,2.239,23.2,56.4,9,0
82.07,151.33,339.88,0.3654,0.7199,319.6,51.8,2.196,12.5,57.2,9,0
101.22,315.66,1199.29,0.5876,0.5985,3025.2,35.8,2.567,30.7,79.4,9,1
58.97,95.41,208.14,0.3646,0.432,961.7,19.99,4.102,13.1,74.4,9,0
71.71,174.62,706.82,0.442,0.3677,3000.8,32.91,10.656,19.6,73.2,9,0
32.71,55.84,203.18,0.359,0.1029,659.3,38.82,6.318,11.3,60.6,9,0
109.22,164.74,468.19,0.4528,0.2299,2114.7,64.99,0.378,27.7,62.0,9,1
100.58,392.39,1086.47,0.5487,0.633,3130.8,43.65,1.24,22.6,78.9,9,0
89.04,355.28,782.39,0.4695,0.2972,1762.7,46.66,0.886,32.7,75.5,9,1
82.9,239.49,1015.66,0.5229,0.3913,2663.7,34.49,0.584,13.5,79.8,9,0
111.55,233.96,496.0,0.3409,0.1221,2855.4,26.27,2.361,30.5,75.0,9,0
52.61,198.74,611.05,0.55,0.287,2630.4,53.78,2.417,22.8,72.4,9,1
49.9,190.02,463.37,0.4185,0.05,3253.6,34.7,0.773,19.2,60.9,9,0
99.27,360.98,1620.83,0.6534,0.4976,1674.6,64.68,3.733,26.1,77.4,9,1
97.59,279.2,944.2,0.4862,0.4127,771.3,32.43,3.961,29.8,83.5,9,0
42.9,72.36,159.46,0.2168,0.5632,357.8,9.08,0.1,21.0,53.4,9,0
59.45,102.32,368.6,0.36,0.4155,1013.3,45.95,1.511,15.8,74.4,9,0
114.96,430.13,1925.85,0.6864,0.6339,672.6,7.8,6.626,32.9,73.7,9,0
83.03,306.33,1051.81,0.4678,0.6288,2041.2,20.03,2.204,17.8,80.1,9,0
92.41,238.98,725.28,0.4025,0.6863,810.3,26.22,1.281,35.0,75.8,9,0
43.76,101.53,263.16,0.3353,0.456,328.5,49.37,0.878,29.2,61.9,9,0
89.15,277.28,568.08,0.4514,0.3419,318.8,34.65,0.837,27.2,52.2,9,0
37.25,131.01,316.55,0.4257,0.747,2944.2,6.72,0.315,10.3,56.4,9,0
23.24,77.36,254.9,0.3592,0.0786,2151.8,42.01,5.099,21.2,55.3,9,0
90.9,276.26,1059.51,0.4821,0.1814,1381.7,29.69,0.272,22.6,89.7,9,0
108.59,225.74,941.45,0.4689,0.3675,3151.0,60.31,1.037,19.4,82.3,9,1
66.39,143.15,564.45,0.4171,0.473,431.6,34.97,0.14,13.7,64.7,9,0
59.07,195.53,418.19,0.394,0.05,3435.1,47.54,4.561,19.2,74.4,9,0
115.5,405.02,1574.87,0.6346,0.5487,2233.8,18.13,0.12,11.9,80.6,9,1
67.86,121.5,409.49,0.3594,0.4643,805.4,50.66,1.106,17.3,78.6,9,0
71.09,139.92,429.08,0.4117,0.4156,2440.9,48.26,2.555,12.1,73.4,9,0
115.08,368.4,1232.84,0.5675,0.3653,2719.2,59.24,1.581,28.8,77.3,9,1
63.89,157.98,287.8,0.3374,0.4874,1616.8,7.03,0.995,26.8,76.7,9,0
56.38,163.97,325.14,0.2786,0.1744,3043.4,31.85,0.966,33.5,71.7,9,0
93.12,282.81,910.6,0.4367,0.0536,697.4,45.75,4.795,19.5,85.1,9,0
54.94,189.01,428.83,0.4636,0.2348,1120.2,10.71,10.946,29.7,65.0,9,0
69.12,242.9,795.01,0.3733,0.5443,508.5,29.64,1.283,24.7,75.5,9,0
39.75,87.47,241.1,0.4138,0.5018,895.9,61.53,0.12,26.2,77.3,9,1
77.37,220.75,938.2,0.4,0.3694,987.8,31.16,0.112,23.7,74.6,9,1
74.44,134.64,587.59,0.3781,0.4539,3228.2,64.12,4.272,29.5,69.1,9,1
96.93,349.45,1553.46,0.5899,0.4418,457.8,8.41,2.411,11.0,91.4,9,0
94.17,340.28,1438.4,0.6749,0.2191,1610.5,48.07,4.592,12.0,83.6,9,1
86.52,194.57,868.14,0.4738,0.1166,1956.9,39.86,3.587,12.4,72.4,9,0
82.59,157.05,582.12,0.405,0.7947,3165.7,35.03,7.142,17.2,88.7,9,0
70.9,118.78,521.85,0.3569,0.4821,3492.4,63.25,6.51,24.8,61.6,9,1
87.97,258.41,912.94,0.5075,0.5154,2686.2,12.78,4.658,26.1,80.6,9,0
44.93,77.66,309.45,0.3358,0.4256,3403.6,58.76,1.934,27.8,72.6,9,0
14.01,44.85,96.71,0.3078,0.6159,2797.4,46.47,1.105,17.0,62.8,9,0
101.78,325.22,1184.8,0.5175,0.4456,3378.6,20.54,2.122,26.3,73.3,9,0
89.59,271.9,1172.95,0.569,0.05,2534.0,59.1,2.092,12.9,67.0,9,1
69.56,256.77,836.59,0.5043,0.6557,463.2,30.76,2.827,10.2,72.7,9,0
99.6,243.59,561.32,0.367,0.2017,1526.3,53.85,0.618,27.4,85.5,9,1
54.45,204.48,658.97,0.3996,0.1247,2333.8,28.33,3.198,27.9,57.7,9,0
55.1,87.73,325.37,0.3284,0.0677,1357.4,56.06,1.83,25.6,68.9,9,0
51.63,92.0,356.81,0.3801,0.6609,1102.2,43.2,2.904,16.5,53.8,9,0
86.92,219.96,706.96,0.4858,0.5766,2105.4,13.46,0.822,33.2,84.6,9,0
33.16,98.98,236.26,0.3568,0.6444,3280.6,43.98,1.71,31.9,55.4,9,0
53.56,84.67,364.28,0.2628,0.674,315.4,16.48,0.708,22.9,64.8,9,0
79.98,233.42,907.71,0.5183,0.2799,2738.5,29.72,6.246,34.7,80.9,9,0
42.63,96.71,244.75,0.2812,0.506,2585.0,15.22,2.008,17.5,69.0,9,0
56.23,209.04,834.47,0.43,0.6001,3381.0,6.32,0.765,22.3,70.7,9,0
17.44,49.42,135.38,0.3368,0.7823,3271.3,17.71,0.126,33.2,63.5,9,0
87.88,260.98,689.91,0.4329,0.1962,2715.4,37.18,3.379,21.6,79.6,9,0
55.54,214.6,886.37,0.5197,0.7802,1917.3,33.89,0.725,21.8,78.2,9,0
45.25,154.33,641.65,0.3969,0.1399,874.1,35.09,13.693,12.0,49.9,9,0
40.36,104.76,301.27,0.3115,0.7244,1999.3,19.86,2.289,15.3,61.6,9,0
62.28,167.67,305.84,0.3452,0.5495,2725.7,46.11,1.023,13.9,67.9,9,0
33.23,103.67,238.83,0.3963,0.6705,3155.7,47.26,3.216,24.1,58.2,9,0
121.29,242.65,1032.49,0.5366,0.05,2806.0,26.48,0.966,18.0,90.4,9,0
13.12,22.58,95.43,0.3233,0.1413,844.4,57.87,5.149,11.9,55.6,9,0
61.47,140.03,423.46,0.4504,0.05,2179.0,43.64,1.106,22.7,75.0,9,0
75.41,259.85,681.09,0.4926,0.4835,1296.2,47.78,13.331,26.7,63.2,9,0
53.35,114.34,299.29,0.3989,0.4831,230.4,21.64,2.788,28.4,84.3,9,0
78.04,142.57,601.97,0.3607,0.7457,860.7,5.04,5.582,30.9,70.3,9,0
52.74,108.0,289.08,0.3966,0.3616,573.6,56.92,0.227,22.0,68.1,9,1
110.99,354.87,1128.94,0.5142,0.092,2981.0,54.35,1.285,19.8,81.6,9,1
44.76,135.85,512.65,0.3821,0.2467,1053.1,12.39,4.012,27.1,64.1,9,0
13.95,44.94,106.31,0.287,0.1023,1139.5,27.45,3.193,10.3,49.9,9,0
40.27,92.82,230.69,0.3372,0.7114,3367.8,44.68,0.648,25.8,63.7,9,0
82.4,309.16,855.38,0.4387,0.5483,1451.0,44.13,1.321,20.1,79.4,9,0
69.79,183.5,654.42,0.4385,0.8121,231.6,56.62,0.917,21.3,51.7,9,0
91.54,254.86,1021.3,0.4943,0.3301,1136.7,13.42,2.851,17.4,74.8,9,0
85.28,330.2,1081.76,0.526,0.05,593.7,30.8,1.267,13.2,72.7,9,0
56.83,224.36,484.38,0.4239,0.1793,539.3,10.83,1.109,20.0,85.6,9,0
60.51,190.83,573.42,0.3992,0.4191,455.7,28.38,0.697,17.7,75.0,9,0
63.1,243.7,522.67,0.367,0.8131,2157.8,5.91,1.578,34.0,80.9,9,0
119.84,342.0,697.14,0.3382,0.1165,824.8,58.9,0.653,33.6,90.4,9,1
90.0,204.15,692.46,0.4761,0.2056,1392.1,36.62,9.856,26.1,77.7,9,0
120.03,274.59,1203.18,0.543,0.6238,3044.7,55.99,0.503,32.6,88.9,9,1
93.75,271.64,1103.26,0.5104,0.4443,1600.3,8.59,7.336,28.8,87.1,9,0
71.14,214.33,833.97,0.5243,0.2205,3221.8,18.65,1.678,18.6,85.3,9,0
47.25,122.8,462.12,0.3274,0.6827,1843.2,20.56,1.424,25.1,66.6,9,0
77.77,288.49,1218.07,0.5448,0.1794,1516.2,28.2,0.789,15.5,68.3,9,1
71.21,182.78,700.54,0.391,0.8059,2676.3,53.17,3.03,27.2,78.8,9,0
70.39,153.71,536.83,0.4395,0.1403,441.5,28.19,3.471,11.1,64.3,9,0
67.51,102.61,285.72,0.2455,0.0773,495.3,17.28,1.891,30.8,73.4,9,0
21.42,84.11,174.33,0.3748,0.4052,2351.5,8.9,0.172,24.6,61.9,9,0
104.25,371.23,1130.31,0.5627,0.0697,1806.9,9.77,7.522,11.5,80.4,9,0
71.47,217.2,933.28,0.4393,0.3814,2808.4,50.6,11.786,31.8,64.2,9,0
37.38,133.67,451.07,0.3929,0.6057,3223.7,31.69,1.692,31.9,57.6,9,0
84.78,298.9,686.93,0.3914,0.4998,1481.6,48.57,2.853,31.3,72.9,9,0
51.34,196.6,698.41,0.4601,0.4685,2168.2,45.94,1.795,29.4,57.0,9,0
86.79,213.95,653.98,0.4709,0.3038,1852.3,13.12,1.165,26.9,72.9,9,0
94.78,273.63,1180.63,0.4843,0.0691,3439.3,13.57,0.241,19.9,66.8,9,0
98.22,171.56,383.35,0.3113,0.8216,2942.6,50.32,1.827,13.4,84.2,9,1
68.71,268.89,1000.91,0.5537,0.6792,3208.7,48.28,5.118,17.2,73.3,9,1
62.39,247.24,900.02,0.5759,0.05,1039.3,27.68,0.1,18.7,70.8,9,0
57.1,198.28,883.43,0.5002,0.3247,2749.3,9.65,2.618,19.0,64.0,9,0
54.67,144.07,479.08,0.4236,0.599,1076.1,5.73,6.38,24.1,64.4,9,0
72.3,198.21,823.23,0.447,0.2043,888.9,22.29,0.736,15.2,65.1,9,0
40.49,104.8,195.63,0.3479,0.4432,3316.1,5.55,0.607,14.7,66.2,10,0
25.09,56.03,119.44,0.3413,0.5039,263.7,18.8,4.439,27.9,46.7,10,0
17.13,48.29,132.02,0.3171,0.2572,3385.8,30.17,0.883,10.2,55.8,10,0
43.0,70.25,243.92,0.416,0.05,692.6,12.28,0.64,13.7,57.8,10,0
34.87,138.76,418.01,0.3919,0.535,2904.1,11.26,1.424,20.9,74.5,10,0
17.19,44.0,103.28,0.3358,0.3431,1110.5,58.79,1.495,13.7,59.4,10,0
66.49,253.87,860.83,0.4629,0.329,1357.3,40.13,6.217,34.0,69.9,10,0
90.02,298.04,992.49,0.4942,0.5911,915.3,61.07,2.89,26.8,68.2,10,1
69.79,155.26,499.33,0.4601,0.471,2132.2,25.75,1.562,20.8,60.0,10,0
27.72,56.96,116.46,0.3304,0.2034,1348.7,45.63,2.293,12.8,62.3,10,0
44.47,177.38,763.26,0.4601,0.7484,2369.4,17.28,9.235,19.6,77.7,10,0
84.23,288.94,982.14,0.5042,0.5822,251.6,42.1,0.36,26.3,78.5,10,1
16.38,34.79,87.42,0.2991,0.3359,412.4,12.78,0.699,34.2,56.3,10,0
65.29,108.94,398.28,0.3087,0.3416,528.9,5.12,9.853,21.8,71.1,10,0
9.52,30.86,82.04,0.3949,0.6767,1582.7,60.89,9.462,27.3,53.7,10,0
87.82,198.26,627.66,0.4781,0.2402,2888.8,38.29,0.585,14.9,78.0,10,1
34.96,71.79,195.35,0.4013,0.4569,3131.0,60.62,0.47,25.6,55.0,10,1
101.45,338.56,1414.2,0.5273,0.4573,1007.9,25.03,1.64,16.0,72.6,10,0
88.92,284.39,1275.12,0.6256,0.475,2095.4,24.67,0.153,15.0,77.6,10,1
43.06,116.41,260.21,0.45,0.5025,2735.6,29.04,3.192,22.7,74.9,10,0
27.74,106.97,199.35,0.3918,0.4563,1153.1,47.36,0.242,15.3,64.5,10,0
50.59,161.84,387.16,0.4593,0.1749,1549.7,38.95,0.179,28.0,55.3,10,0
41.22,153.89,522.11,0.4436,0.3741,1929.1,60.52,1.992,33.4,60.3,10,0
35.68,70.52,160.06,0.2895,0.4976,645.1,6.53,9.495,19.8,66.5,10,0
4.27,9.57,38.18,0.333,0.5804,285.7,47.49,1.67,18.1,63.4,10,0
32.86,57.87,168.02,0.2824,0.5263,704.3,24.82,1.322,14.4,74.2,10,0
17.96,40.61,140.05,0.298,0.3818,2268.6,15.81,18.58,19.8,53.7,10,0
59.51,233.85,708.6,0.4566,0.8327,442.9,35.62,2.278,24.0,74.4,10,0
70.5,275.44,1167.6,0.5411,0.0784,826.0,35.3,1.411,19.3,73.1,10,0
64.24,218.47,413.97,0.4054,0.1847,1314.9,13.22,1.463,25.6,68.3,10,0
54.28,152.13,573.38,0.3243,0.3509,457.0,17.11,0.651,26.6,66.8,10,0
24.4,84.22,299.9,0.3519,0.2529,832.6,29.49,2.154,12.4,57.9,10,0
50.86,146.65,521.16,0.431,0.6031,3207.2,29.53,1.733,27.4,74.7,10,0
65.54,98.88,288.52,0.3947,0.0672,263.7,24.05,0.947,32.5,58.4,10,0
31.06,85.55,157.61,0.372,0.3012,2356.3,13.91,0.525,10.7,63.1,10,0
48.7,145.96,534.34,0.4187,0.3823,1468.5,5.26,1.119,23.8,76.9,10,0
42.08,91.09,367.95,0.3541,0.6001,2419.7,63.21,2.132,25.1,74.1,10,0
87.28,175.28,355.84,0.3958,0.7046,2142.7,61.61,0.18,27.7,80.7,10,1
67.01,146.38,438.03,0.372,0.6706,937.5,34.02,0.501,19.6,64.0,10,0
60.95,186.45,417.46,0.428,0.2262,2995.8,64.7,8.85,30.5,74.5,10,1
2.8,5.23,18.04,0.3249,0.5279,1823.4,45.42,2.348,23.5,61.4,10,0
50.04,165.18,647.69,0.4256,0.139,2914.4,9.13,0.197,20.2,60.9,10,0
41.85,106.99,385.16,0.3381,0.3228,1539.8,12.06,3.544,28.0,65.4,10,0
41.63,99.22,263.8,0.4084,0.7389,3449.5,59.97,0.191,33.2,60.8,10,1
6.64,23.34,50.83,0.3381,0.3643,2742.6,42.8,4.028,30.3,47.1,10,0
18.53,51.23,202.07,0.4453,0.2077,3387.6,55.59,4.158,33.3,53.0,10,0
44.02,107.67,287.98,0.3835,0.4428,1897.3,58.9,3.159,16.6,64.2,10,0
73.58,271.91,505.68,0.431,0.1297,1763.2,31.88,3.953,13.0,64.7,10,0
30.96,74.94,250.5,0.2765,0.3904,2693.0,7.91,0.276,23.4,50.6,10,0
35.72,130.3,321.32,0.3794,0.4663,3105.0,16.3,3.892,11.1,53.6,10,0
90.25,249.13,1014.27,0.4857,0.3728,3381.7,8.99,0.441,26.9,79.7,10,0
38.3,77.37,169.19,0.3749,0.7536,1271.0,16.32,1.244,16.0,49.8,10,0
42.5,128.87,383.24,0.3929,0.4968,2835.7,29.63,8.581,21.4,45.0,10,0
42.84,94.82,235.47,0.396,0.6684,895.1,12.09,2.097,26.4,73.8,10,0
12.08,22.57,82.65,0.4231,0.6534,2000.4,15.0,10.273,22.1,45.5,10,0
60.02,103.01,337.97,0.3272,0.6265,793.5,31.75,0.279,15.9,66.5,10,0
29.4,61.86,243.47,0.3957,0.4465,1346.4,25.41,1.948,32.0,66.2,10,0
44.97,150.26,456.53,0.4249,0.05,3273.5,33.06,0.193,29.1,52.0,10,0
56.83,204.3,370.4,0.4726,0.5033,682.1,30.75,2.984,25.0,55.5,10,0
94.28,344.55,820.37,0.4983,0.2619,2286.9,43.67,0.246,27.5,73.2,10,1
12.78,27.79,125.01,0.3549,0.1555,2156.7,61.23,0.578,20.4,61.5,10,1
67.35,212.3,614.49,0.4647,0.35,598.4,11.47,0.899,19.4,70.0,10,0
67.44,140.0,486.43,0.4427,0.5701,1275.7,10.96,4.144,14.0,70.2,10,0
29.77,90.99,386.1,0.4494,0.7369,2057.8,56.17,0.537,30.1,56.6,10,0
60.71,225.72,418.8,0.3422,0.3331,817.7,35.38,5.625,19.5,72.7,10,0
86.81,139.08,498.05,0.3793,0.3853,2842.1,50.98,0.424,27.3,87.5,10,1
26.6,105.4,271.8,0.4408,0.7732,3408.1,17.93,0.108,17.5,81.9,10,0
51.76,184.66,471.61,0.2958,0.2915,908.7,54.73,1.508,29.9,64.3,10,0
55.84,190.09,457.57,0.3867,0.1803,816.8,60.43,11.653,12.6,79.0,10,1
59.08,190.72,766.95,0.4599,0.2824,1701.3,43.13,0.351,25.6,75.7,10,1
64.95,222.51,624.57,0.4152,0.628,2667.6,11.35,0.322,30.2,71.6,10,0
49.88,198.84,393.94,0.4573,0.1644,1129.3,58.72,4.173,26.5,47.3,10,0
58.56,200.58,413.51,0.406,0.3837,265.6,52.55,1.123,27.4,64.5,10,0
22.93,54.56,120.1,0.3045,0.3904,1986.0,50.05,3.79,23.1,54.2,10,0
49.82,151.2,639.12,0.3953,0.8071,3356.8,7.2,0.669,24.0,67.8,10,0
33.81,79.2,233.96,0.3606,0.8021,1491.2,52.94,1.849,11.6,58.6,10,0
14.98,58.78,251.19,0.4082,0.4326,1586.4,13.28,0.925,16.3,50.0,10,0
32.99,123.73,495.82,0.4054,0.7833,3397.4,18.34,1.802,28.0,76.1,10,0
52.46,153.13,622.04,0.4169,0.2294,2492.2,39.63,4.397,33.6,76.2,10,0
56.62,195.5,503.32,0.3652,0.2252,2573.3,20.9,4.307,23.5,50.8,10,0
14.01,52.87,133.91,0.3453,0.7993,2056.9,44.68,2.176,28.1,52.0,10,0
22.28,46.99,155.63,0.3468,0.442,3416.2,41.48,7.909,27.1,61.7,10,0
63.84,188.24,551.23,0.3733,0.1146,2473.3,11.49,0.919,35.0,79.8,10,0
58.42,158.0,501.56,0.451,0.4577,3153.6,44.36,0.825,29.9,64.2,10,0
67.9,232.82,452.53,0.4752,0.6337,2508.0,60.44,2.854,25.7,68.6,10,0
79.92,195.61,865.25,0.4744,0.6109,2625.9,14.67,2.913,12.9,74.7,10,0
59.17,193.62,378.93,0.3904,0.6693,1158.4,40.82,0.143,19.1,73.0,10,0
35.35,88.64,202.35,0.285,0.4941,1201.5,25.51,2.808,16.3,48.3,10,0
48.59,86.38,313.66,0.3992,0.6604,2783.8,32.58,1.407,31.3,48.5,10,0
87.22,154.18,342.27,0.3912,0.4118,1179.1,22.22,4.128,21.2,86.2,10,0
114.83,206.43,431.13,0.3694,0.3779,2057.1,26.25,4.952,23.4,76.5,10,0
57.3,90.61,200.67,0.3027,0.5943,1022.9,6.73,2.41,34.1,84.2,10,0
59.11,167.42,329.35,0.4578,0.3114,2896.0,63.89,0.1,30.9,60.8,10,1
63.86,203.07,503.32,0.4191,0.1116,564.7,42.49,3.035,29.7,67.7,10,0
46.32,84.15,213.06,0.2964,0.2749,2937.2,35.04,4.145,13.6,66.8,10,0
74.82,226.67,713.17,0.4845,0.4772,2189.0,28.02,0.859,10.6,55.4,10,0
70.92,212.37,633.81,0.4374,0.2977,816.8,37.36,1.874,13.1,94.2,10,0
54.58,101.94,313.88,0.3653,0.2087,1988.7,27.81,10.12,28.5,63.2,10,0
37.77,94.81,328.36,0.4142,0.3181,1132.2,26.59,1.062,20.3,54.6,10,0
7.7,26.1,63.25,0.1819,0.1825,1267.4,32.84,0.758,12.9,43.0,10,0
64.03,98.73,213.62,0.2521,0.6295,1360.0,21.56,0.71,28.5,72.1,10,0
51.04,95.31,397.75,0.448,0.181,409.0,15.8,2.455,14.9,67.6,10,0
27.28,108.82,382.14,0.3695,0.1045,3453.7,38.4,8.974,24.7,49.1,10,0
17.47,58.25,114.39,0.3014,0.4742,304.1,55.57,2.815,28.5,44.3,10,0
62.26,165.62,727.89,0.3777,0.6901,2386.2,14.17,1.084,25.2,77.1,10,0
5.69,17.49,64.22,0.3225,0.0571,1425.1,6.96,3.053,34.8,46.5,10,0
53.21,192.39,425.11,0.4003,0.202,2331.8,19.81,2.941,20.9,52.2,10,0
66.81,240.9,1063.97,0.5834,0.7369,1375.6,63.78,2.726,17.8,68.9,10,1
59.47,137.48,383.09,0.3947,0.3086,2423.4,54.73,0.521,15.0,64.6,10,1
35.95,98.09,437.29,0.3717,0.7721,2606.5,40.75,3.02,22.6,76.4,10,0
14.49,44.84,93.21,0.3388,0.2794,2478.8,60.75,1.687,31.3,50.2,10,0
60.4,101.45,226.43,0.4005,0.1937,576.1,31.72,0.1,33.7,65.7,10,0
75.73,292.67,1046.32,0.5524,0.1196,2367.7,64.0,2.328,34.3,74.5,10,1
31.4,81.08,150.79,0.361,0.1497,1124.0,22.78,13.603,23.3,54.9,10,0
58.39,141.73,262.27,0.3658,0.8321,295.0,19.42,1.291,25.1,71.0,10,0
85.26,321.23,1265.13,0.5223,0.7772,1568.9,43.28,10.106,24.5,67.4,10,0
54.19,97.31,219.25,0.2919,0.8839,1630.7,27.69,0.303,21.6,64.3,10,0
35.8,57.21,244.91,0.2891,0.6806,1741.7,42.58,3.955,13.8,64.0,10,0
71.74,230.47,679.87,0.4548,0.6623,2525.9,23.3,0.364,11.6,80.6,10,0
27.28,67.18,279.4,0.3804,0.5719,1219.2,42.08,0.959,20.9,53.5,10,0
13.27,45.25,132.5,0.381,0.7,1240.4,21.54,2.538,14.7,49.2,10,0
66.03,110.36,356.64,0.3989,0.2591,399.8,8.06,2.695,32.2,82.1,10,0
35.57,87.47,232.2,0.3987,0.2515,2466.5,59.73,4.478,29.0,56.3,10,0
37.81,78.95,282.41,0.3496,0.5262,2073.8,57.99,2.866,25.5,60.9,10,0
17.83,59.73,158.82,0.3701,0.8243,1353.1,63.25,2.701,11.2,69.1,11,0
21.69,44.85,107.75,0.2713,0.5523,2527.1,47.99,7.303,25.6,57.0,11,0
68.58,181.39,366.2,0.3697,0.7181,1973.3,45.96,1.805,25.5,68.6,11,0
75.07,266.29,520.78,0.3119,0.4227,1748.5,38.54,0.766,21.0,71.1,11,0
78.38,296.95,779.83,0.4565,0.5686,1887.4,12.56,0.529,26.4,67.6,11,0
60.76,200.91,761.13,0.5125,0.7998,2299.9,16.35,1.532,31.4,71.8,11,0
45.16,116.21,273.7,0.3579,0.1729,2378.0,22.37,3.742,28.9,56.2,11,0
2.3,6.74,17.57,0.3396,0.6869,1153.6,58.41,0.13,21.8,56.9,11,0
28.82,92.92,394.35,0.392,0.4906,664.5,15.38,0.415,16.6,58.8,11,0
87.43,322.37,1136.59,0.4973,0.4782,716.9,60.37,0.337,21.9,78.1,11,1
22.62,84.17,360.52,0.3623,0.6706,2310.0,36.37,2.64,33.6,70.6,11,0
71.36,273.13,1163.62,0.5902,0.3667,3080.5,47.93,0.835,30.5,59.8,11,1
34.88,123.03,242.51,0.384,0.4008,1551.3,11.61,0.545,10.7,60.7,11,0
33.45,62.44,273.41,0.3234,0.5164,759.4,21.14,2.695,29.6,65.1,11,0
49.52,166.84,323.36,0.2949,0.0597,2696.8,62.51,4.298,14.3,59.9,11,1
65.16,230.45,990.75,0.5072,0.4608,2947.2,20.97,1.211,24.3,77.2,11,0
32.28,119.27,390.77,0.3485,0.2923,3105.9,22.79,2.59,30.2,55.3,11,0
64.33,245.24,794.5,0.449,0.7592,2202.5,16.86,0.31,24.0,71.6,11,0
8.19,22.7,84.59,0.2441,0.1803,3040.4,12.74,8.209,20.1,51.5,11,0
1.13,3.55,14.82,0.355,0.377,250.9,19.0,1.232,18.0,51.6,11,0
38.63,58.87,204.03,0.3357,0.797,553.9,43.54,17.981,17.6,62.2,11,0
45.44,133.22,392.8,0.3808,0.7428,505.5,32.32,11.531,30.9,63.4,11,0
67.42,180.89,380.26,0.3339,0.5559,2551.6,38.23,4.526,30.6,66.4,11,0
49.48,193.26,759.68,0.4371,0.5062,429.6,12.34,0.1,30.6,59.5,11,0
3.67,13.77,29.55,0.312,0.435,1838.0,53.13,2.352,17.1,53.6,11,0
38.83,135.69,510.34,0.3707,0.2467,1759.9,52.05,0.273,30.0,62.1,11,1
48.53,79.7,257.07,0.3403,0.1203,1225.3,6.3,6.765,10.9,59.0,11,0
13.35,33.44,95.02,0.3882,0.719,3072.3,28.01,4.677,15.2,56.8,11,0
32.42,105.03,362.9,0.2846,0.2534,762.4,9.13,10.763,22.9,56.0,11,0
25.12,39.54,153.63,0.3398,0.5983,1363.1,52.53,2.812,20.2,70.0,11,0
17.14,35.82,155.48,0.2916,0.3689,2754.8,49.24,2.216,12.8,75.1,11,0
45.98,170.98,429.96,0.4522,0.3302,300.4,59.12,2.196,11.0,74.9,11,0
4.77,8.69,37.89,0.2985,0.483,2420.7,19.18,1.465,25.3,62.1,11,0
43.93,71.54,314.37,0.3101,0.7537,2894.1,32.38,1.897,17.8,69.7,11,0
47.5,140.18,560.27,0.4005,0.139,3276.5,16.07,3.027,10.4,62.6,11,0
60.6,234.3,979.33,0.5121,0.3263,3091.8,27.27,8.107,20.8,53.0,11,0
5.42,19.45,71.36,0.453,0.1848,1254.0,36.33,2.718,17.7,43.4,11,0
4.12,16.23,30.93,0.2007,0.1536,2135.0,8.2,5.837,24.4,45.8,11,0
40.48,136.98,459.25,0.3313,0.4989,455.1,47.89,5.959,33.2,71.8,11,0
26.35,68.34,260.88,0.4171,0.2238,1051.0,37.6,2.195,17.7,60.0,11,0
106.07,410.14,1781.07,0.5784,0.0541,510.9,54.74,1.281,34.9,76.5,11,1
44.97,115.42,385.53,0.3771,0.7706,1240.1,21.31,3.061,12.2,48.7,11,0
34.96,83.04,327.55,0.3409,0.5136,3088.1,59.2,1.771,12.2,79.0,11,0
29.19,76.48,283.27,0.3243,0.1985,1345.7,64.92,0.255,27.8,63.0,11,1
3.06,10.8,27.64,0.2969,0.1493,2054.3,60.16,1.424,28.7,58.2,11,0
47.6,180.62,400.58,0.363,0.0718,1630.2,51.67,15.384,20.6,60.0,11,0
31.53,75.49,288.92,0.4103,0.4328,1714.4,53.74,0.149,17.2,58.3,11,0
31.55,83.78,203.7,0.4069,0.6306,3399.6,39.42,3.579,29.9,56.7,11,0
35.87,134.36,330.61,0.387,0.4703,1177.3,16.41,5.52,33.9,61.3,11,0
39.04,63.15,223.46,0.3326,0.1097,2270.2,45.62,3.139,34.7,76.5,11,0
9.97,34.51,135.62,0.3399,0.6413,1586.2,47.77,2.53,25.9,43.4,11,0
54.43,143.46,483.79,0.4364,0.2831,401.8,64.12,3.688,28.5,66.0,11,1
12.35,30.14,126.28,0.3752,0.4331,1814.8,37.48,1.683,30.6,56.6,11,0
30.06,78.67,186.51,0.3556,0.6483,2884.0,21.28,0.287,30.0,58.1,11,0
65.66,167.21,414.93,0.4588,0.3659,525.9,46.02,9.84,34.8,77.7,11,0
77.99,264.52,931.05,0.4542,0.16,429.7,63.76,1.698,30.3,59.5,11,1
9.0,34.4,138.94,0.3846,0.7871,707.0,15.63,3.284,26.6,67.8,11,0
34.26,93.49,304.44,0.3957,0.2331,2722.5,24.56,2.273,19.4,49.3,11,0
40.33,144.46,264.07,0.322,0.3864,2589.2,37.51,0.169,24.9,53.1,11,0
4.18,13.92,50.5,0.3217,0.5892,2064.6,15.21,9.157,32.0,47.7,11,0
53.57,124.65,498.17,0.414,0.5849,1745.1,6.33,4.718,17.6,60.9,11,0
36.41,108.09,275.26,0.3476,0.7326,3131.5,25.22,0.484,10.8,64.3,11,0
38.36,121.49,236.47,0.3393,0.2799,2730.1,56.92,11.994,18.2,64.0,11,0
10.57,16.47,52.69,0.2342,0.3419,2879.4,7.61,4.006,34.0,54.1,11,0
43.83,109.13,208.86,0.307,0.0564,2883.8,30.74,1.918,29.9,51.8,11,0
54.46,216.85,633.91,0.414,0.4409,2321.0,50.73,2.835,14.7,65.2,11,0
36.69,113.49,209.74,0.313,0.3758,1711.4,62.19,0.339,10.3,61.2,11,1
20.66,48.25,116.16,0.2803,0.5612,3053.4,64.13,2.466,26.7,66.1,11,0
22.61,48.04,136.9,0.3803,0.0958,3255.8,30.32,0.23,24.5,58.4,11,0
39.02,78.96,165.94,0.3278,0.0967,278.6,62.02,2.361,12.1,64.8,11,0
34.73,86.96,183.33,0.4448,0.3917,370.1,7.13,2.414,34.1,76.1,11,0
56.13,111.31,448.93,0.4003,0.8371,3363.9,49.76,6.225,25.4,57.6,11,0
21.5,39.52,75.55,0.367,0.7628,1114.6,43.56,3.874,26.3,53.3,11,0
3.05,7.35,26.89,0.2949,0.9,3082.1,19.97,0.861,31.3,41.8,11,0
42.49,128.22,512.77,0.3688,0.4258,1483.0,35.44,6.579,18.4,75.6,11,0
21.57,40.25,86.65,0.3304,0.1234,593.0,12.77,2.555,24.0,69.9,11,0
53.1,85.54,199.09,0.4043,0.2802,465.5,57.3,2.797,24.4,78.2,11,0
33.7,53.46,188.83,0.3331,0.5951,716.5,26.47,0.555,34.2,64.5,11,0
49.88,108.16,286.86,0.3793,0.0979,1024.6,42.56,5.851,13.3,68.0,11,0
8.15,16.1,49.69,0.3227,0.2653,1812.1,14.53,8.019,29.0,48.8,11,0
37.09,105.64,428.62,0.3803,0.1489,2514.9,17.37,4.475,24.4,67.3,11,0
16.03,42.3,91.89,0.3159,0.4888,3455.1,64.52,8.478,31.1,44.6,11,0
3.0,6.93,24.08,0.2549,0.188,1657.0,50.19,1.08,30.8,40.6,11,0
11.98,42.93,186.53,0.3365,0.2014,1910.0,62.72,5.922,10.3,50.2,11,0
19.9,54.96,107.46,0.354,0.3829,1922.0,22.75,2.014,16.4,71.1,11,0
64.63,111.73,219.21,0.3583,0.2676,1980.1,14.87,0.537,14.5,65.3,11,0
19.23,43.07,142.05,0.3374,0.4713,1908.5,35.18,3.315,21.5,52.7,11,0
1.72,6.76,29.7,0.3422,0.7048,229.0,34.68,3.457,32.6,52.8,11,0
36.79,145.06,347.46,0.3788,0.184,205.7,15.5,1.015,10.1,68.2,11,0
34.24,73.15,197.01,0.3398,0.6795,522.3,48.99,0.1,22.2,70.3,11,0
21.21,40.68,84.05,0.3535,0.1208,535.1,26.71,0.669,32.1,47.4,11,0
29.48,80.74,224.31,0.3514,0.3505,2526.2,16.18,1.531,33.2,58.1,11,0
57.91,156.58,300.58,0.3479,0.5193,876.2,24.92,0.55,26.4,69.2,11,0
50.28,126.96,361.91,0.3953,0.7527,3152.6,38.82,0.647,30.7,67.7,11,0
48.11,135.84,448.26,0.3873,0.5911,3264.4,48.59,1.49,18.1,71.4,11,0
3.92,8.15,36.11,0.2931,0.1968,3420.4,33.91,9.794,17.1,57.7,11,0
105.67,188.87,757.3,0.4582,0.5108,3299.0,36.54,4.335,11.2,81.9,11,0
59.79,174.95,703.23,0.4481,0.3386,1097.2,13.34,1.156,22.6,77.2,11,0
46.43,177.91,429.83,0.3302,0.4158,1882.3,59.88,9.085,21.4,71.7,11,0
4.4,8.12,16.52,0.3199,0.2294,779.0,60.72,3.112,19.3,58.4,11,0
57.2,186.59,639.69,0.5194,0.3647,2860.5,46.01,1.823,12.8,62.9,11,0
20.98,54.44,174.58,0.2857,0.2612,3131.8,6.06,1.895,15.8,62.0,11,0
28.65,64.03,204.56,0.3155,0.6388,3009.3,37.22,1.587,15.1,68.2,11,0
8.51,30.92,64.76,0.4519,0.5696,1630.1,42.75,0.796,33.6,48.4,11,0
2.47,6.53,20.45,0.263,0.2376,2703.6,64.68,1.466,34.2,51.8,11,0
44.47,131.56,290.21,0.422,0.7233,522.0,64.76,2.252,10.1,75.9,11,0
58.66,152.97,449.7,0.3779,0.5084,332.8,56.46,2.253,14.3,70.8,11,0
50.63,86.23,169.69,0.3367,0.3018,2685.7,8.83,4.303,32.2,64.5,11,0
49.78,148.7,611.7,0.415,0.05,1603.7,62.2,1.333,11.0,76.6,11,1
31.89,81.22,149.09,0.3509,0.456,3485.3,41.76,3.785,33.6,55.8,11,0
23.34,40.07,173.76,0.2555,0.2853,520.9,53.05,2.589,19.5,43.4,11,0
40.73,121.76,502.86,0.4092,0.8086,3023.6,29.43,9.798,23.5,56.0,11,0
54.04,82.4,315.75,0.3426,0.0645,1783.9,24.18,1.46,29.1,75.3,11,0
33.63,67.98,302.69,0.267,0.1403,2929.6,32.79,6.944,16.1,64.3,11,0
63.76,220.16,428.27,0.4411,0.7455,2896.5,13.81,5.155,12.5,69.7,11,0
28.13,44.86,158.47,0.2261,0.7212,3222.8,26.42,3.046,30.2,66.9,11,0
9.0,28.05,114.82,0.4302,0.1566,1182.9,56.46,3.188,34.6,54.0,11,0
33.25,128.81,275.9,0.3857,0.5647,3334.3,7.28,0.265,26.5,58.2,11,0
36.16,69.71,235.54,0.2787,0.2648,700.5,14.05,9.001,30.6,67.5,11,0
31.46,79.99,229.05,0.4124,0.6458,470.5,12.51,0.339,33.5,56.4,11,0
62.49,183.65,546.66,0.3711,0.6969,1624.3,29.18,2.485,15.7,72.7,12,0
50.61,132.9,566.65,0.3773,0.1569,2933.5,64.82,1.202,18.8,58.8,12,1
5.3,16.17,52.61,0.2204,0.2035,1762.3,15.4,1.686,15.5,43.2,12,0
68.83,172.79,354.53,0.3272,0.2066,2936.6,13.73,2.826,11.5,63.7,12,0
38.06,71.22,308.42,0.324,0.1229,2608.0,59.9,7.186,28.3,61.2,12,0
84.25,145.13,333.81,0.4072,0.0906,891.1,57.92,1.835,13.6,70.1,12,0
23.29,78.29,329.6,0.4238,0.7277,3331.3,6.93,13.202,12.3,52.0,12,0
25.74,53.96,238.57,0.2854,0.2952,400.6,50.1,2.695,18.9,56.5,12,0
28.97,104.85,437.23,0.4004,0.4495,3164.3,44.33,0.525,11.5,58.1,12,0
40.1,134.65,488.56,0.3051,0.7115,1204.7,51.06,0.632,14.5,49.6,12,0
30.47,49.47,188.36,0.3511,0.4273,1850.5,34.67,3.778,11.7,39.0,12,0
27.14,54.36,200.58,0.448,0.4187,1593.8,64.48,0.155,31.9,61.3,12,1
63.2,140.93,428.91,0.2962,0.079,767.1,7.63,1.964,29.5,70.1,12,0
44.61,133.23,338.52,0.3165,0.4519,1381.9,19.06,0.481,31.5,52.4,12,0
6.5,22.93,58.91,0.3481,0.2103,836.7,28.79,1.703,31.7,55.4,12,0
48.99,80.88,305.24,0.4029,0.5477,872.8,31.99,4.158,33.6,68.2,12,0
43.58,92.56,323.06,0.3171,0.3026,817.3,60.28,1.842,14.7,60.7,12,0
16.84,41.11,138.9,0.4013,0.67,1813.8,38.6,0.535,32.5,70.7,12,0
50.28,98.47,350.74,0.3289,0.5878,2833.2,7.71,0.871,23.1,75.2,12,0
26.54,75.98,295.7,0.4424,0.6151,2077.6,29.47,1.374,14.2,54.8,12,0
24.93,67.19,256.72,0.3744,0.2412,3147.6,29.99,0.216,26.4,54.4,12,0
24.25,55.57,115.83,0.3866,0.2687,2300.6,62.93,2.634,18.2,45.6,12,0
30.23,84.4,234.66,0.3652,0.7282,2474.8,40.95,2.806,11.2,68.9,12,0
17.31,41.36,103.92,0.3535,0.1015,2403.1,43.14,0.193,12.0,57.2,12,0
48.3,113.9,370.55,0.4091,0.1737,1683.2,47.8,1.544,20.6,71.1,12,0
29.91,64.72,127.23,0.3825,0.4869,2474.8,51.2,1.603,30.7,41.9,12,0
1.65,4.72,18.21,0.302,0.7977,430.0,43.1,1.219,17.8,56.7,12,0
54.59,142.5,297.48,0.3141,0.2813,3037.5,19.23,2.448,29.2,62.3,12,0
23.01,45.81,116.02,0.3191,0.6536,2766.8,57.44,1.274,11.4,61.6,12,0
0.06,0.1,0.39,0.2667,0.5426,1009.3,48.93,1.616,19.8,54.2,12,0
85.63,160.75,311.72,0.3318,0.0867,2734.5,49.51,4.791,13.2,75.5,12,0
4.15,6.66,23.87,0.3875,0.59,241.7,64.79,0.531,31.6,45.7,12,0
52.46,135.3,581.26,0.4466,0.7426,916.9,53.15,2.896,34.2,68.9,12,0
11.24,23.19,80.41,0.3448,0.7037,415.0,54.75,2.113,18.1,46.7,12,0
33.87,86.41,321.8,0.4176,0.1118,2774.7,62.08,1.092,34.7,68.6,12,1
7.92,18.4,72.49,0.3453,0.5958,2694.4,14.07,3.901,28.8,46.6,12,0
0.51,1.44,3.47,0.394,0.4198,2885.0,34.86,2.403,10.0,50.3,12,0
43.53,144.07,485.31,0.2917,0.1178,214.8,39.83,1.947,22.1,57.1,12,0
40.61,109.57,288.66,0.3075,0.4962,1854.1,24.76,3.305,30.9,63.5,12,0
59.09,97.79,241.9,0.313,0.0847,2526.0,55.36,4.863,23.3,59.5,12,0
29.62,45.72,106.05,0.2523,0.2899,712.8,50.75,10.799,23.7,52.4,12,0
85.98,174.81,590.98,0.4231,0.1785,2344.3,48.25,2.977,21.2,94.2,12,0
37.18,95.28,375.9,0.3827,0.374,477.6,64.83,6.225,19.9,67.9,12,0
44.64,71.98,299.78,0.4583,0.4573,798.4,20.56,0.1,10.7,66.3,12,0
3.49,8.09,23.91,0.3499,0.4106,1770.1,49.13,2.267,25.5,55.2,12,0
15.12,56.22,157.8,0.306,0.4789,2356.8,38.08,0.725,29.2,57.0,12,0
43.47,74.98,274.11,0.3792,0.2217,681.4,23.78,0.297,29.8,62.3,12,0
28.37,109.82,429.08,0.2939,0.6354,811.2,14.64,2.278,25.6,64.6,12,0
35.17,128.07,318.11,0.3703,0.7618,874.7,58.75,4.121,18.5,53.9,12,0
10.06,36.02,93.74,0.3231,0.2972,987.7,40.73,1.594,10.6,65.8,12,0
33.52,122.67,397.46,0.3339,0.3615,947.6,54.5,3.327,32.4,61.0,12,0
33.44,56.85,170.54,0.3238,0.6563,1504.0,37.72,2.018,20.7,66.4,12,0
0.96,1.81,6.71,0.2667,0.5181,2357.5,18.2,1.724,25.0,62.9,12,0
46.54,85.44,270.18,0.3071,0.3438,1645.5,25.25,1.029,14.9,67.9,12,0
12.03,21.39,44.94,0.3427,0.5939,2760.7,27.89,1.447,13.5,47.1,12,0
35.08,81.36,182.91,0.388,0.1,2573.6,63.38,1.291,12.2,70.3,12,1
74.61,266.79,1129.89,0.55,0.3062,617.5,5.34,3.117,30.0,86.0,12,0
47.49,101.15,244.16,0.3266,0.4669,361.2,64.14,0.37,26.2,48.7,12,0
47.33,99.9,193.32,0.3053,0.1076,3097.2,63.83,0.292,25.5,63.4,12,1
8.04,25.64,96.8,0.2989,0.5164,463.4,64.77,3.237,33.0,54.7,12,0
74.7,130.15,474.65,0.3833,0.589,689.5,33.6,2.371,14.0,70.3,12,0
64.89,155.79,532.83,0.3623,0.5601,273.0,62.83,1.687,14.3,59.5,12,0
9.38,21.01,66.31,0.3659,0.1499,2273.5,28.74,0.496,14.7,45.8,12,0
18.61,67.32,297.41,0.349,0.87,2121.8,6.58,1.588,20.6,40.8,12,0
61.84,172.31,365.9,0.4109,0.4242,3456.8,18.46,4.678,31.9,76.2,12,0
75.38,234.89,746.36,0.3783,0.3172,3126.9,61.72,6.612,32.0,83.6,12,1
1.14,2.08,6.92,0.267,0.2466,1555.8,5.83,3.638,24.8,61.2,12,0
5.38,20.57,38.28,0.3506,0.5527,1426.2,37.76,0.185,26.5,51.4,12,0
26.88,61.99,180.54,0.3795,0.6965,1179.6,9.54,3.33,32.4,60.2,12,0
23.8,77.77,304.34,0.3003,0.4525,702.9,22.18,0.827,25.6,65.7,12,0
30.95,120.29,369.53,0.3886,0.5556,655.7,10.29,1.136,15.7,57.4,12,0
60.12,166.63,693.7,0.4543,0.3301,636.5,56.57,0.654,27.6,60.4,12,1
5.49,15.2,53.84,0.2753,0.4344,576.6,40.46,4.485,29.2,47.1,12,0
33.65,60.34,233.43,0.3642,0.338,993.7,59.13,3.138,25.9,61.5,12,0
15.93,39.44,156.65,0.2521,0.6261,1212.0,46.3,2.839,16.8,49.1,12,0
71.47,259.53,950.31,0.4425,0.2539,3373.2,63.26,3.308,20.0,75.2,12,1
16.23,29.83,114.04,0.3526,0.3584,2109.0,35.59,0.811,21.8,44.0,12,0
68.45,259.68,954.94,0.4912,0.3154,3459.1,43.32,1.764,13.6,68.6,12,1
15.54,49.23,161.78,0.3362,0.741,1429.1,39.58,3.009,21.3,57.9,12,0
49.75,126.99,422.84,0.3753,0.6241,1710.2,34.06,3.037,14.0,66.0,12,0
36.77,105.4,243.76,0.3753,0.3378,1271.1,55.76,4.709,22.5,55.2,12,0
27.02,50.69,204.5,0.3699,0.7151,803.5,43.67,1.015,11.3,64.0,12,0
10.71,21.89,57.85,0.3511,0.1691,672.4,53.08,4.413,33.7,55.3,12,0
38.55,85.43,277.36,0.3614,0.196,3318.8,52.18,1.74,16.2,44.9,12,0
19.46,47.92,118.53,0.3041,0.0788,3456.5,16.46,3.328,21.7,59.5,12,0
13.23,50.13,184.41,0.3088,0.1779,348.2,44.01,1.825,10.8,50.6,12,0
67.29,162.78,721.58,0.3905,0.0533,696.1,16.98,8.905,14.8,66.0,12,0
44.16,124.08,492.01,0.3776,0.6084,1597.6,40.0,0.593,27.3,56.6,12,0
46.57,88.71,307.96,0.3309,0.5686,814.9,45.65,3.372,12.8,55.9,12,0
20.68,69.09,230.21,0.4258,0.562,1400.8,64.83,2.578,25.7,57.9,12,0
25.83,74.91,233.9,0.2941,0.5976,626.0,6.83,0.569,10.1,62.1,12,0
24.26,63.07,148.43,0.3814,0.6033,1706.5,10.47,0.205,21.6,58.5,12,0
38.91,150.49,412.28,0.3685,0.1048,1096.6,9.62,4.816,28.0,69.3,12,0
46.52,173.36,502.28,0.3895,0.5142,1361.3,28.9,0.514,33.2,68.6,12,0
29.72,93.58,407.09,0.4009,0.4994,511.2,54.3,0.619,22.3,42.9,12,0
10.66,40.55,119.59,0.2528,0.801,1612.8,55.64,11.51,31.0,45.9,12,0
49.49,144.11,487.48,0.3569,0.0688,3444.8,49.22,3.79,30.1,74.4,12,0
31.31,111.69,479.22,0.3332,0.05,1285.1,58.81,0.865,17.4,49.2,12,1
5.55,14.0,44.79,0.2899,0.5113,3092.2,24.37,2.682,31.9,30.0,12,0
22.91,39.33,97.49,0.2739,0.6401,2982.6,10.29,2.291,26.0,71.5,12,0
37.92,151.13,427.51,0.4508,0.3098,3341.8,8.49,5.583,12.6,63.7,12,0
9.74,18.64,52.45,0.2813,0.4618,2807.4,56.13,3.92,33.5,47.5,12,0
41.25,87.81,327.53,0.2461,0.0962,2376.7,48.83,5.346,14.4,55.6,12,0
11.08,21.15,54.97,0.2942,0.7818,3026.7,46.92,0.713,21.8,58.4,12,0
33.8,79.23,298.83,0.3997,0.2557,449.6,25.38,3.067,21.7,64.0,12,0
21.01,46.72,196.27,0.4205,0.1138,1727.3,27.79,0.123,25.6,58.9,12,0
74.27,223.02,603.81,0.4085,0.05,3464.5,62.49,0.214,26.6,70.8,12,1
54.23,216.45,468.71,0.3673,0.3341,2739.7,8.83,3.75,15.8,56.0,12,0
64.16,104.66,368.82,0.3726,0.05,3374.8,51.42,0.1,18.8,69.0,12,1
31.08,107.09,297.1,0.3798,0.6647,2772.8,23.58,2.601,13.6,67.8,12,0
51.03,92.88,301.1,0.3034,0.718,3087.1,7.34,5.505,13.2,61.0,12,0
32.77,50.77,178.33,0.3232,0.2483,2531.5,49.55,1.434,30.6,64.6,12,0
67.21,208.13,603.75,0.4175,0.5243,2709.7,24.85,0.138,28.8,66.9,12,0
28.66,105.57,453.58,0.3924,0.05,1926.5,48.33,3.754,21.1,65.0,12,0
4.46,8.66,24.93,0.2977,0.4747,3250.0,47.46,7.964,12.4,43.5,12,0
19.49,45.88,120.67,0.2772,0.2123,2922.6,37.09,3.789,21.2,56.0,12,0
72.18,138.73,581.44,0.4325,0.2997,2984.8,51.64,2.591,17.4,75.3,12,0
42.44,159.83,346.51,0.3666,0.5472,2420.9,39.86,0.784,29.4,57.3,12,0
44.08,95.92,204.82,0.3383,0.1414,1205.1,22.2,0.1,12.4,66.1,12,0
67.72,176.86,765.16,0.3979,0.7223,317.6,49.05,3.559,21.3,70.1,12,0
10.82,40.43,95.58,0.351,0.5722,3287.7,40.35,0.788,24.8,52.9,12,0
21.51,61.99,136.44,0.2797,0.6616,2134.2,5.76,5.859,34.6,51.0,12,0
24.57,94.17,305.57,0.4415,0.7963,1183.9,59.1,1.884,12.2,65.4,12,0
49.03,187.11,360.44,0.3126,0.8013,692.1,37.74,2.269,12.8,57.1,12,0
12.69,33.67,116.97,0.3613,0.5551,2937.4,57.12,4.206,34.7,56.0,1,0
0.03,0.1,0.29,0.2046,0.4628,2960.5,57.96,4.535,20.1,43.2,1,0
0.26,0.53,1.88,0.1875,0.3996,2887.9,31.7,3.087,28.6,49.5,1,0
58.74,233.56,599.46,0.3914,0.6133,2328.8,35.46,8.363,29.6,72.8,1,0
11.44,25.12,106.62,0.2082,0.5608,1407.9,29.95,12.102,17.9,51.1,1,0
16.2,56.03,141.79,0.3647,0.7677,1203.4,31.97,8.806,15.4,30.3,1,0
45.86,104.68,368.63,0.3721,0.3088,228.2,58.71,5.215,16.9,53.0,1,1
12.53,28.6,124.45,0.3948,0.2835,2950.9,52.29,3.669,29.1,36.5,1,0
12.62,22.21,64.01,0.3044,0.2261,488.5,12.59,3.266,31.0,54.3,1,0
9.54,27.67,61.86,0.3244,0.6283,2281.5,41.62,0.329,27.5,52.8,1,0
28.58,60.37,119.81,0.3104,0.1337,1863.4,64.75,0.95,21.0,55.8,1,0
42.44,79.4,349.35,0.3257,0.4193,1938.1,40.73,0.1,16.6,57.7,1,0
24.95,51.55,199.1,0.3192,0.4006,3258.2,52.15,0.443,20.6,59.3,1,0
40.76,86.73,371.32,0.3136,0.16,304.3,51.14,1.735,32.9,50.7,1,0
10.32,28.48,105.01,0.3402,0.3394,2752.2,26.02,0.475,31.6,60.7,1,0
8.63,21.27,57.96,0.2961,0.564,371.8,27.31,6.958,18.1,53.2,1,0
86.35,145.82,310.91,0.3568,0.1436,325.9,48.44,4.915,18.2,68.3,1,0
60.82,172.74,744.35,0.5891,0.4781,1618.4,35.0,0.223,29.5,64.9,1,0
49.23,170.78,533.18,0.3858,0.8414,408.1,39.23,0.859,20.7,63.7,1,0
13.51,39.66,113.84,0.3383,0.7452,2804.2,47.77,5.129,24.3,43.0,1,0
24.05,94.68,318.12,0.3605,0.5135,1947.6,51.65,4.874,20.6,62.6,1,0
29.96,52.37,109.33,0.3796,0.4982,295.8,21.29,8.726,16.1,66.7,1,0
62.86,223.34,588.46,0.4288,0.3098,333.7,13.81,18.032,14.7,69.8,1,0
40.07,110.77,390.15,0.3639,0.8566,2221.8,22.51,11.223,13.5,69.5,1,0
43.15,120.99,250.49,0.4644,0.2917,2860.2,35.45,1.584,10.3,84.1,1,0
25.81,72.21,156.35,0.2881,0.4382,1644.7,25.53,0.864,17.0,42.7,1,0
49.82,115.25,366.32,0.3631,0.12,2030.1,39.1,4.262,14.3,65.4,1,0
37.56,86.82,302.41,0.4059,0.2992,2839.4,8.21,1.067,16.4,50.5,1,0
31.1,95.78,220.77,0.303,0.1458,2214.7,35.59,4.926,11.9,71.8,1,0
11.42,18.42,34.79,0.3452,0.6206,941.7,27.08,2.29,18.5,55.4,1,0
27.16,80.73,354.19,0.3464,0.4904,2223.1,37.08,4.739,23.0,52.6,1,0
3.01,9.98,18.7,0.3539,0.393,2273.3,30.35,0.968,33.6,48.8,1,0
29.0,69.33,125.18,0.3737,0.247,2622.6,22.05,2.128,18.7,69.4,1,0
32.22,65.85,176.01,0.3305,0.6623,2248.9,59.25,2.491,10.8,63.3,1,0
30.11,61.23,146.99,0.2792,0.056,3398.5,16.09,8.6,19.1,63.7,1,0
24.24,41.33,138.39,0.3079,0.3132,851.1,45.88,0.93,30.4,69.2,1,0
0.6,1.04,4.4,0.3001,0.5349,3338.6,60.48,8.279,18.5,57.8,1,0
42.47,81.4,252.26,0.3945,0.7287,1976.5,37.32,4.902,17.3,71.7,1,0
45.93,71.1,276.42,0.3709,0.2917,2417.5,57.58,3.938,33.0,62.8,1,0
19.34,41.89,178.24,0.3623,0.4747,528.2,12.49,4.638,17.4,37.8,1,0
43.73,99.09,229.03,0.363,0.5317,1455.9,34.63,2.79,34.3,63.9,1,0
44.78,178.58,556.89,0.453,0.7797,2739.0,32.42,0.839,30.8,58.1,1,0
24.26,96.53,341.1,0.3578,0.0882,2532.8,5.49,0.63,27.1,63.6,1,0
68.36,134.5,362.64,0.3803,0.3895,332.5,31.6,6.037,25.0,56.3,1,0
11.88,24.14,91.66,0.3196,0.1612,2003.8,27.14,3.874,15.6,60.2,1,0
66.79,182.31,675.34,0.4123,0.05,491.3,45.19,0.719,28.3,71.5,1,1
24.37,45.62,133.99,0.3772,0.1954,3486.3,61.3,2.864,18.7,60.1,1,0
8.92,24.62,50.16,0.3595,0.8503,3161.1,10.15,1.78,22.1,57.6,1,0
21.21,53.0,97.06,0.3796,0.324,269.6,24.65,0.518,12.6,56.1,1,0
2.52,5.82,16.28,0.265,0.791,3033.5,31.64,2.277,17.4,48.1,1,0
49.62,176.46,356.73,0.3884,0.2211,3234.1,32.31,0.992,23.2,74.0,1,0
10.07,35.94,140.55,0.3825,0.7949,1366.7,51.49,0.304,21.7,57.8,1,0
64.74,257.01,694.61,0.5132,0.6263,2574.4,31.6,1.887,18.6,74.9,1,0
6.61,13.59,48.91,0.2343,0.2465,1658.9,6.63,2.676,21.8,51.3,1,0
50.92,189.45,518.19,0.4028,0.5129,2362.3,47.61,0.144,28.6,66.2,1,1
30.61,87.07,343.83,0.3589,0.3529,1323.0,58.09,1.543,21.5,59.1,1,0
36.77,109.53,459.89,0.4709,0.374,1264.4,35.83,0.894,22.7,47.1,1,0
15.25,57.05,231.69,0.2356,0.4711,1600.6,39.87,0.1,27.5,43.5,1,0
38.82,149.72,465.34,0.3401,0.4275,680.4,14.78,0.403,31.0,60.7,1,0
33.38,110.71,224.37,0.4162,0.555,2942.8,18.24,0.449,23.2,45.0,1,0
6.45,15.27,42.82,0.285,0.6758,1350.7,19.11,0.606,33.7,51.1,1,0
5.94,16.18,47.67,0.2444,0.35,1520.5,30.84,4.879,18.8,44.6,1,0
16.48,50.06,219.89,0.4193,0.787,3150.4,60.69,1.737,16.3,54.3,1,0
11.13,39.74,132.21,0.2547,0.7691,1838.9,36.31,0.477,27.3,54.7,1,0
61.32,192.85,680.82,0.4864,0.0959,1996.0,16.53,0.317,14.4,53.5,1,0
30.18,72.84,284.89,0.2786,0.0604,3356.4,20.97,1.061,32.5,61.7,1,0
10.54,26.81,89.38,0.2456,0.3807,3126.2,28.04,4.799,19.7,49.6,1,0
17.73,28.84,98.5,0.3296,0.5222,759.2,42.4,1.36,27.5,36.7,1,0
17.39,66.27,163.18,0.29,0.3073,1761.6,31.4,0.523,24.3,51.5,1,0
22.8,39.22,76.84,0.3289,0.3367,3405.3,28.55,1.553,11.4,59.9,1,0
3.12,9.2,34.48,0.397,0.6416,1428.8,38.88,2.431,27.7,47.7,1,0
9.65,35.52,145.32,0.3211,0.5987,1426.2,19.51,0.1,29.8,49.2,1,0
49.17,125.48,365.46,0.454,0.2727,843.6,9.73,2.964,34.6,66.0,1,0
34.64,121.24,397.9,0.3953,0.705,577.3,6.46,1.508,20.4,56.6,1,0
26.19,91.93,241.74,0.3958,0.6236,2643.0,20.08,0.1,22.6,55.7,1,0
30.07,49.6,149.57,0.2121,0.3843,2741.1,10.5,3.362,31.9,48.4,1,0
28.86,73.03,172.65,0.3661,0.6013,3397.7,25.18,3.738,16.7,54.5,1,0
24.77,79.96,307.98,0.3853,0.2083,2752.3,51.38,2.973,14.7,72.5,1,0
42.93,109.72,343.23,0.3502,0.4195,1003.1,47.98,1.255,13.3,64.3,1,0
41.08,117.61,385.45,0.4714,0.2258,332.4,41.66,2.263,34.5,64.5,1,0
9.29,27.75,52.72,0.2858,0.0525,3451.9,56.15,1.469,16.8,47.6,1,0
26.71,50.17,174.61,0.2542,0.3314,1323.5,21.92,3.618,28.9,54.9,1,0
7.64,19.34,45.39,0.3481,0.2421,1229.5,58.1,2.628,21.2,50.5,1,0
45.89,72.1,204.42,0.2694,0.5881,3189.7,28.95,0.256,16.0,70.8,1,0
49.19,92.19,268.68,0.3572,0.5212,2130.8,29.05,3.091,32.8,74.3,1,0
14.73,40.97,123.37,0.3915,0.1951,909.1,29.32,3.487,21.6,50.8,1,0
27.08,79.46,191.82,0.363,0.05,3134.0,10.89,1.389,24.1,57.9,1,0
22.78,42.51,174.07,0.3222,0.6561,3478.1,63.53,6.257,15.6,55.0,1,0
54.32,184.1,544.05,0.3905,0.0718,486.0,13.31,5.555,18.1,72.4,1,0
47.74,116.14,400.99,0.4429,0.3696,3045.4,25.45,0.578,28.7,68.1,1,0
58.75,223.36,772.3,0.3924,0.4668,1488.7,24.16,7.039,18.6,66.9,1,0
67.17,165.84,570.31,0.4521,0.6688,1929.4,9.48,1.744,22.6,78.2,1,0
0.6,1.13,3.73,0.4104,0.6959,3218.9,14.14,3.859,12.9,54.3,1,0
52.2,177.23,712.64,0.4688,0.5929,3412.2,7.69,5.048,31.3,59.5,1,0
66.98,195.56,781.09,0.4433,0.3561,1065.1,22.54,2.11,28.4,70.2,1,0
7.36,18.16,53.15,0.3026,0.564,902.4,57.0,1.528,29.0,50.8,1,0
25.72,61.47,216.18,0.3189,0.2029,465.7,25.37,7.411,14.5,49.8,1,0
20.92,39.26,81.57,0.2837,0.2522,2053.9,12.42,0.787,22.4,54.5,1,0
51.39,120.87,247.19,0.355,0.5026,244.9,43.74,0.891,10.7,74.5,1,0
29.85,46.96,145.38,0.3629,0.6273,1559.3,64.8,1.346,17.9,67.7,1,0
75.4,207.81,879.13,0.5552,0.0909,442.2,18.94,5.887,18.7,79.9,1,0
27.19,101.73,361.67,0.274,0.05,1537.2,21.77,8.38,32.8,64.4,1,0
52.9,184.55,665.64,0.3103,0.6328,331.8,63.31,0.746,34.8,67.5,1,1
28.5,44.78,99.66,0.4013,0.6324,2956.2,15.73,5.982,25.4,53.7,1,0
42.31,156.66,473.73,0.397,0.5376,892.1,35.67,0.896,22.9,67.2,1,0
28.03,73.75,212.56,0.3477,0.4209,1283.4,19.38,10.584,21.0,45.2,1,0
20.38,40.3,157.72,0.3564,0.7106,3071.2,60.94,2.729,10.5,50.7,1,0
51.2,173.1,375.98,0.3654,0.5445,2662.7,63.89,0.1,30.0,74.2,1,1
37.22,85.87,279.59,0.4543,0.4625,922.8,53.88,0.104,26.8,57.2,1,0
10.92,23.29,99.25,0.3443,0.2495,437.3,23.89,0.479,26.2,58.4,1,0
31.54,60.03,252.69,0.3278,0.2195,2561.7,29.21,0.623,30.2,56.6,1,0
9.53,25.9,106.22,0.3032,0.5644,1489.3,19.54,4.378,33.2,57.3,1,0
7.37,12.77,35.91,0.3,0.3038,2728.1,58.45,0.756,19.7,39.9,1,0
8.02,27.77,120.53,0.2851,0.3267,1669.5,59.87,10.435,20.7,62.6,1,0
45.47,121.71,483.7,0.4806,0.4594,1341.8,30.13,3.033,34.4,54.7,1,0
57.83,151.36,620.28,0.4294,0.1208,1689.0,44.39,3.538,26.6,56.5,1,0
83.01,124.89,539.21,0.3486,0.5792,2670.2,14.93,0.737,31.3,84.6,1,0
6.85,24.28,105.12,0.3411,0.1725,3177.3,31.1,6.697,15.5,52.0,1,0
49.19,134.38,328.99,0.4373,0.4637,364.2,42.89,3.306,17.9,62.3,1,0
50.83,132.15,283.42,0.4094,0.6335,1929.6,28.12,5.994,19.8,77.8,1,0
15.49,52.72,193.23,0.3004,0.4428,308.4,26.46,9.404,17.9,60.5,1,0
7.06,11.7,38.87,0.2523,0.4023,1745.8,5.06,0.403,32.1,48.5,1,0
2.86,6.91,18.54,0.375,0.5392,3121.4,53.26,0.305,22.8,49.8,1,0
16.82,49.43,180.34,0.2546,0.7592,1393.2,58.36,4.88,33.8,63.6,1,0
35.1,93.08,183.12,0.3549,0.7625,3277.1,63.17,6.033,18.0,52.8,2,0
64.04,125.14,241.21,0.3195,0.4255,2281.0,48.16,2.629,10.9,80.8,2,0
57.67,129.66,357.42,0.4367,0.5595,3282.7,37.93,1.367,13.5,63.8,2,0
10.35,23.28,54.1,0.258,0.1456,2698.6,21.16,3.172,15.4,46.1,2,0
10.32,41.06,153.59,0.2907,0.7137,541.3,64.96,1.094,26.0,61.8,2,0
62.53,144.79,631.23,0.4563,0.804,962.8,40.39,0.817,14.5,74.6,2,0
11.76,23.68,84.91,0.3566,0.4988,1500.8,45.87,2.009,19.5,39.3,2,0
28.62,101.78,363.13,0.4401,0.6607,761.4,45.94,0.731,29.9,57.7,2,0
12.59,32.15,58.44,0.3353,0.509,1833.2,55.72,1.983,13.1,44.9,2,0
58.86,153.62,488.99,0.4146,0.2261,1755.5,5.58,9.412,12.0,74.0,2,0
17.78,51.07,204.58,0.3931,0.7654,3355.7,18.21,5.494,23.5,69.1,2,0
11.03,32.98,117.59,0.2548,0.5054,1631.3,44.93,8.523,27.5,57.6,2,0
56.31,167.6,404.75,0.3364,0.4522,2792.6,58.71,4.925,32.8,60.8,2,1
78.04,123.79,506.42,0.3363,0.5699,3308.3,46.12,1.314,26.5,80.5,2,0
22.77,80.78,355.74,0.2364,0.7545,3094.1,29.81,5.015,33.7,56.4,2,0
28.87,57.36,146.46,0.3712,0.6477,888.6,26.69,7.689,16.1,58.1,2,0
52.75,117.67,277.6,0.4266,0.1589,1836.9,49.28,8.814,18.5,61.9,2,0
37.28,72.07,195.61,0.3667,0.3996,1347.5,49.47,3.448,31.0,62.0,2,0
20.71,70.78,139.46,0.3467,0.8523,1519.5,41.42,0.712,30.3,55.6,2,0
17.9,52.98,220.29,0.348,0.6151,1390.7,22.49,0.122,26.6,36.1,2,0
9.13,30.94,133.32,0.3292,0.8866,2927.0,60.51,0.478,22.7,52.9,2,0
35.86,112.38,394.43,0.4631,0.6565,1692.1,38.11,10.104,10.4,59.7,2,0
27.74,48.84,188.68,0.4149,0.5433,1928.2,52.43,1.86,17.0,61.1,2,0
19.09,43.03,155.14,0.3016,0.4325,3442.1,17.86,5.793,14.0,39.7,2,0
4.99,13.82,38.97,0.3632,0.3541,397.9,25.64,1.877,11.3,55.6,2,0
7.53,17.03,59.7,0.3733,0.5529,1810.3,57.47,3.244,29.4,52.5,2,0
45.5,91.83,372.64,0.4066,0.3926,2754.4,8.01,0.1,13.3,67.6,2,0
52.08,191.37,762.95,0.471,0.5929,698.8,35.74,0.863,18.9,52.6,2,0
21.86,73.66,148.71,0.3472,0.7024,2218.1,33.9,1.72,34.4,46.7,2,0
19.23,45.43,138.53,0.2534,0.388,990.2,50.07,2.988,20.2,40.8,2,0
8.7,29.68,85.27,0.2384,0.6968,3062.4,21.91,0.564,13.5,53.8,2,0
53.46,164.06,628.42,0.464,0.4823,1279.4,18.14,4.339,27.2,63.3,2,0
30.81,46.51,146.69,0.2741,0.3006,1285.9,60.57,1.36,30.2,58.1,2,0
39.24,96.16,263.87,0.283,0.4215,2174.0,39.3,5.102,17.0,50.6,2,0
39.0,86.82,321.87,0.2602,0.8118,805.8,11.28,0.309,30.2,52.0,2,0
22.35,45.69,140.67,0.3042,0.3981,1140.1,16.58,3.416,16.8,36.7,2,0
0.9,1.93,4.8,0.3197,0.3575,1574.9,64.93,1.042,27.3,39.5,2,0
5.14,19.8,83.25,0.3393,0.3691,1367.0,16.74,4.76,13.1,46.3,2,0
58.24,158.16,332.96,0.4087,0.1668,1932.1,41.63,1.543,20.7,62.7,2,0
11.9,43.06,79.61,0.2962,0.5913,2178.8,30.21,3.284,23.0,53.0,2,0
19.78,40.26,88.12,0.3229,0.1921,2070.0,58.14,8.168,28.1,62.0,2,0
1.68,3.25,7.29,0.3437,0.7724,2358.8,50.31,0.1,26.3,45.0,2,0
0.36,1.35,4.39,0.3241,0.3928,1215.6,40.82,0.1,31.3,54.0,2,0
10.81,29.61,103.26,0.2913,0.5849,617.2,5.64,4.413,14.6,59.5,2,0
72.25,270.06,813.21,0.4766,0.1919,2710.7,57.79,3.119,26.5,80.9,2,1
46.49,77.06,181.19,0.2368,0.748,3007.6,31.68,1.04,13.2,67.9,2,0
16.87,63.95,137.94,0.3274,0.3904,1048.1,60.89,2.046,22.0,55.6,2,0
57.11,144.98,453.62,0.3592,0.732,1543.4,34.73,0.129,23.1,58.5,2,0
26.23,49.54,164.8,0.4087,0.627,1845.3,46.65,0.641,10.7,60.0,2,0
63.9,205.01,537.27,0.3579,0.5146,1960.0,9.16,1.658,11.8,66.2,2,0
85.33,298.0,713.77,0.4476,0.5659,2376.3,49.71,5.388,31.0,86.6,2,0
55.74,90.22,182.02,0.3147,0.1177,337.3,25.28,1.96,17.2,67.5,2,0
32.4,128.57,240.54,0.3199,0.5702,2580.9,26.08,2.648,18.7,58.4,2,0
47.52,154.09,321.36,0.3827,0.3094,404.5,12.12,6.209,26.0,75.6,2,0
30.42,70.06,266.49,0.332,0.6144,1745.4,13.81,1.108,15.5,55.3,2,0
15.86,29.79,81.29,0.4088,0.8732,2931.3,16.15,3.619,14.8,54.7,2,0
13.67,33.93,63.58,0.2139,0.704,1689.0,24.69,5.934,20.5,70.2,2,0
6.25,12.82,40.66,0.3396,0.1217,692.0,58.52,0.679,11.5,54.0,2,0
13.12,35.89,116.54,0.3189,0.3731,3450.6,27.1,1.322,32.9,62.9,2,0
74.88,258.69,765.07,0.4495,0.3131,3134.6,48.46,11.708,33.5,84.5,2,0
58.09,183.01,384.11,0.3914,0.172,2745.3,9.96,12.262,21.2,63.0,2,0
41.06,106.34,408.18,0.431,0.0804,1558.0,40.47,0.758,15.2,69.6,2,0
50.35,90.49,331.25,0.3791,0.3641,806.7,33.91,0.206,21.8,62.4,2,0
17.26,67.21,192.6,0.3883,0.7457,3306.7,63.68,0.948,12.5,71.5,2,0
48.24,104.97,296.89,0.3613,0.3765,1956.8,55.77,1.521,19.9,76.0,2,0
53.53,117.48,260.92,0.3001,0.6128,3012.8,32.29,1.745,11.8,72.0,2,0
25.95,80.82,309.9,0.3571,0.4838,1328.9,51.51,2.893,27.7,66.1,2,0
49.17,168.47,575.97,0.4721,0.5553,1306.5,16.58,6.893,16.9,59.2,2,0
5.56,22.03,44.76,0.2884,0.7117,3452.3,38.74,1.203,23.0,65.4,2,0
19.21,75.36,212.58,0.2881,0.5025,1922.0,9.48,5.691,10.3,48.5,2,0
63.2,239.16,1013.96,0.5324,0.1182,664.3,25.89,0.294,23.1,72.2,2,0
4.86,12.59,38.03,0.3244,0.4426,924.9,18.55,0.128,10.1,45.7,2,0
12.14,23.27,62.3,0.2738,0.9,1790.4,48.13,2.104,33.1,60.5,2,0
54.78,162.21,573.94,0.4024,0.376,340.2,34.41,0.185,22.5,80.4,2,0
22.41,34.58,81.19,0.307,0.4805,1726.4,50.06,1.495,12.5,60.3,2,0
25.53,50.83,163.38,0.3328,0.0788,1582.5,35.92,6.813,18.5,60.2,2,0
24.99,37.64,135.79,0.3593,0.2287,2771.8,10.19,0.829,11.2,56.6,2,0
38.73,75.57,310.47,0.3414,0.7656,1371.3,49.12,3.672,23.3,62.4,2,0
24.38,65.51,240.4,0.3827,0.3426,3442.4,54.99,1.08,13.1,54.6,2,0
32.89,81.68,231.8,0.3194,0.3858,796.5,59.21,0.138,21.8,72.9,2,1
17.45,42.29,163.77,0.4159,0.3987,2150.3,39.32,2.44,17.6,61.6,2,0
38.83,138.93,587.06,0.501,0.797,496.0,50.22,5.403,29.0,58.9,2,0
37.89,120.76,373.14,0.3313,0.1697,2621.8,50.12,1.58,22.1,61.8,2,0
77.49,297.63,539.35,0.3459,0.7108,3482.7,14.34,2.881,31.2,96.6,2,0
20.51,53.59,223.94,0.3934,0.3733,2903.2,14.85,6.908,33.5,58.3,2,0
25.43,55.46,124.61,0.3377,0.7173,2033.8,9.25,4.678,34.2,69.3,2,0
36.01,65.06,139.3,0.3553,0.862,1799.6,24.19,0.647,16.5,56.2,2,0
54.15,172.2,453.01,0.3573,0.3209,2955.6,33.41,3.966,29.2,70.0,2,0
2.75,9.91,28.0,0.2989,0.1703,3288.7,64.87,2.091,21.0,45.8,2,1
32.63,63.93,253.06,0.333,0.187,3464.4,30.86,4.111,20.7,55.5,2,0
32.66,120.73,344.17,0.3836,0.6257,1508.6,48.57,2.047,31.7,66.1,2,0
23.25,65.47,126.47,0.2628,0.1849,3470.0,46.6,0.411,13.6,49.8,2,0
56.86,105.77,371.99,0.3689,0.2053,714.6,17.27,2.531,21.9,57.5,2,0
11.89,36.93,133.4,0.2637,0.2933,1036.7,8.51,2.033,24.8,59.0,2,0
34.46,96.49,385.81,0.3509,0.3485,493.8,37.76,2.189,11.7,56.4,2,0
16.82,26.41,75.98,0.3102,0.1772,1096.7,47.02,6.333,31.6,52.8,2,0
8.55,21.37,43.43,0.334,0.7595,2734.2,64.9,6.757,17.9,38.2,2,0
54.33,188.08,619.38,0.4526,0.6544,3014.7,26.52,1.813,26.4,56.1,2,0
3.91,11.29,24.0,0.3428,0.4726,2770.3,58.78,1.825,33.2,52.9,2,0
37.36,82.39,152.1,0.2561,0.5165,2282.5,27.92,2.172,28.0,59.3,2,0
37.75,144.26,562.92,0.475,0.5317,1896.1,46.36,2.199,32.2,68.6,2,0
8.74,18.31,52.91,0.2783,0.6653,2538.7,40.9,9.011,11.7,45.4,2,0
33.93,72.34,232.74,0.3177,0.4737,1489.8,8.18,3.144,22.3,58.9,2,0
6.67,15.91,57.1,0.3248,0.6072,2976.3,9.7,0.975,24.1,52.4,2,0
43.08,160.98,464.06,0.3753,0.5672,2434.7,6.25,2.275,27.2,61.3,2,0
2.83,7.85,15.21,0.3211,0.6006,2502.8,27.25,2.96,12.9,55.6,2,0
21.55,69.07,171.47,0.3614,0.4368,1968.6,49.75,3.063,26.4,47.8,2,0
23.72,93.47,217.29,0.305,0.2464,3121.3,15.37,2.64,13.6,61.2,2,0
57.86,200.1,888.25,0.4673,0.2296,1031.6,41.35,0.587,11.7,76.5,2,0
33.54,64.78,245.96,0.3412,0.4557,1457.8,22.33,0.103,21.7,53.5,2,0
53.91,187.13,564.98,0.4602,0.3247,2766.2,52.82,1.237,25.0,69.4,2,0
43.91,148.0,291.72,0.3347,0.4857,1826.1,52.9,1.673,34.0,66.0,2,0
44.18,91.97,194.31,0.3132,0.3892,3134.4,51.52,0.191,27.5,68.0,3,1
22.18,51.3,204.94,0.2896,0.7298,1343.1,36.49,5.062,24.8,56.7,3,0
56.0,183.41,798.33,0.4131,0.1394,1418.8,22.07,1.265,15.4,78.1,3,0
21.57,45.21,85.21,0.2494,0.508,3132.8,53.57,7.347,13.8,73.4,3,0
12.77,25.8,109.87,0.2867,0.5855,1732.4,16.17,0.503,25.2,58.8,3,0
25.11,81.81,231.32,0.4256,0.2861,1903.2,22.39,0.176,15.6,60.0,3,0
41.81,154.77,367.85,0.4076,0.2531,1298.1,16.04,1.975,27.7,62.7,3,0
9.69,16.35,33.95,0.3706,0.729,1113.0,45.45,0.629,12.9,42.4,3,0
8.35,21.83,84.77,0.2693,0.2869,2364.6,46.17,8.313,18.5,41.1,3,0
0.29,0.88,2.68,0.2031,0.8392,595.5,44.15,0.1,29.3,40.9,3,0
50.14,159.99,647.57,0.4445,0.7823,3101.6,29.94,1.596,30.8,67.2,3,0
72.3,288.5,695.46,0.5309,0.5567,2771.4,11.01,7.842,18.6,70.1,3,0
25.23,80.91,293.89,0.3341,0.6341,829.5,59.67,1.456,15.2,69.8,3,0
43.76,133.49,282.86,0.3613,0.5568,2490.3,35.46,0.293,34.0,43.1,3,1
43.11,171.34,349.94,0.2911,0.4379,2188.7,29.42,1.082,29.0,63.3,3,0
69.32,114.49,247.33,0.3505,0.7698,809.0,40.33,2.068,30.2,74.3,3,0
14.16,23.88,95.13,0.3127,0.2838,1101.6,16.57,0.614,15.6,61.4,3,0
24.98,72.48,258.76,0.2468,0.2076,1549.7,12.95,1.885,20.6,58.6,3,0
21.96,52.62,118.3,0.2716,0.2846,2507.5,29.33,5.43,11.7,59.5,3,0
32.36,56.36,160.0,0.276,0.5839,2307.8,18.63,6.182,12.7,61.1,3,0
93.08,210.94,814.63,0.3829,0.1834,1956.4,19.66,0.152,15.5,81.4,3,0
31.25,99.54,255.96,0.3146,0.7299,2735.8,58.55,0.526,17.6,59.2,3,0
9.11,33.71,144.53,0.3542,0.3783,2701.2,36.85,0.966,34.9,69.7,3,0
1.61,2.8,11.95,0.2707,0.6726,2238.9,34.01,2.711,20.6,55.1,3,0
61.79,176.13,579.95,0.4727,0.1375,2797.1,46.37,1.344,27.4,70.1,3,0
8.99,20.15,70.64,0.2959,0.374,1303.1,62.09,5.574,32.6,46.8,3,0
47.06,149.11,531.4,0.4219,0.0871,3108.1,11.73,3.783,16.2,61.4,3,0
13.48,38.74,96.78,0.3441,0.2211,2229.2,55.01,0.318,13.6,66.1,3,0
1.19,4.55,12.68,0.3792,0.489,2913.8,40.04,2.939,16.1,30.5,3,0
45.6,72.7,157.55,0.2955,0.7353,2002.7,13.77,0.36,32.1,64.1,3,0
14.71,39.34,169.05,0.3557,0.3759,920.8,22.83,0.883,26.6,54.2,3,0
41.11,81.48,305.9,0.3134,0.4807,1990.0,33.94,0.588,21.3,66.3,3,0
42.96,122.08,235.03,0.4328,0.4172,1424.7,46.47,0.57,30.5,65.0,3,0
44.13,160.37,526.55,0.3526,0.1025,2501.7,19.56,2.874,15.9,75.4,3,0
23.77,89.81,244.86,0.3678,0.4827,1770.1,37.09,2.488,16.0,57.9,3,0
47.63,118.86,475.6,0.4725,0.0881,2959.2,46.08,0.581,24.2,63.8,3,1
7.41,26.16,71.36,0.2544,0.7689,2437.6,31.92,13.868,29.8,59.8,3,0
30.88,67.97,240.56,0.3775,0.5661,2459.0,56.78,1.644,16.5,71.5,3,0
48.15,72.98,164.02,0.2829,0.4573,916.6,57.17,0.306,15.3,69.9,3,0
34.61,125.93,416.66,0.4992,0.5719,3448.0,33.24,0.385,21.8,68.5,3,0
15.22,27.38,71.01,0.2195,0.2566,2977.5,63.38,2.63,13.4,52.8,3,0
6.3,9.73,21.85,0.2285,0.6083,2803.7,9.54,11.6,28.7,52.9,3,0
20.44,48.74,169.22,0.2775,0.6474,1289.7,5.2,2.546,24.4,68.0,3,0
31.77,77.78,274.13,0.3,0.6651,1967.6,27.84,8.93,22.8,63.7,3,0
71.69,121.38,540.76,0.4335,0.2509,652.4,41.07,1.762,31.8,69.6,3,0
27.01,95.5,344.41,0.4584,0.2693,1977.0,42.75,1.717,28.3,58.4,3,0
21.44,53.9,172.08,0.3919,0.5661,681.4,33.59,2.079,13.7,64.7,3,0
29.87,81.38,347.0,0.3806,0.758,2025.0,12.49,3.586,20.5,68.0,3,0
84.95,183.64,741.22,0.4477,0.6889,2340.8,15.23,1.375,18.0,68.7,3,0
49.27,136.92,449.31,0.359,0.364,1487.6,56.13,5.983,30.1,67.7,3,0
7.14,24.38,77.54,0.335,0.5996,1845.2,57.07,0.1,28.0,52.1,3,0
31.18,117.4,509.89,0.3909,0.7628,3089.7,45.43,1.738,21.8,58.8,3,0
38.79,152.29,527.86,0.4143,0.2702,558.3,44.85,2.146,30.6,72.3,3,0
4.07,10.44,38.9,0.2707,0.741,2812.7,40.86,2.802,20.3,49.3,3,0
49.45,196.58,399.85,0.3194,0.2769,763.5,17.18,0.969,30.1,60.2,3,0
10.03,22.44,83.91,0.3179,0.4484,321.1,30.7,1.673,10.8,46.5,3,0
7.3,11.08,27.85,0.3057,0.1988,812.4,46.75,1.988,13.4,50.8,3,0
32.38,110.7,233.8,0.3167,0.4209,2724.6,37.24,3.484,28.9,53.8,3,0
28.42,55.31,226.44,0.3067,0.7391,1536.9,6.11,4.456,12.9,51.6,3,0
30.45,49.67,182.09,0.3641,0.4818,3079.3,62.21,4.016,27.1,52.0,3,0
11.36,43.28,125.52,0.3477,0.2006,1931.5,55.69,1.254,28.1,46.8,3,0
14.85,51.66,153.16,0.4243,0.2061,273.4,20.63,22.52,26.6,48.4,3,0
58.69,103.09,240.43,0.4168,0.582,2565.2,41.99,5.665,30.5,70.8,3,0
41.5,142.86,260.83,0.2921,0.5251,563.8,60.39,0.903,22.8,46.8,3,0
6.56,23.67,64.93,0.3034,0.4481,2805.0,10.76,0.651,32.4,46.4,3,0
18.29,68.84,151.5,0.2619,0.173,754.7,35.18,1.131,24.2,54.7,3,0
7.61,21.77,63.98,0.2207,0.6037,1340.0,32.37,1.806,22.7,61.5,3,0
34.41,112.12,454.22,0.5,0.7997,2712.2,29.61,5.707,22.7,58.4,3,0
14.68,49.98,105.45,0.395,0.4048,3349.0,55.14,4.52,32.8,53.2,3,0
12.73,41.02,84.0,0.2852,0.6787,1425.7,27.84,5.716,16.1,53.1,3,0
15.75,49.08,207.89,0.4035,0.7113,2937.0,8.82,0.952,27.4,40.1,3,0
28.66,82.21,313.39,0.4319,0.5092,829.6,8.95,2.7,16.1,63.9,3,0
50.09,135.14,262.62,0.2562,0.5706,2863.7,7.56,0.999,12.3,70.0,3,0
30.46,121.56,244.93,0.3912,0.5849,2369.7,29.55,0.346,33.8,65.7,3,0
32.02,75.06,273.91,0.3298,0.2408,836.1,48.1,3.458,13.2,79.7,3,0
24.85,42.76,119.74,0.3429,0.4397,1198.3,17.22,0.463,27.2,47.1,3,0
17.99,61.4,230.56,0.4963,0.7,634.8,43.79,3.305,20.6,43.5,3,0
52.83,107.49,310.86,0.441,0.322,1463.8,46.23,3.132,30.9,71.5,3,0
49.03,138.85,612.76,0.4153,0.8257,872.0,20.31,4.986,29.3,62.0,3,0
81.61,141.96,521.67,0.4747,0.5382,2325.2,41.03,0.451,13.6,66.6,3,1
45.74,139.42,268.51,0.2572,0.4132,3481.9,46.09,4.59,21.7,61.5,3,0
18.01,69.54,187.22,0.3624,0.4678,239.6,33.0,21.694,10.7,50.5,3,0
7.86,25.99,86.32,0.3435,0.3934,1985.0,25.2,5.712,20.7,66.2,3,0
54.3,110.57,241.38,0.3832,0.6504,2093.1,42.15,4.181,27.5,84.4,3,0
10.1,39.67,71.68,0.2888,0.3777,3216.9,63.67,3.256,15.8,39.9,3,0
50.72,115.01,231.65,0.3651,0.6697,1869.8,30.61,1.643,30.3,53.4,3,0
11.48,29.74,95.64,0.3618,0.5061,1994.2,28.5,3.934,11.3,47.4,3,0
39.2,107.63,377.45,0.2588,0.5345,1756.5,32.86,3.864,10.9,56.2,3,0
3.98,15.83,32.47,0.2906,0.7712,1087.4,9.57,2.995,10.7,45.0,3,0
49.97,83.56,300.49,0.3145,0.1365,384.9,38.19,4.773,17.0,63.4,3,0
0.37,1.19,4.12,0.3339,0.6667,1548.6,24.72,1.787,21.7,46.5,3,0
37.3,89.7,389.08,0.4462,0.1391,373.6,12.29,0.388,12.7,50.4,3,0
25.53,43.29,176.19,0.3044,0.6472,2016.6,32.98,2.457,34.9,49.4,3,0
33.02,126.72,550.81,0.355,0.4736,1214.1,5.2,0.924,35.0,72.3,3,0
20.58,61.22,269.88,0.3595,0.8306,1960.9,29.11,1.456,23.0,53.3,3,0
19.99,67.65,202.29,0.2825,0.6288,643.2,11.34,0.1,24.2,52.7,3,0
34.34,72.16,224.94,0.3334,0.1139,3277.7,6.46,1.448,33.2,48.1,3,0
5.42,18.45,47.25,0.2928,0.1927,3151.9,54.47,4.963,29.2,47.9,3,0
5.27,18.84,59.76,0.3409,0.5087,827.0,59.97,2.347,14.2,59.3,3,0
21.51,55.44,122.34,0.3401,0.4228,1333.4,17.46,0.1,29.8,61.2,3,0
20.54,60.17,217.4,0.3513,0.2584,2224.5,37.36,1.904,15.8,62.7,3,0
5.34,20.98,39.18,0.3896,0.2415,515.8,21.68,1.034,20.8,42.0,3,0
53.58,193.79,472.11,0.4073,0.4833,1370.1,34.61,1.948,23.3,56.3,3,0
22.11,57.76,136.42,0.3062,0.091,1028.7,31.2,1.556,27.9,65.7,3,0
24.81,78.43,339.78,0.3527,0.7401,3221.2,21.14,8.064,13.8,64.1,3,0
2.71,9.39,20.58,0.2659,0.7233,3013.3,47.02,0.126,11.9,48.7,3,0
82.27,128.4,539.94,0.3563,0.6144,2113.4,12.59,3.452,31.7,81.5,3,0
91.15,270.8,578.37,0.3454,0.0571,1917.1,8.18,5.712,30.7,67.7,3,0
10.96,43.43,154.49,0.3874,0.1088,3271.4,51.06,9.6,23.1,43.3,3,0
61.13,236.44,629.79,0.3892,0.3035,3277.0,44.96,0.587,26.6,55.4,3,0
28.18,100.91,267.74,0.369,0.8125,3398.8,34.91,2.273,28.0,61.3,3,0
70.57,124.59,560.08,0.3963,0.3318,613.8,33.07,0.134,21.9,72.9,3,0
38.88,154.94,373.46,0.3727,0.3272,729.8,34.84,2.075,16.4,57.5,3,0
32.97,99.69,233.97,0.4042,0.1902,2433.2,31.22,0.402,22.0,53.6,3,0
32.01,65.85,223.3,0.3532,0.5653,1986.7,28.57,5.459,33.8,78.9,3,0
8.51,27.11,103.01,0.2743,0.5682,260.9,34.98,0.363,30.9,50.5,3,0
30.99,112.84,502.43,0.3716,0.1585,404.5,36.71,2.16,21.6,70.4,3,0
35.44,63.11,233.13,0.3893,0.518,3130.7,46.51,2.209,15.6,59.5,3,0
0.1,0.39,1.31,0.3244,0.6423,3067.3,47.67,10.689,32.2,46.0,3,0
12.26,46.58,135.29,0.373,0.4954,1379.0,27.66,3.192,26.0,65.0,3,0
44.31,67.96,231.52,0.3341,0.5788,3140.5,29.81,1.018,20.1,69.6,3,0
4.11,15.4,52.7,0.2407,0.6422,2159.1,27.42,0.826,12.8,51.0,3,0
33.82,130.78,312.27,0.3874,0.6473,2859.5,37.19,0.412,28.8,69.2,3,0
61.42,97.92,353.72,0.3829,0.5559,1610.5,32.2,4.238,17.9,88.6,3,0
43.14,96.45,226.84,0.359,0.7223,574.2,58.38,3.521,25.2,57.1,4,0
41.89,101.92,318.29,0.2942,0.7381,1631.3,46.78,2.824,24.2,66.3,4,0
17.0,40.32,100.86,0.288,0.4047,1709.1,58.92,0.125,27.5,51.8,4,0
12.96,44.03,116.44,0.2762,0.2075,2018.1,47.55,4.317,23.4,46.4,4,0
84.86,203.27,702.79,0.4596,0.6786,548.4,63.26,3.081,25.8,67.8,4,1
18.53,72.1,142.34,0.35,0.2029,3471.6,43.14,9.963,12.0,68.3,4,0
65.12,259.66,475.83,0.3924,0.6466,1005.7,62.81,2.654,26.6,54.9,4,1
18.24,41.8,89.98,0.3663,0.05,855.2,14.49,1.087,14.9,59.5,4,0
26.56,73.63,166.07,0.4075,0.7757,1938.4,8.15,1.441,19.8,51.4,4,0
46.4,134.29,313.46,0.3799,0.4879,1972.8,39.75,0.58,22.8,78.1,4,0
36.03,106.22,413.16,0.4156,0.6434,1651.4,64.01,3.85,27.2,58.6,4,0
43.05,104.84,315.2,0.3355,0.2979,2747.2,30.06,3.69,28.6,60.0,4,0
13.05,24.99,76.68,0.279,0.8479,1905.0,17.72,0.672,27.6,66.5,4,0
5.1,8.35,29.55,0.3564,0.2146,2212.0,36.29,0.518,12.4,58.5,4,0
11.36,20.06,75.61,0.2713,0.3136,2588.4,43.93,0.24,19.7,57.8,4,0
20.2,75.81,137.18,0.3621,0.0509,282.6,23.91,7.29,17.0,62.5,4,0
27.78,61.13,251.45,0.4359,0.7401,2083.1,47.89,0.796,20.0,49.7,4,0
59.44,100.58,449.45,0.422,0.3435,3117.8,63.51,1.266,26.2,73.8,4,1
35.69,109.17,232.42,0.3421,0.6049,257.4,58.82,0.988,14.8,59.1,4,0
45.62,77.02,274.04,0.2874,0.5542,1537.1,22.5,1.601,22.6,66.6,4,0
37.05,62.06,112.11,0.3304,0.746,3256.6,24.6,3.756,32.1,65.0,4,0
5.62,17.17,33.18,0.357,0.651,1365.4,27.29,6.134,28.3,42.8,4,0
33.94,101.09,259.75,0.3427,0.582,1713.8,28.67,0.605,28.1,64.9,4,0
36.78,58.98,240.95,0.3989,0.6134,3439.1,11.02,3.479,31.2,59.5,4,0
52.51,139.2,495.81,0.4168,0.5641,857.8,50.72,1.304,20.0,55.8,4,0
6.79,17.59,52.84,0.3251,0.2963,415.3,26.92,11.816,29.0,50.9,4,0
17.5,50.17,149.73,0.3139,0.2431,3036.1,57.79,1.065,11.5,55.4,4,0
37.91,126.81,387.83,0.3043,0.1213,3065.9,60.62,0.1,11.4,66.1,4,1
42.35,93.48,246.76,0.3278,0.4109,1757.9,6.47,2.175,18.3,43.6,4,0
29.02,74.94,312.47,0.3404,0.4658,1896.9,64.31,0.49,14.9,61.8,4,1
34.21,119.11,397.02,0.4077,0.4501,2958.2,47.6,0.137,23.0,56.2,4,1
55.48,211.17,656.03,0.4296,0.7404,2637.2,36.22,3.595,14.6,73.1,4,0
22.04,82.16,251.07,0.404,0.3043,1075.0,28.37,3.953,34.4,56.6,4,0
26.54,71.51,309.39,0.3755,0.6302,255.7,36.11,1.852,31.3,55.3,4,0
35.48,99.43,373.25,0.3489,0.4221,1783.0,24.48,3.389,34.6,59.2,4,0
3.01,8.5,18.63,0.263,0.2143,3034.4,42.36,2.318,30.2,53.6,4,0
29.71,109.09,325.07,0.3344,0.6038,3156.3,10.58,2.981,33.8,66.2,4,0
31.91,114.89,296.25,0.3669,0.7118,3355.5,42.27,2.724,19.2,52.4,4,0
74.43,169.62,757.29,0.4318,0.0946,3102.6,21.52,3.288,22.4,69.6,4,0
26.05,49.69,145.17,0.275,0.4896,2114.1,6.06,0.668,16.0,69.6,4,0
38.51,94.25,186.91,0.3875,0.0785,1667.2,38.16,0.939,25.9,58.7,4,0
56.47,125.43,365.03,0.3801,0.3135,2757.0,39.71,1.739,29.7,69.9,4,0
12.57,48.74,130.01,0.3396,0.5348,2641.4,30.59,1.772,22.5,43.9,4,0
67.9,146.99,502.55,0.3587,0.6957,1975.9,9.34,4.467,17.4,56.7,4,0
77.6,151.56,365.33,0.3205,0.5307,488.2,58.6,1.374,22.7,65.0,4,0
32.79,122.9,233.16,0.3382,0.3267,3256.1,41.69,0.532,11.6,54.3,4,0
20.02,34.36,70.75,0.2126,0.7451,1703.5,11.94,0.869,28.0,64.3,4,0
74.19,159.55,409.16,0.4203,0.1754,1399.0,35.66,0.725,21.3,81.5,4,0
53.4,138.72,380.15,0.3403,0.6173,2277.6,34.84,3.947,32.5,50.6,4,0
35.56,106.24,430.58,0.3722,0.3688,2423.7,8.62,1.907,33.1,56.3,4,0
69.18,160.44,405.78,0.402,0.6597,895.3,41.41,3.699,13.1,76.3,4,0
66.53,182.34,343.71,0.3571,0.7158,2961.9,53.5,1.615,34.9,69.1,4,0
25.1,50.13,195.9,0.2805,0.7687,1156.8,49.94,6.615,34.2,69.6,4,0
39.73,116.62,483.53,0.4714,0.1505,816.1,17.18,12.317,25.7,67.3,4,0
47.93,120.76,377.87,0.2984,0.5585,1541.1,56.74,3.325,30.6,62.2,4,0
34.23,124.01,318.61,0.2515,0.618,2610.8,25.55,5.981,10.5,58.8,4,0
1.26,3.21,12.47,0.3462,0.5523,3386.0,61.79,2.127,34.3,49.9,4,0
10.05,26.23,47.84,0.2365,0.4869,2870.6,9.3,8.183,21.4,46.2,4,0
0.45,1.34,5.74,0.3638,0.1557,3303.1,34.17,5.344,32.7,57.6,4,0
45.83,82.86,342.78,0.3869,0.2365,664.0,40.83,14.403,19.6,69.7,4,0
3.9,7.38,24.13,0.3189,0.3246,434.9,19.86,2.927,29.7,54.8,4,0
38.32,133.18,339.53,0.339,0.679,2040.4,51.28,4.532,20.4,63.4,4,0
79.31,173.17,327.06,0.3237,0.6834,1158.0,42.61,2.348,19.1,65.6,4,0
69.2,222.26,1000.06,0.4799,0.108,2932.6,6.09,0.9,33.7,74.8,4,0
12.43,21.67,83.59,0.2727,0.7915,2417.6,41.5,1.314,27.5,54.8,4,0
1.54,5.48,14.86,0.3633,0.1951,3403.4,34.49,6.733,31.0,66.5,4,0
14.09,55.96,103.65,0.2835,0.501,1040.8,16.76,0.173,23.6,43.9,4,0
4.28,10.42,36.76,0.3326,0.2448,1803.1,64.74,2.686,33.0,45.5,4,0
7.84,21.66,96.71,0.3695,0.7737,1854.1,58.83,1.398,28.5,39.7,4,0
33.24,86.64,321.36,0.3198,0.6474,989.3,22.55,1.467,11.8,58.2,4,0
51.14,191.01,387.0,0.3957,0.1943,2147.3,37.46,6.477,29.2,51.4,4,0
57.36,87.46,252.43,0.3055,0.5447,1662.8,23.99,5.769,10.5,76.7,4,0
21.65,67.83,142.09,0.3196,0.1625,1674.2,51.53,2.74,30.7,65.2,4,0
26.71,83.63,356.49,0.3479,0.4131,1397.0,60.82,0.956,18.3,56.7,4,0
42.4,104.13,280.34,0.3209,0.2839,255.9,26.53,1.936,25.0,54.6,4,0
30.8,63.08,238.45,0.3553,0.2774,1922.9,53.34,1.574,28.7,47.0,4,0
53.77,112.88,229.0,0.2848,0.7619,1306.3,34.9,1.309,25.9,60.5,4,0
44.27,154.99,332.71,0.4126,0.586,204.4,28.79,0.325,26.8,68.3,4,0
24.1,40.13,145.87,0.2749,0.2899,1216.2,61.31,2.35,32.3,50.9,4,0
12.91,37.56,153.13,0.2671,0.251,1119.5,35.62,1.078,19.3,69.1,4,0
70.98,160.93,377.2,0.3623,0.05,1498.4,33.04,3.244,23.7,83.2,4,0
16.36,35.38,103.64,0.302,0.2792,635.1,45.35,1.153,14.4,54.9,4,0
42.45,117.34,407.45,0.3987,0.4684,1875.4,20.67,1.692,21.7,59.0,4,0
14.41,53.95,213.1,0.3466,0.3488,2485.1,24.49,0.161,13.8,49.8,4,0
33.22,101.18,353.73,0.2889,0.5538,2279.6,60.92,14.694,25.8,72.8,4,0
36.01,125.02,257.26,0.4004,0.3795,2852.4,45.71,2.125,18.1,55.6,4,0
37.22,111.73,364.87,0.3586,0.3008,1691.6,54.6,0.1,31.5,68.6,4,1
108.85,353.15,1479.14,0.606,0.7286,1913.0,21.27,2.338,18.6,82.8,4,0
17.73,45.76,189.62,0.4478,0.2554,2874.3,37.63,6.129,17.2,61.0,4,0
54.02,206.1,696.53,0.5027,0.2779,1611.4,63.28,4.443,22.3,59.6,4,1
46.59,128.34,576.06,0.425,0.2916,2515.3,24.12,3.621,14.4,61.3,4,0
16.54,47.63,99.26,0.2511,0.1511,1634.2,14.63,0.451,15.1,54.8,4,0
53.65,150.88,466.57,0.3249,0.2569,1578.5,35.65,3.217,29.6,61.0,4,0
29.4,67.34,262.14,0.4102,0.322,2708.7,28.27,4.361,22.4,68.8,4,0
55.39,115.1,251.02,0.3298,0.701,777.0,14.57,2.549,15.2,60.5,4,0
82.53,139.03,615.42,0.4139,0.5712,1317.3,58.31,6.698,10.8,70.1,4,0
37.28,122.85,338.56,0.31,0.5714,939.8,64.44,0.973,21.7,72.1,4,0
26.48,58.87,161.62,0.3544,0.4192,1385.1,39.11,0.832,28.6,67.3,4,0
59.8,147.88,351.3,0.4269,0.4046,960.2,51.48,6.111,18.8,80.6,4,0
68.42,260.0,670.19,0.5093,0.2188,2112.0,56.54,2.946,16.2,55.3,4,1
11.43,33.32,111.94,0.2998,0.2116,2834.0,47.06,0.1,19.9,55.0,4,1
22.18,38.66,114.4,0.355,0.2671,2795.8,7.65,1.307,34.0,57.4,4,0
50.39,176.33,409.45,0.3766,0.479,1402.9,14.46,5.853,20.6,60.6,4,0
30.21,64.65,257.62,0.3952,0.05,3462.9,9.26,0.1,16.5,61.7,4,0
9.65,27.81,54.73,0.3107,0.2385,2159.7,5.59,0.1,24.2,50.3,4,0
47.03,130.49,528.96,0.3639,0.1383,1518.0,23.36,0.991,30.3,65.4,4,0
50.3,105.38,267.91,0.4192,0.3564,2957.3,28.54,7.36,10.6,92.3,4,0
25.15,45.0,141.25,0.333,0.341,2608.6,19.46,6.952,24.0,60.1,4,0
35.04,71.07,201.05,0.3224,0.1507,2672.6,8.88,2.194,30.9,63.4,4,0
19.09,33.29,111.2,0.331,0.2466,847.3,36.79,2.417,15.4,62.3,4,0
6.13,13.41,52.97,0.2737,0.3214,1745.5,21.4,1.21,33.0,53.3,4,0
21.08,84.18,376.39,0.3955,0.05,3044.0,52.76,0.838,24.4,47.5,4,0
35.36,88.58,232.63,0.3364,0.3134,1863.3,5.48,5.066,22.9,47.4,4,0
3.37,12.33,40.63,0.2683,0.1606,2455.4,55.55,0.337,34.1,50.8,4,0
22.91,65.81,201.27,0.4588,0.5753,2140.2,62.29,2.005,13.2,54.7,4,0
35.7,113.05,508.41,0.3506,0.354,2979.8,47.97,3.019,28.5,45.0,4,0
63.37,119.83,477.42,0.4125,0.2587,1139.1,49.02,0.328,30.5,82.0,4,1
25.69,56.19,161.39,0.3349,0.2011,2099.1,61.01,2.199,22.2,58.6,4,0
2.36,6.55,20.23,0.2527,0.2861,606.7,17.54,2.585,10.2,62.2,4,0
28.27,104.67,257.91,0.3344,0.2617,2477.7,64.67,4.07,23.1,40.6,4,0
31.56,50.72,194.72,0.2716,0.8455,2615.5,51.41,0.803,13.8,71.1,5,0
59.53,164.72,672.42,0.5369,0.7389,341.4,48.59,1.042,24.1,64.0,5,0
37.27,60.66,267.25,0.3397,0.05,2430.1,26.67,2.529,28.5,71.3,5,0
22.04,58.24,193.81,0.3294,0.6552,1568.5,37.75,12.246,23.3,58.3,5,0
138.01,423.99,1530.98,0.7014,0.1958,609.5,44.24,0.736,25.8,95.0,5,1
49.28,165.67,497.73,0.3577,0.1119,1585.7,42.22,12.786,12.6,68.4,5,0
47.95,88.53,304.96,0.4253,0.7039,841.0,47.3,3.759,12.4,61.0,5,0
7.19,13.77,37.75,0.3371,0.1719,1571.3,9.94,5.248,31.3,47.0,5,0
9.11,24.36,92.37,0.2194,0.3646,1468.3,26.34,0.282,11.2,49.8,5,0
43.42,173.48,322.89,0.3456,0.5122,2636.7,31.04,1.072,17.1,51.3,5,0
54.13,129.37,242.8,0.3701,0.4426,2754.9,20.64,0.178,33.4,62.4,5,0
63.27,162.54,606.84,0.4223,0.8344,2203.2,15.36,1.393,21.5,63.4,5,0
51.66,133.33,575.04,0.4162,0.6403,274.9,13.34,11.936,26.9,53.5,5,0
16.07,27.35,95.92,0.2887,0.6722,3272.4,26.98,0.334,15.5,58.5,5,0
16.89,58.03,218.28,0.3077,0.3557,2464.6,34.61,2.479,16.8,55.1,5,0
43.22,92.17,370.94,0.3583,0.1283,312.8,8.78,0.1,22.7,64.9,5,0
32.37,105.5,292.93,0.4563,0.6075,2902.1,61.79,3.742,26.0,65.3,5,0
14.16,38.05,79.59,0.2704,0.8277,860.9,50.91,0.659,34.0,52.3,5,0
66.42,201.22,869.15,0.4486,0.3142,2111.4,48.85,0.416,24.4,62.4,5,1
6.33,10.35,44.86,0.3104,0.8128,1739.9,15.37,1.233,12.4,54.3,5,0
61.15,227.76,681.68,0.3623,0.1812,1585.5,41.23,4.423,19.2,45.0,5,1
10.47,22.08,52.7,0.3321,0.35,3136.1,36.78,0.338,16.1,52.3,5,0
49.07,155.82,655.9,0.3659,0.2719,1643.3,63.95,0.783,16.4,70.8,5,0
69.07,241.4,896.27,0.4237,0.3932,448.6,49.86,0.1,22.6,79.1,5,1
37.27,106.23,193.57,0.2817,0.6533,3323.9,39.55,10.365,17.9,56.9,5,0
87.97,206.14,431.01,0.3036,0.3015,3237.8,56.05,2.691,17.2,58.5,5,1
93.67,369.5,1645.98,0.6904,0.6776,2458.6,14.31,3.818,34.2,57.0,5,0
51.65,113.43,215.85,0.369,0.4332,1744.0,5.91,3.161,24.6,70.6,5,0
59.26,229.42,587.97,0.4629,0.4155,506.4,46.41,0.468,16.5,64.9,5,1
72.24,136.57,448.08,0.4306,0.6101,2809.5,10.9,2.711,16.9,87.8,5,0
59.33,146.73,337.15,0.3586,0.1118,449.1,11.93,0.423,30.3,56.5,5,0
56.65,104.59,253.8,0.3489,0.6631,426.4,49.68,1.539,32.2,69.7,5,0
32.62,49.11,135.2,0.3775,0.2703,1973.4,21.23,2.525,27.0,73.1,5,0
3.54,7.61,19.23,0.3857,0.4077,728.4,42.72,2.455,20.8,52.7,5,0
10.97,18.84,74.79,0.252,0.5865,225.5,60.04,0.38,29.1,40.6,5,0
105.28,417.53,1315.52,0.6874,0.6497,1596.3,23.99,0.105,33.4,100.0,5,1
53.78,183.08,467.28,0.3271,0.4687,652.8,18.03,4.802,14.2,78.8,5,0
39.58,59.73,158.02,0.3083,0.4849,729.7,11.39,3.883,31.5,60.1,5,0
77.3,159.18,303.65,0.364,0.5689,453.8,12.83,0.256,31.2,79.7,5,0
26.98,85.68,165.66,0.3412,0.335,876.8,8.73,0.409,19.2,64.7,5,0
60.3,150.53,562.73,0.51,0.6559,2561.1,10.26,6.693,17.3,73.2,5,0
47.65,170.57,359.03,0.4219,0.3042,2869.5,30.92,4.398,24.1,53.2,5,0
57.22,158.05,487.54,0.4175,0.0864,1693.4,24.25,16.687,16.8,69.8,5,0
37.31,116.94,476.44,0.4464,0.2577,1871.6,47.39,0.879,13.6,72.9,5,0
21.6,64.65,180.69,0.3532,0.2263,307.8,57.21,2.007,33.8,60.5,5,0
25.15,77.85,212.8,0.3085,0.2506,428.7,52.09,0.809,22.3,60.7,5,0
26.12,54.21,225.38,0.3691,0.2702,1050.0,36.84,2.925,21.8,53.5,5,0
45.65,111.07,459.28,0.3946,0.2323,1994.9,11.15,0.368,13.2,56.5,5,0
6.82,11.09,46.31,0.2671,0.5483,2640.5,47.59,0.408,22.6,39.5,5,0
14.54,43.16,144.32,0.3918,0.5841,2196.5,26.77,0.224,28.6,60.4,5,0
49.11,130.05,568.47,0.4102,0.5383,1494.0,10.14,3.548,16.2,63.0,5,0
42.53,144.67,580.32,0.3593,0.345,590.5,55.55,2.044,19.2,52.0,5,0
50.48,101.76,297.36,0.3109,0.6089,2776.6,25.29,2.885,14.5,73.0,5,0
44.59,115.59,404.55,0.4071,0.2106,1400.5,18.09,6.343,18.9,58.7,5,0
108.69,212.16,451.65,0.4422,0.3708,2629.0,57.29,4.045,31.5,75.7,5,1
48.89,148.38,487.95,0.421,0.2039,1892.8,59.13,1.858,15.9,60.7,5,1
36.24,131.21,329.39,0.3898,0.4168,2637.6,25.34,12.473,10.7,59.3,5,0
48.25,164.7,422.56,0.3434,0.361,3194.1,26.29,1.828,23.4,68.1,5,0
71.22,274.94,588.22,0.4215,0.6213,3239.4,39.78,0.358,24.5,64.4,5,1
44.48,174.78,483.63,0.3796,0.6837,1965.9,49.01,14.741,18.2,71.4,5,0
62.84,215.54,668.13,0.423,0.5944,1888.0,8.79,0.1,26.0,72.7,5,0
55.62,123.31,421.85,0.3782,0.1936,1076.7,40.6,2.395,10.9,62.6,5,0
38.46,78.77,206.63,0.3081,0.22,3288.1,62.17,1.109,18.5,60.3,5,1
48.49,127.0,500.25,0.437,0.7568,1711.1,20.73,2.101,13.6,61.2,5,0
85.69,341.47,1094.94,0.4671,0.3492,621.1,59.53,2.454,15.7,76.2,5,1
51.8,131.13,461.95,0.3269,0.7371,1627.9,62.01,0.824,19.6,77.7,5,1
21.07,42.09,107.38,0.2821,0.3133,619.3,21.15,2.442,22.3,52.9,5,0
37.73,145.68,582.46,0.4599,0.8266,1858.4,50.25,4.233,12.3,62.8,5,0
7.14,17.59,61.3,0.3291,0.7649,2052.2,19.33,0.93,12.5,46.6,5,0
49.16,158.64,654.91,0.341,0.4074,1314.6,49.26,1.451,26.9,69.0,5,0
78.52,272.5,608.19,0.4507,0.0585,436.4,52.85,0.937,20.1,75.8,5,0
12.19,43.96,124.32,0.3223,0.4091,3313.6,19.83,5.154,14.4,64.3,5,0
49.46,175.76,369.99,0.3526,0.7886,2752.1,47.95,3.873,15.9,58.2,5,0
70.36,252.62,601.73,0.4075,0.7255,2968.3,53.73,6.148,28.0,76.6,5,1
73.0,231.34,662.87,0.365,0.1862,1410.7,26.51,0.559,11.3,82.0,5,0
77.72,195.03,822.14,0.472,0.3098,2710.7,15.06,0.229,22.7,69.8,5,0
0.99,3.12,10.32,0.2387,0.7016,1801.7,10.52,0.381,19.0,49.3,5,0
58.34,209.56,564.15,0.3946,0.5182,863.6,39.52,0.527,30.3,69.0,5,0
8.08,19.21,73.31,0.2971,0.7209,610.6,63.69,2.285,29.8,50.5,5,0
20.76,46.53,86.24,0.3556,0.6306,1338.7,54.38,10.612,27.2,57.6,5,0
66.25,156.3,437.52,0.3889,0.7078,653.9,31.15,1.326,19.6,75.3,5,0
49.67,142.97,489.27,0.4325,0.1435,3494.3,37.2,9.547,25.8,64.0,5,0
63.88,104.19,351.63,0.3101,0.0558,362.3,21.77,0.117,26.0,68.2,5,1
22.49,77.54,266.78,0.3476,0.1806,1655.8,14.78,7.847,18.3,58.9,5,0
82.56,152.5,361.59,0.3984,0.7322,1691.9,33.92,0.6,32.0,71.6,5,0
62.93,115.29,312.46,0.4242,0.3354,1192.1,32.81,7.307,34.6,66.1,5,0
67.95,135.51,584.75,0.3592,0.0764,2085.5,36.32,0.174,17.9,63.2,5,0
18.72,55.07,243.95,0.3064,0.3203,694.9,62.17,8.882,30.0,55.3,5,0
75.01,166.06,438.81,0.4124,0.3479,2786.9,41.23,0.672,22.5,76.1,5,0
37.82,91.53,324.01,0.445,0.7213,1297.1,41.35,1.082,21.6,59.2,5,0
30.44,116.56,285.75,0.3711,0.68,2151.4,12.68,2.026,19.7,52.9,5,0
61.36,221.99,620.47,0.3678,0.5843,2561.6,64.79,1.438,17.3,67.6,5,1
60.3,218.92,862.4,0.4168,0.05,3133.8,51.37,3.304,33.0,71.3,5,1
24.55,72.28,227.91,0.352,0.7171,2958.1,57.63,11.044,28.5,58.4,5,0
97.13,356.09,1457.79,0.6075,0.1451,2207.4,29.86,2.797,21.0,97.0,5,0
91.08,313.9,1097.89,0.5071,0.4921,1481.7,35.13,3.835,28.8,72.1,5,1
60.85,236.27,826.51,0.4103,0.0941,1860.6,36.33,0.276,28.0,67.1,5,1
56.48,93.81,177.44,0.3903,0.1652,2736.8,16.65,2.965,16.7,73.2,5,0
53.97,84.82,324.38,0.347,0.05,3095.9,46.37,1.815,14.4,60.6,5,0
6.97,13.51,59.97,0.3383,0.4174,542.5,59.18,6.509,30.9,67.5,5,0
48.54,185.56,571.0,0.3248,0.4717,1470.0,14.82,1.474,30.3,64.6,5,0
48.21,145.3,323.75,0.4244,0.05,2761.2,10.18,3.413,34.9,69.0,5,0
31.32,80.35,356.56,0.3366,0.2427,1624.5,49.29,0.777,10.5,59.5,5,0
37.99,105.67,272.99,0.4215,0.5664,1296.4,21.39,0.901,23.5,69.5,5,0
13.81,49.36,143.39,0.3591,0.2429,1557.4,42.43,1.415,27.5,45.6,5,0
18.29,69.91,140.45,0.2565,0.1379,2189.4,46.75,1.087,24.6,68.1,5,0
68.77,228.6,479.88,0.4076,0.3319,3499.4,24.31,0.879,27.8,72.5,5,0
89.0,302.57,721.54,0.5262,0.6899,1826.9,53.91,0.153,13.4,82.0,5,1
22.14,50.93,167.11,0.3033,0.302,888.0,38.0,5.437,10.0,50.7,5,0
50.29,134.16,443.53,0.471,0.7322,737.4,57.14,0.199,12.3,67.8,5,1
73.18,271.72,933.87,0.5048,0.3654,339.8,50.8,6.551,19.5,64.2,5,0
32.72,113.35,382.72,0.4431,0.4154,2044.1,57.11,0.402,18.2,69.2,5,1
62.63,201.08,630.8,0.4333,0.13,1997.1,6.21,0.202,31.9,58.5,5,0
44.88,74.63,295.97,0.3526,0.5739,877.3,19.61,2.483,12.1,64.7,5,0
75.48,120.68,521.51,0.4955,0.1736,2494.6,10.4,2.094,21.1,69.5,5,0
13.66,24.94,63.06,0.3486,0.5728,2645.7,31.52,2.027,33.9,41.6,5,0
18.11,53.48,115.06,0.3111,0.2635,1055.0,58.4,2.564,22.6,47.9,5,0
52.71,149.75,441.41,0.4089,0.3223,1335.5,33.05,1.015,13.3,69.4,5,0
48.13,185.61,347.34,0.3408,0.7344,3468.6,55.98,3.263,17.3,57.3,5,0
44.31,143.44,600.27,0.4247,0.6336,1435.1,24.63,2.094,25.7,57.9,5,0
60.12,134.36,328.8,0.4251,0.3262,2710.6,25.37,1.223,10.3,71.0,5,0
22.45,42.75,140.35,0.3198,0.4919,1694.0,58.73,5.255,34.2,64.1,5,0
11.48,41.62,87.85,0.2737,0.6285,2818.0,30.55,3.903,24.2,58.7,5,0
33.22,88.0,289.84,0.3092,0.0974,2737.8,52.39,1.501,27.6,59.6,5,0
63.03,197.51,376.3,0.3784,0.4228,2403.6,19.2,5.644,22.5,70.6,6,0
65.64,191.2,741.05,0.4069,0.1105,3020.8,61.93,7.587,33.9,70.6,6,0
104.46,184.75,809.15,0.3891,0.3371,3299.4,39.47,2.309,24.7,73.0,6,0
91.99,151.11,397.25,0.319,0.6292,2113.9,50.56,0.726,26.5,79.8,6,0
86.06,210.22,524.95,0.4631,0.1585,983.6,10.37,7.423,31.5,67.5,6,0
78.28,188.18,566.36,0.4054,0.05,1515.5,34.56,0.63,31.5,78.4,6,1
61.88,197.05,684.55,0.4389,0.2295,2702.4,59.06,0.149,10.7,69.6,6,1
51.39,158.29,365.69,0.3243,0.8449,2347.9,57.62,1.19,17.1,48.1,6,0
42.8,167.9,666.37,0.4033,0.6764,786.7,7.81,3.894,16.2,70.7,6,0
55.37,201.84,471.51,0.363,0.1162,369.1,23.22,7.703,10.2,62.4,6,0
71.66,196.45,356.52,0.357,0.4582,2453.8,31.6,3.042,31.9,66.7,6,0
43.86,120.62,387.84,0.2941,0.169,1028.6,15.34,9.1,17.9,70.8,6,0
